order_date,city,restaurant_category,cuisine,order_value,discount_percent,delivery_time_min,rating,profit_per_order
2023-01-01,Karachi,Fine Dining,Continental,2768.0,25.0,36.2,4.5,95.0
2023-01-01,Karachi,Fine Dining,Steakhouse,4979.0,44.8,23.3,4.8,-437.0
2023-01-01,Karachi,Cloud Kitchen,Indian,4008.0,11.9,39.6,4.2,618.0
2023-01-01,Islamabad,Fine Dining,Steakhouse,3260.0,8.3,35.8,4.5,423.0
2023-01-01,Karachi,Fast Food,Pizza,435.0,13.5,29.4,4.8,53.0
2023-01-01,Islamabad,Dessert,Sweets,701.0,14.7,35.8,4.2,78.0
2023-01-01,Lahore,Dessert,Ice Cream,339.0,20.4,39.0,4.6,-112.0
2023-01-01,Faisalabad,Fast Food,Sandwiches,748.0,15.8,30.4,4.3,53.0
2023-01-02,Lahore,Cafe,Sandwiches,562.0,6.5,29.5,4.8,69.0
2023-01-02,Multan,Dessert,Cakes,150.0,28.7,49.7,4.2,-158.0
2023-01-02,Karachi,Fine Dining,Fusion,1541.0,12.0,46.9,4.5,219.0
2023-01-02,Karachi,Fine Dining,Continental,3861.0,12.5,19.6,4.9,482.0
2023-01-02,Faisalabad,Fast Food,Fried Chicken,266.0,8.2,25.0,4.8,11.0
2023-01-03,Lahore,Cloud Kitchen,Italian,1844.0,11.5,28.0,4.6,275.0
2023-01-03,Karachi,Fine Dining,Steakhouse,3381.0,11.9,29.3,4.4,412.0
2023-01-03,Lahore,Dessert,Cakes,420.0,10.6,31.5,4.5,30.0
2023-01-03,Lahore,Cloud Kitchen,Biryani,1861.0,34.4,42.5,4.3,-16.0
2023-01-03,Karachi,Cafe,Coffee & Snacks,647.0,6.1,37.5,3.8,122.0
2023-01-03,Karachi,Dessert,Sweets,606.0,24.5,46.3,4.6,68.0
2023-01-03,Lahore,Cloud Kitchen,Biryani,1724.0,2.2,14.0,4.0,330.0
2023-01-03,Lahore,Fast Food,Burgers,730.0,10.6,23.4,4.3,143.0
2023-01-03,Lahore,Cloud Kitchen,Chinese,2326.0,11.1,39.6,4.0,346.0
2023-01-03,Faisalabad,Fine Dining,Continental,3286.0,9.2,36.0,4.0,435.0
2023-01-03,Karachi,Cafe,Sandwiches,450.0,8.5,24.5,4.6,2.0
2023-01-03,Faisalabad,Dessert,Ice Cream,714.0,23.1,50.9,3.9,38.0
2023-01-03,Lahore,Cafe,Bakery,676.0,19.0,32.2,4.4,89.0
2023-01-03,Karachi,Dessert,Sweets,455.0,5.1,47.5,4.2,50.0
2023-01-04,Lahore,Fast Food,Sandwiches,697.0,14.8,31.0,4.7,95.0
2023-01-04,Islamabad,Fast Food,Burgers,801.0,21.6,21.4,4.2,46.0
2023-01-04,Karachi,Cafe,Bakery,1550.0,12.1,22.1,5.0,300.0
2023-01-04,Islamabad,Fast Food,Pizza,518.0,7.8,36.8,4.6,93.0
2023-01-05,Karachi,Fast Food,Burgers,573.0,5.3,26.2,4.8,85.0
2023-01-05,Karachi,Fast Food,Burgers,458.0,5.9,24.3,4.8,45.0
2023-01-05,Karachi,Cloud Kitchen,Biryani,1222.0,18.6,32.3,3.9,122.0
2023-01-05,Islamabad,Cloud Kitchen,Italian,852.0,15.5,41.7,4.2,62.0
2023-01-05,Faisalabad,Fast Food,Pizza,507.0,7.9,20.5,5.0,140.0
2023-01-05,Karachi,Fast Food,Burgers,807.0,5.0,37.7,4.8,140.0
2023-01-05,Multan,Fast Food,Fried Chicken,785.0,20.7,37.7,4.5,21.0
2023-01-05,Lahore,Cafe,Coffee & Snacks,535.0,16.7,24.0,4.0,15.0
2023-01-05,Lahore,Fast Food,Fried Chicken,1112.0,38.8,36.7,4.9,-15.0
2023-01-05,Islamabad,Fine Dining,Seafood,4297.0,14.4,32.0,4.5,475.0
2023-01-06,Karachi,Fast Food,Fried Chicken,1794.0,5.5,38.0,4.6,413.0
2023-01-06,Islamabad,Cloud Kitchen,Italian,3918.0,14.2,26.9,4.3,555.0
2023-01-06,Islamabad,Cafe,Bakery,423.0,25.2,33.6,5.0,30.0
2023-01-06,Multan,Dessert,Ice Cream,489.0,10.3,37.0,4.8,34.0
2023-01-06,Multan,Fast Food,Burgers,531.0,1.6,35.1,4.5,120.0
2023-01-06,Islamabad,Fast Food,Pizza,455.0,4.8,30.7,4.7,47.0
2023-01-07,Lahore,Cafe,Sandwiches,435.0,25.8,38.3,4.7,10.0
2023-01-07,Lahore,Fine Dining,Seafood,2357.0,8.2,88.8,4.7,255.0
2023-01-07,Faisalabad,Cloud Kitchen,Indian,2145.0,13.5,33.7,4.8,331.0
2023-01-07,Lahore,Fast Food,Fried Chicken,531.0,6.8,27.2,4.6,11.0
2023-01-07,Karachi,Fine Dining,Fusion,1623.0,11.0,25.3,4.2,211.0
2023-01-08,Lahore,Dessert,Ice Cream,341.0,14.8,27.7,4.9,43.0
2023-01-08,Islamabad,Fast Food,Burgers,522.0,16.4,105.0,3.0,-6.0
2023-01-08,Lahore,Cafe,Breakfast,381.0,7.7,27.5,5.0,41.0
2023-01-08,Lahore,Fast Food,Burgers,239.0,2.5,22.8,5.0,-35.0
2023-01-08,Islamabad,Cloud Kitchen,Italian,702.0,4.1,33.7,4.6,79.0
2023-01-09,Islamabad,Cafe,Sandwiches,403.0,26.5,21.5,5.0,21.0
2023-01-09,Lahore,Fast Food,Pizza,847.0,5.0,27.9,5.0,163.0
2023-01-09,Lahore,Cafe,Bakery,494.0,4.3,20.2,4.8,74.0
2023-01-09,Lahore,Cafe,Coffee & Snacks,13731.144318588968,4.7,36.4,3.8,-5014.271363943467
2023-01-10,Faisalabad,Cafe,Breakfast,1098.0,22.3,40.4,4.4,127.0
2023-01-10,Karachi,Fast Food,Sandwiches,523.0,33.7,32.0,4.7,48.0
2023-01-10,Faisalabad,Cafe,Breakfast,531.0,17.5,26.7,4.7,7.0
2023-01-10,Karachi,Cafe,Breakfast,742.0,24.8,21.0,5.0,63.0
2023-01-10,Lahore,Dessert,Cakes,463.0,6.0,29.2,4.4,78.0
2023-01-10,Multan,Cafe,Breakfast,441.0,8.9,20.0,5.0,10.0
2023-01-10,Faisalabad,Dessert,Cakes,179.0,27.3,28.8,5.0,-48.0
2023-01-10,Karachi,Cafe,Bakery,692.0,0.9,44.2,4.5,115.0
2023-01-11,Lahore,Cloud Kitchen,Italian,1554.0,6.4,25.1,5.0,245.0
2023-01-11,Karachi,Fast Food,Fried Chicken,303.0,12.7,36.7,4.4,-32.0
2023-01-11,Karachi,Cafe,Bakery,596.0,6.3,25.6,5.0,60.0
2023-01-11,Karachi,Cafe,Breakfast,577.0,6.4,23.2,4.5,163.0
2023-01-11,Faisalabad,Dessert,Ice Cream,445.0,35.2,31.3,4.3,-10.0
2023-01-12,Karachi,Fine Dining,Continental,2593.0,2.9,28.2,4.6,446.0
2023-01-12,Lahore,Cloud Kitchen,Italian,2027.0,10.0,43.1,4.6,296.0
2023-01-12,Multan,Cafe,Coffee & Snacks,1008.0,15.3,41.5,4.7,88.0
2023-01-12,Faisalabad,Cloud Kitchen,Italian,1691.0,2.6,42.5,4.2,331.0
2023-01-12,Karachi,Cafe,Coffee & Snacks,782.0,1.2,32.9,4.3,117.0
2023-01-12,Lahore,Cloud Kitchen,Biryani,2208.0,11.9,36.6,4.1,243.0
2023-01-12,Islamabad,Cloud Kitchen,Indian,1055.0,8.0,24.2,4.4,112.0
2023-01-13,Islamabad,Fast Food,Pizza,534.0,14.8,10.0,5.0,35.0
2023-01-13,Karachi,Dessert,Bakery,169.0,9.1,30.8,4.7,-41.0
2023-01-13,Islamabad,Cafe,Bakery,553.0,14.0,47.4,4.6,8.0
2023-01-13,Karachi,Cafe,Coffee & Snacks,922.0,42.1,20.7,4.8,-39.0
2023-01-13,Lahore,Cloud Kitchen,Indian,2191.0,8.9,28.2,4.5,378.0
2023-01-13,Islamabad,Fast Food,Sandwiches,389.0,15.7,32.6,4.5,34.0
2023-01-13,Lahore,Cafe,Bakery,305.0,0.8,45.6,4.0,91.0
2023-01-13,Faisalabad,Cloud Kitchen,Chinese,2817.0,12.7,27.4,4.3,374.0
2023-01-13,Faisalabad,Cloud Kitchen,Chinese,955.0,13.8,28.7,4.6,155.0
2023-01-13,Multan,Cloud Kitchen,Indian,586.0,25.5,26.5,4.3,1.0
2023-01-13,Lahore,Fast Food,Fried Chicken,559.0,27.8,41.3,4.5,-61.0
2023-01-13,Karachi,Fast Food,Sandwiches,1289.0,14.9,23.9,4.7,162.0
2023-01-14,Faisalabad,Cloud Kitchen,Chinese,2623.0,13.2,27.0,4.5,330.0
2023-01-14,Karachi,Fine Dining,Seafood,1786.0,8.5,28.9,5.0,255.0
2023-01-14,Lahore,Fast Food,Fried Chicken,1216.0,20.9,35.6,4.2,121.0
2023-01-14,Lahore,Cloud Kitchen,Indian,1118.0,2.4,27.1,4.9,256.0
2023-01-14,Islamabad,Dessert,Bakery,429.0,9.3,36.2,4.6,35.0
2023-01-14,Lahore,Dessert,Cakes,281.0,15.0,32.3,4.5,2.0
2023-01-14,Multan,Fine Dining,Steakhouse,2457.0,17.4,44.6,4.6,203.0
2023-01-14,Karachi,Fast Food,Burgers,1049.0,12.6,22.4,4.7,193.0
2023-01-14,Multan,Cloud Kitchen,Indian,1197.0,1.8,102.9,2.4,171.0
2023-01-15,Islamabad,Cloud Kitchen,Chinese,2184.0,28.8,37.1,4.9,50.0
2023-01-15,Multan,Dessert,Sweets,716.0,7.5,37.0,4.1,145.0
2023-01-15,Karachi,Fine Dining,Continental,3085.0,1.9,43.2,4.2,550.0
2023-01-15,Islamabad,Cloud Kitchen,Biryani,696.0,4.4,27.8,4.6,136.0
2023-01-15,Karachi,Cafe,Coffee & Snacks,694.0,9.1,34.6,4.5,130.0
2023-01-15,Lahore,Fine Dining,Continental,3231.0,15.8,25.0,4.8,344.0
2023-01-16,Islamabad,Fast Food,Sandwiches,813.0,26.4,44.4,4.4,56.0
2023-01-16,Faisalabad,Fast Food,Sandwiches,816.0,5.1,29.6,4.8,106.0
2023-01-17,Karachi,Cafe,Sandwiches,491.0,9.7,23.9,4.6,71.0
2023-01-17,Karachi,Fast Food,Pizza,993.0,33.5,25.7,4.2,-32.0
2023-01-17,Karachi,Dessert,Bakery,516.0,8.5,19.0,4.8,98.0
2023-01-17,Karachi,Fast Food,Burgers,495.0,24.3,29.4,4.5,-42.0
2023-01-17,Lahore,Dessert,Bakery,657.0,18.1,29.2,4.9,93.0
2023-01-17,Lahore,Fast Food,Pizza,365.0,3.7,45.1,3.7,77.0
2023-01-17,Karachi,Fast Food,Pizza,698.0,2.3,28.4,4.3,107.0
2023-01-17,Islamabad,Cafe,Breakfast,601.0,16.5,26.7,4.4,8.0
2023-01-17,Multan,Fine Dining,Steakhouse,1448.0,4.4,43.6,4.0,160.0
2023-01-18,Multan,Fast Food,Pizza,1112.0,45.0,31.5,4.8,-63.0
2023-01-18,Lahore,Cloud Kitchen,Chinese,620.0,6.9,47.6,4.2,12.0
2023-01-18,Karachi,Fast Food,Fried Chicken,707.0,19.1,21.1,5.0,86.0
2023-01-18,Lahore,Fine Dining,Seafood,3654.0,35.9,26.2,4.6,-99.0
2023-01-18,Faisalabad,Fast Food,Burgers,501.0,29.6,49.7,3.9,-97.0
2023-01-18,Lahore,Fast Food,Sandwiches,537.0,2.2,31.3,4.0,66.0
2023-01-18,Islamabad,Cloud Kitchen,Biryani,1451.0,27.2,26.2,4.5,76.0
2023-01-18,Lahore,Dessert,Ice Cream,366.0,26.6,37.1,4.8,-45.0
2023-01-19,Lahore,Dessert,Bakery,270.0,28.5,32.7,4.7,-4.0
2023-01-20,Karachi,Cafe,Coffee & Snacks,150.0,12.8,28.2,4.7,33.0
2023-01-20,Faisalabad,Cafe,Bakery,343.0,4.6,32.6,4.2,-16.0
2023-01-20,Karachi,Fine Dining,Seafood,3419.0,8.4,20.4,4.3,462.0
2023-01-20,Multan,Cloud Kitchen,Chinese,1009.0,9.8,17.7,5.0,145.0
2023-01-20,Karachi,Dessert,Cakes,667.0,5.3,37.0,4.0,74.0
2023-01-20,Islamabad,Cloud Kitchen,Italian,1280.0,11.0,37.9,4.6,114.0
2023-01-20,Lahore,Cafe,Sandwiches,681.0,16.5,33.9,4.1,29.0
2023-01-20,Lahore,Fine Dining,Continental,2293.0,5.8,23.3,4.1,430.0
2023-01-20,Lahore,Fast Food,Fried Chicken,656.0,4.9,28.2,4.8,60.0
2023-01-20,Lahore,Cafe,Bakery,541.0,28.3,25.4,4.4,61.0
2023-01-20,Lahore,Dessert,Sweets,504.0,5.9,53.5,4.4,117.0
2023-01-21,Karachi,Cloud Kitchen,Biryani,1143.0,17.0,35.3,4.7,34.0
2023-01-21,Islamabad,Fast Food,Sandwiches,924.0,5.9,27.8,4.2,139.0
2023-01-21,Lahore,Cloud Kitchen,Indian,878.0,4.6,38.3,4.2,164.0
2023-01-21,Islamabad,Cafe,Coffee & Snacks,942.0,12.0,37.2,4.5,88.0
2023-01-21,Lahore,Cafe,Sandwiches,341.0,10.5,79.5,5.0,-58.0
2023-01-21,Islamabad,Cafe,Sandwiches,497.0,7.0,13.1,4.9,86.0
2023-01-22,Multan,Cafe,Sandwiches,520.0,13.2,31.6,5.0,24.0
2023-01-22,Lahore,Fast Food,Pizza,414.0,6.2,29.5,5.0,-65.0
2023-01-22,Multan,Fast Food,Sandwiches,501.0,27.3,34.0,4.5,35.0
2023-01-22,Karachi,Fine Dining,Steakhouse,739.0,3.0,25.9,4.8,68.0
2023-01-22,Lahore,Fast Food,Pizza,322.0,9.7,82.8,4.8,-23.0
2023-01-22,Karachi,Cloud Kitchen,Italian,4324.0,7.5,24.8,4.2,838.0
2023-01-23,Karachi,Cloud Kitchen,Italian,1329.0,7.5,17.9,5.0,177.0
2023-01-23,Multan,Cafe,Coffee & Snacks,306.0,7.7,43.1,4.1,6.0
2023-01-23,Lahore,Cloud Kitchen,Indian,1172.0,11.4,27.1,4.6,194.0
2023-01-23,Lahore,Fine Dining,Steakhouse,894.0,10.4,26.8,4.8,59.0
2023-01-23,Lahore,Cafe,Coffee & Snacks,473.0,3.3,29.2,5.0,69.0
2023-01-23,Faisalabad,Fast Food,Burgers,749.0,8.4,36.4,4.9,70.0
2023-01-23,Lahore,Fast Food,Pizza,483.0,17.3,32.2,4.6,-25.0
2023-01-23,Karachi,Fast Food,Fried Chicken,583.0,24.2,25.3,4.9,-31.0
2023-01-23,Karachi,Fast Food,Burgers,882.0,34.7,21.8,5.0,-20.0
2023-01-24,Faisalabad,Cafe,Breakfast,709.0,27.7,24.8,4.7,16.0
2023-01-24,Lahore,Cloud Kitchen,Italian,610.0,3.4,28.8,5.0,25.0
2023-01-24,Islamabad,Dessert,Bakery,1371.0,27.9,29.0,4.4,149.0
2023-01-24,Karachi,Cloud Kitchen,Chinese,2812.0,15.0,22.9,4.6,345.0
2023-01-24,Lahore,Fine Dining,Fusion,2563.0,4.6,33.0,4.0,442.0
2023-01-24,Lahore,Cafe,Breakfast,776.0,19.9,24.7,5.0,29.0
2023-01-24,Multan,Cloud Kitchen,Indian,723.0,19.4,28.8,4.6,38.0
2023-01-24,Islamabad,Fine Dining,Steakhouse,1956.0,35.5,52.0,4.0,-141.0
2023-01-25,Multan,Fast Food,Pizza,403.0,2.6,22.1,4.5,78.0
2023-01-25,Karachi,Fine Dining,Continental,2499.0,2.8,14.9,5.0,502.0
2023-01-25,Islamabad,Cloud Kitchen,Biryani,1519.0,13.3,32.3,4.6,147.0
2023-01-25,Islamabad,Fast Food,Burgers,779.0,14.6,19.2,5.0,81.0
2023-01-25,Lahore,Fast Food,Pizza,522.0,24.4,31.5,4.2,-93.0
2023-01-25,Karachi,Fine Dining,Steakhouse,6086.0,10.7,38.0,4.9,827.0
2023-01-25,Multan,Fine Dining,Steakhouse,2249.0,7.8,30.1,4.3,354.0
2023-01-25,Islamabad,Fast Food,Fried Chicken,552.0,10.0,26.2,4.6,48.0
2023-01-25,Islamabad,Cloud Kitchen,Indian,10333.616927901778,7.8,29.0,4.9,-5141.407519263499
2023-01-26,Karachi,Fast Food,Burgers,614.0,19.3,31.4,4.3,41.0
2023-01-26,Lahore,Fast Food,Burgers,377.0,5.6,32.5,4.7,-1.0
2023-01-26,Karachi,Fast Food,Fried Chicken,546.0,6.2,38.1,4.6,23.0
2023-01-26,Islamabad,Fast Food,Sandwiches,1248.0,11.6,25.2,4.6,224.0
2023-01-26,Multan,Fast Food,Pizza,1540.0,13.2,25.4,5.0,209.0
2023-01-26,Karachi,Cafe,Coffee & Snacks,695.0,2.8,32.8,4.0,112.0
2023-01-26,Karachi,Cafe,Coffee & Snacks,253.0,18.2,33.8,4.6,-23.0
2023-01-26,Karachi,Cloud Kitchen,Biryani,1331.0,11.6,34.2,4.4,144.0
2023-01-27,Lahore,Cloud Kitchen,Chinese,2427.0,2.6,39.2,4.5,487.0
2023-01-27,Islamabad,Fine Dining,Seafood,2526.0,5.8,27.0,4.5,365.0
2023-01-27,Karachi,Fine Dining,Seafood,2457.0,12.3,25.3,4.8,307.0
2023-01-27,Lahore,Dessert,Bakery,698.0,0.7,25.0,5.0,176.0
2023-01-27,Karachi,Cloud Kitchen,Italian,795.0,4.7,48.5,4.2,96.0
2023-01-28,Lahore,Fast Food,Sandwiches,463.0,25.4,31.7,4.5,-58.0
2023-01-28,Karachi,Fine Dining,Fusion,2082.0,9.4,42.4,4.7,281.0
2023-01-28,Lahore,Cloud Kitchen,Chinese,1743.0,12.6,32.1,4.9,223.0
2023-01-28,Karachi,Fast Food,Pizza,959.0,3.1,29.6,5.0,138.0
2023-01-28,Karachi,Cloud Kitchen,Chinese,920.0,17.6,32.7,4.5,46.0
2023-01-28,Lahore,Fine Dining,Steakhouse,5938.0,16.2,95.0,4.4,535.0
2023-01-28,Islamabad,Cloud Kitchen,Indian,1636.0,21.2,37.3,4.5,114.0
2023-01-28,Islamabad,Cloud Kitchen,Chinese,1654.0,1.6,33.3,4.5,346.0
2023-01-28,Lahore,Fast Food,Sandwiches,1065.0,2.2,31.5,4.3,206.0
2023-01-29,Karachi,Dessert,Bakery,738.0,15.4,43.2,4.9,97.0
2023-01-29,Karachi,Cloud Kitchen,Biryani,1064.0,15.2,34.7,4.8,75.0
2023-01-29,Lahore,Fast Food,Sandwiches,505.0,15.3,43.8,4.1,11.0
2023-01-29,Karachi,Cloud Kitchen,Biryani,2729.0,8.4,33.1,4.6,480.0
2023-01-29,Lahore,Fast Food,Pizza,896.0,1.6,27.1,4.6,221.0
2023-01-29,Islamabad,Fast Food,Burgers,564.0,15.5,49.0,4.0,66.0
2023-01-29,Islamabad,Cloud Kitchen,Italian,1201.0,10.8,40.9,4.5,115.0
2023-01-29,Faisalabad,Cafe,Sandwiches,366.0,12.0,43.8,4.5,27.0
2023-01-29,Faisalabad,Cloud Kitchen,Chinese,964.0,35.0,39.2,4.2,-80.0
2023-01-30,Lahore,Cloud Kitchen,Chinese,9539.645394693795,11.2,31.6,4.6,-5054.992346699844
2023-01-30,Lahore,Fast Food,Fried Chicken,307.0,18.3,26.3,4.2,14.0
2023-01-30,Faisalabad,Fast Food,Pizza,1136.0,13.6,31.9,4.0,169.0
2023-01-30,Islamabad,Fine Dining,Seafood,2876.0,19.7,25.2,4.7,144.0
2023-01-31,Lahore,Cloud Kitchen,Biryani,1204.0,4.8,54.8,4.7,202.0
2023-01-31,Lahore,Fast Food,Fried Chicken,1095.0,5.0,29.7,5.0,194.0
2023-01-31,Islamabad,Cloud Kitchen,Biryani,1911.0,8.5,30.7,4.9,281.0
2023-01-31,Multan,Dessert,Bakery,464.0,27.0,36.9,4.4,-38.0
2023-01-31,Karachi,Cafe,Breakfast,868.0,1.5,25.1,4.7,145.0
2023-01-31,Lahore,Fine Dining,Seafood,956.0,2.8,30.3,4.8,176.0
2023-01-31,Faisalabad,Fast Food,Pizza,492.0,11.9,30.5,4.7,19.0
2023-01-31,Islamabad,Fast Food,Burgers,506.0,2.8,25.5,5.0,55.0
2023-01-31,Lahore,Fast Food,Fried Chicken,15759.39254907516,14.6,39.5,4.1,-4685.768174419257
2023-02-01,Lahore,Fast Food,Sandwiches,1257.0,3.4,22.2,4.8,308.0
2023-02-01,Karachi,Dessert,Ice Cream,273.0,4.7,31.8,4.4,40.0
2023-02-01,Lahore,Cafe,Bakery,830.0,1.3,33.5,4.5,211.0
2023-02-01,Karachi,Dessert,Cakes,233.0,12.0,27.9,4.3,16.0
2023-02-01,Karachi,Cafe,Coffee & Snacks,550.0,6.4,30.8,4.5,20.0
2023-02-01,Lahore,Cafe,Sandwiches,711.0,10.7,26.8,4.9,125.0
2023-02-01,Karachi,Cloud Kitchen,Italian,802.0,9.3,28.1,4.7,120.0
2023-02-01,Lahore,Cloud Kitchen,Italian,1281.0,5.6,27.2,4.6,208.0
2023-02-01,Lahore,Cloud Kitchen,Biryani,703.0,11.2,37.8,3.7,77.0
2023-02-02,Karachi,Cloud Kitchen,Chinese,1037.0,3.5,40.4,4.1,164.0
2023-02-02,Faisalabad,Cloud Kitchen,Italian,1168.0,19.7,32.2,4.5,-2.0
2023-02-02,Islamabad,Cloud Kitchen,Italian,1078.0,17.8,45.7,4.9,71.0
2023-02-02,Islamabad,Fast Food,Burgers,809.0,20.2,18.9,4.3,54.0
2023-02-02,Multan,Fast Food,Burgers,466.0,9.2,48.9,4.0,-36.0
2023-02-02,Islamabad,Cloud Kitchen,Chinese,1194.0,8.8,26.1,4.8,141.0
2023-02-03,Islamabad,Cloud Kitchen,Italian,1008.0,12.5,45.1,4.2,80.0
2023-02-03,Islamabad,Fast Food,Fried Chicken,568.0,13.3,33.6,3.3,47.0
2023-02-03,Islamabad,Fine Dining,Seafood,1369.0,3.4,38.6,4.4,135.0
2023-02-03,Multan,Cafe,Bakery,433.0,12.0,29.2,5.0,-1.0
2023-02-03,Karachi,Dessert,Sweets,1050.0,16.9,45.9,4.1,190.0
2023-02-03,Islamabad,Cloud Kitchen,Italian,1341.0,5.1,30.9,4.4,234.0
2023-02-03,Karachi,Dessert,Ice Cream,636.0,12.8,44.4,4.6,95.0
2023-02-03,Karachi,Fast Food,Fried Chicken,564.0,6.6,31.2,4.9,66.0
2023-02-03,Multan,Dessert,Bakery,588.0,6.3,38.8,4.6,117.0
2023-02-03,Lahore,Fast Food,Fried Chicken,1110.0,7.7,22.1,4.7,188.0
2023-02-04,Lahore,Cafe,Coffee & Snacks,658.0,16.8,37.6,4.0,35.0
2023-02-04,Karachi,Fine Dining,Seafood,3612.0,4.3,29.9,4.6,617.0
2023-02-04,Lahore,Cloud Kitchen,Chinese,2454.0,19.7,36.4,3.7,171.0
2023-02-04,Faisalabad,Dessert,Bakery,225.0,6.2,120.8,4.5,-105.0
2023-02-05,Lahore,Cloud Kitchen,Italian,1696.0,7.0,33.5,4.2,284.0
2023-02-05,Faisalabad,Cloud Kitchen,Indian,1532.0,3.3,41.1,4.3,304.0
2023-02-05,Faisalabad,Cloud Kitchen,Biryani,1139.0,10.4,27.6,4.9,139.0
2023-02-05,Karachi,Cloud Kitchen,Chinese,1274.0,2.0,26.7,4.3,223.0
2023-02-05,Karachi,Cafe,Sandwiches,1217.0,10.4,42.7,4.2,217.0
2023-02-06,Lahore,Dessert,Sweets,394.0,28.4,39.4,4.5,-25.0
2023-02-06,Lahore,Dessert,Bakery,464.0,17.5,15.0,5.0,57.0
2023-02-06,Lahore,Cloud Kitchen,Biryani,712.0,25.7,37.0,4.2,-71.0
2023-02-06,Islamabad,Fine Dining,Fusion,1362.0,11.9,28.7,4.3,125.0
2023-02-06,Karachi,Cafe,Bakery,298.0,18.7,35.7,4.4,-35.0
2023-02-06,Karachi,Dessert,Cakes,200.0,2.2,29.1,4.6,-26.0
2023-02-06,Faisalabad,Fast Food,Sandwiches,575.0,20.5,36.9,4.6,-42.0
2023-02-06,Faisalabad,Cloud Kitchen,Biryani,1528.0,0.9,24.5,4.7,333.0
2023-02-07,Islamabad,Cafe,Bakery,231.0,3.2,22.4,4.6,47.0
2023-02-07,Karachi,Fast Food,Burgers,528.0,15.2,23.0,5.0,18.0
2023-02-07,Karachi,Fast Food,Sandwiches,686.0,18.4,38.5,4.5,41.0
2023-02-07,Islamabad,Cloud Kitchen,Indian,854.0,13.5,98.8,4.3,12.0
2023-02-07,Islamabad,Fast Food,Fried Chicken,450.0,3.7,47.6,4.3,62.0
2023-02-07,Faisalabad,Fast Food,Burgers,1314.0,21.9,36.2,4.9,187.0
2023-02-07,Islamabad,Fast Food,Pizza,252.0,13.7,27.4,4.2,-8.0
2023-02-08,Multan,Fast Food,Burgers,478.0,14.2,36.8,4.4,29.0
2023-02-08,Multan,Dessert,Bakery,217.0,16.0,37.1,4.5,-11.0
2023-02-08,Lahore,Cloud Kitchen,Biryani,1476.0,4.7,44.4,4.3,271.0
2023-02-08,Karachi,Cloud Kitchen,Chinese,1264.0,22.9,14.3,5.0,22.0
2023-02-08,Lahore,Cloud Kitchen,Italian,798.0,24.1,34.6,4.5,-31.0
2023-02-08,Karachi,Cloud Kitchen,Italian,1825.0,28.2,25.3,4.8,90.0
2023-02-09,Multan,Cloud Kitchen,Italian,478.0,10.8,37.2,4.5,16.0
2023-02-09,Karachi,Fast Food,Fried Chicken,1050.0,8.4,38.1,4.4,142.0
2023-02-09,Karachi,Cloud Kitchen,Biryani,450.0,6.2,26.4,4.6,-40.0
2023-02-09,Islamabad,Fine Dining,Fusion,2892.0,25.8,26.8,4.8,98.0
2023-02-09,Karachi,Dessert,Cakes,389.0,15.5,35.6,4.6,111.0
2023-02-09,Lahore,Fast Food,Burgers,1242.0,11.5,35.5,4.7,209.0
2023-02-09,Lahore,Fast Food,Burgers,425.0,16.3,29.2,5.0,16.0
2023-02-09,Islamabad,Dessert,Cakes,432.0,18.6,17.3,4.5,14.0
2023-02-09,Islamabad,Cafe,Coffee & Snacks,817.0,20.4,28.4,4.4,70.0
2023-02-09,Lahore,Cloud Kitchen,Italian,1118.0,15.9,31.4,4.1,94.0
2023-02-10,Lahore,Fast Food,Burgers,768.0,14.3,21.9,3.9,80.0
2023-02-10,Lahore,Dessert,Ice Cream,366.0,5.1,36.0,4.2,46.0
2023-02-10,Islamabad,Fast Food,Burgers,364.0,7.9,19.1,4.7,31.0
2023-02-10,Lahore,Cafe,Bakery,268.0,12.7,40.9,4.8,-12.0
2023-02-10,Islamabad,Fast Food,Pizza,213.0,35.8,33.6,4.3,-50.0
2023-02-11,Karachi,Cafe,Coffee & Snacks,806.0,23.4,19.4,4.5,93.0
2023-02-11,Karachi,Cloud Kitchen,Italian,1421.0,11.0,34.3,4.1,168.0
2023-02-11,Lahore,Cloud Kitchen,Chinese,1399.0,12.5,39.2,4.6,130.0
2023-02-11,Lahore,Cafe,Sandwiches,346.0,25.5,14.5,5.0,-22.0
2023-02-12,Karachi,Cloud Kitchen,Biryani,2462.0,12.8,29.6,4.9,352.0
2023-02-12,Lahore,Fast Food,Sandwiches,650.0,10.3,34.7,4.8,30.0
2023-02-12,Karachi,Cloud Kitchen,Italian,701.0,9.0,29.3,4.9,106.0
2023-02-12,Lahore,Cafe,Bakery,455.0,8.7,35.0,4.1,87.0
2023-02-12,Multan,Fast Food,Fried Chicken,606.0,5.8,41.0,4.9,121.0
2023-02-12,Lahore,Cloud Kitchen,Indian,942.0,21.2,31.5,5.0,-4.0
2023-02-12,Karachi,Fine Dining,Steakhouse,1194.0,12.1,37.0,4.3,152.0
2023-02-13,Islamabad,Fast Food,Fried Chicken,725.0,13.0,28.5,4.5,60.0
2023-02-13,Karachi,Cloud Kitchen,Chinese,664.0,16.5,34.9,4.5,34.0
2023-02-13,Karachi,Fast Food,Sandwiches,1221.0,3.6,49.1,4.1,248.0
2023-02-13,Lahore,Dessert,Cakes,404.0,8.3,25.1,5.0,6.0
2023-02-14,Islamabad,Cafe,Bakery,574.0,11.3,21.5,5.0,81.0
2023-02-14,Karachi,Dessert,Sweets,550.0,5.9,19.7,4.9,134.0
2023-02-14,Karachi,Cafe,Coffee & Snacks,536.0,32.2,32.0,4.1,-8.0
2023-02-14,Karachi,Cafe,Bakery,499.0,13.7,32.6,5.0,-7.0
2023-02-14,Lahore,Cloud Kitchen,Chinese,1024.0,7.4,40.0,4.3,119.0
2023-02-15,Multan,Cloud Kitchen,Indian,1961.0,8.0,17.4,4.7,405.0
2023-02-15,Karachi,Cafe,Coffee & Snacks,1025.0,0.8,42.8,4.1,162.0
2023-02-15,Islamabad,Cloud Kitchen,Chinese,2193.0,21.3,26.7,4.4,184.0
2023-02-15,Lahore,Cafe,Sandwiches,572.0,21.5,27.4,4.6,-3.0
2023-02-15,Multan,Cloud Kitchen,Biryani,738.0,20.5,29.8,4.7,-6.0
2023-02-16,Karachi,Fast Food,Burgers,704.0,19.5,27.4,4.5,51.0
2023-02-16,Lahore,Cloud Kitchen,Italian,1989.0,13.2,30.6,5.0,250.0
2023-02-16,Islamabad,Cloud Kitchen,Indian,593.0,17.3,45.2,4.6,-18.0
2023-02-16,Faisalabad,Fast Food,Pizza,798.0,2.4,40.8,4.3,124.0
2023-02-16,Karachi,Cloud Kitchen,Biryani,1938.0,13.0,34.4,4.8,222.0
2023-02-16,Karachi,Fast Food,Burgers,1259.0,13.8,34.1,4.2,190.0
2023-02-16,Faisalabad,Fast Food,Pizza,13070.241508995648,24.6,29.0,4.7,-4947.605034066406
2023-02-16,Faisalabad,Cloud Kitchen,Italian,1923.0,9.5,21.7,5.0,277.0
2023-02-17,Lahore,Cloud Kitchen,Chinese,630.0,3.1,29.6,4.3,134.0
2023-02-17,Lahore,Dessert,Cakes,211.0,13.5,38.5,4.5,-76.0
2023-02-17,Lahore,Fast Food,Burgers,429.0,2.9,34.0,4.8,90.0
2023-02-17,Islamabad,Dessert,Cakes,442.0,9.5,36.7,4.2,18.0
2023-02-17,Islamabad,Fast Food,Burgers,367.0,2.8,14.0,4.8,7.0
2023-02-17,Lahore,Cloud Kitchen,Indian,3182.0,5.0,21.6,4.2,642.0
2023-02-17,Faisalabad,Fine Dining,Continental,2187.0,8.0,31.1,4.4,273.0
2023-02-17,Lahore,Fast Food,Burgers,450.0,2.7,43.8,4.6,57.0
2023-02-17,Lahore,Dessert,Bakery,235.0,3.2,31.8,4.6,37.0
2023-02-17,Karachi,Cafe,Breakfast,418.0,20.9,26.6,5.0,1.0
2023-02-17,Lahore,Fast Food,Pizza,490.0,8.3,28.7,4.3,22.0
2023-02-17,Lahore,Cafe,Breakfast,801.0,5.7,32.1,4.2,159.0
2023-02-18,Faisalabad,Fast Food,Sandwiches,769.0,17.0,46.3,3.9,71.0
2023-02-18,Karachi,Fast Food,Burgers,521.0,9.7,35.2,3.9,7.0
2023-02-18,Islamabad,Fast Food,Sandwiches,920.0,13.1,27.3,4.5,47.0
2023-02-18,Islamabad,Fast Food,Burgers,1127.0,9.6,31.1,4.9,149.0
2023-02-18,Lahore,Cloud Kitchen,Biryani,1672.0,14.9,36.8,4.4,178.0
2023-02-18,Islamabad,Dessert,Cakes,509.0,4.0,37.7,3.9,107.0
2023-02-19,Karachi,Cloud Kitchen,Italian,1005.0,1.1,31.5,4.9,153.0
2023-02-19,Islamabad,Cloud Kitchen,Indian,1014.0,2.3,27.1,4.8,173.0
2023-02-19,Lahore,Cloud Kitchen,Chinese,1113.0,18.5,38.7,4.3,109.0
2023-02-19,Islamabad,Cafe,Breakfast,338.0,25.1,28.9,4.8,-45.0
2023-02-19,Faisalabad,Cloud Kitchen,Chinese,1787.0,14.6,24.5,4.8,123.0
2023-02-19,Multan,Cloud Kitchen,Chinese,1213.0,28.6,39.9,4.7,35.0
2023-02-19,Karachi,Cafe,Sandwiches,423.0,5.9,29.7,5.0,81.0
2023-02-19,Karachi,Fast Food,Burgers,388.0,22.2,27.0,4.9,80.0
2023-02-19,Karachi,Fast Food,Pizza,610.0,8.1,36.2,4.5,7.0
2023-02-19,Lahore,Fast Food,Sandwiches,1417.0,7.9,27.6,4.5,287.0
2023-02-19,Lahore,Cloud Kitchen,Chinese,2397.0,18.4,32.5,4.0,254.0
2023-02-19,Karachi,Fine Dining,Seafood,2821.0,10.6,33.0,4.7,388.0
2023-02-19,Islamabad,Cafe,Coffee & Snacks,1070.0,8.2,28.6,4.8,189.0
2023-02-20,Islamabad,Dessert,Cakes,392.0,15.0,26.8,4.4,72.0
2023-02-20,Karachi,Cloud Kitchen,Chinese,3260.0,1.8,22.0,5.0,696.0
2023-02-20,Multan,Cafe,Breakfast,787.0,13.6,46.3,3.8,56.0
2023-02-20,Karachi,Fast Food,Fried Chicken,726.0,31.9,38.8,4.4,-36.0
2023-02-20,Lahore,Cafe,Sandwiches,421.0,7.2,45.3,3.6,-2.0
2023-02-21,Faisalabad,Fast Food,Burgers,684.0,2.6,25.6,4.8,49.0
2023-02-21,Islamabad,Cloud Kitchen,Indian,1254.0,4.1,39.4,4.3,174.0
2023-02-21,Karachi,Cloud Kitchen,Chinese,1035.0,5.8,16.1,4.6,181.0
2023-02-21,Faisalabad,Fast Food,Fried Chicken,338.0,12.2,28.9,4.7,-28.0
2023-02-21,Islamabad,Dessert,Sweets,301.0,2.3,29.6,4.5,34.0
2023-02-21,Lahore,Fast Food,Sandwiches,319.0,22.4,35.8,4.5,-28.0
2023-02-21,Islamabad,Cloud Kitchen,Indian,1523.0,14.1,12.3,5.0,200.0
2023-02-21,Faisalabad,Cloud Kitchen,Italian,887.0,18.0,34.2,4.9,-26.0
2023-02-21,Faisalabad,Cafe,Bakery,330.0,14.8,29.5,4.2,17.0
2023-02-21,Lahore,Cloud Kitchen,Indian,988.0,10.5,32.0,4.7,126.0
2023-02-21,Faisalabad,Fast Food,Pizza,624.0,12.1,85.4,3.2,7.0
2023-02-21,Lahore,Dessert,Cakes,772.0,17.6,19.3,4.9,177.0
2023-02-22,Islamabad,Fine Dining,Seafood,1970.0,21.4,36.3,4.4,114.0
2023-02-22,Karachi,Fast Food,Burgers,442.0,3.1,26.1,4.8,54.0
2023-02-22,Lahore,Fine Dining,Continental,5349.0,0.9,36.2,4.7,1089.0
2023-02-22,Lahore,Cafe,Sandwiches,595.0,16.4,22.9,4.7,29.0
2023-02-22,Lahore,Cloud Kitchen,Chinese,1104.0,7.5,30.8,4.5,128.0
2023-02-22,Karachi,Fine Dining,Steakhouse,2495.0,18.8,50.8,4.5,97.0
2023-02-22,Islamabad,Dessert,Cakes,505.0,8.0,47.4,4.3,45.0
2023-02-22,Faisalabad,Fast Food,Pizza,720.0,14.8,43.5,4.8,54.0
2023-02-23,Lahore,Cloud Kitchen,Indian,705.0,14.0,34.6,5.0,18.0
2023-02-23,Faisalabad,Fast Food,Sandwiches,331.0,16.6,46.1,4.8,9.0
2023-02-23,Multan,Fast Food,Fried Chicken,904.0,12.6,90.4,3.8,73.0
2023-02-23,Lahore,Cloud Kitchen,Chinese,1066.0,7.4,34.7,4.0,111.0
2023-02-23,Lahore,Fast Food,Fried Chicken,152.0,5.4,29.5,4.7,-57.0
2023-02-23,Faisalabad,Fine Dining,Steakhouse,1115.0,1.7,32.2,5.0,159.0
2023-02-24,Multan,Fast Food,Sandwiches,487.0,9.7,38.7,3.8,-82.0
2023-02-24,Karachi,Cafe,Sandwiches,548.0,15.2,45.3,4.7,-27.0
2023-02-24,Islamabad,Fine Dining,Fusion,2166.0,5.2,32.0,4.6,289.0
2023-02-24,Faisalabad,Fast Food,Pizza,1170.0,5.0,23.7,4.3,265.0
2023-02-24,Islamabad,Cloud Kitchen,Chinese,2199.0,20.1,34.4,4.7,189.0
2023-02-24,Islamabad,Fast Food,Sandwiches,542.0,19.1,44.4,4.2,-5.0
2023-02-24,Lahore,Cafe,Breakfast,401.0,9.6,24.2,4.1,30.0
2023-02-24,Faisalabad,Cloud Kitchen,Italian,1808.0,14.7,26.0,5.0,200.0
2023-02-24,Faisalabad,Dessert,Ice Cream,300.0,15.1,32.6,4.9,23.0
2023-02-24,Faisalabad,Cafe,Bakery,274.0,24.4,26.0,4.0,-35.0
2023-02-24,Karachi,Cloud Kitchen,Italian,2641.0,20.3,32.7,4.7,218.0
2023-02-24,Faisalabad,Cloud Kitchen,Italian,791.0,18.4,26.7,4.1,89.0
2023-02-25,Karachi,Fast Food,Burgers,1538.0,10.6,28.4,4.3,360.0
2023-02-25,Multan,Cafe,Sandwiches,531.0,4.9,39.7,4.4,94.0
2023-02-25,Karachi,Cafe,Breakfast,959.0,5.1,38.9,4.3,200.0
2023-02-25,Karachi,Cloud Kitchen,Italian,1337.0,27.3,79.6,5.0,-77.0
2023-02-25,Faisalabad,Fine Dining,Steakhouse,1957.0,10.0,16.0,5.0,207.0
2023-02-26,Lahore,Fast Food,Sandwiches,450.0,7.1,32.1,4.6,29.0
2023-02-26,Karachi,Cloud Kitchen,Indian,956.0,17.7,30.2,3.8,182.0
2023-02-26,Lahore,Fast Food,Sandwiches,1351.0,17.7,40.9,4.3,168.0
2023-02-26,Lahore,Fast Food,Fried Chicken,616.0,10.9,37.4,4.2,13.0
2023-02-26,Islamabad,Dessert,Cakes,1328.0,7.3,30.8,5.0,304.0
2023-02-26,Karachi,Cloud Kitchen,Chinese,865.0,14.4,22.5,4.9,90.0
2023-02-26,Islamabad,Fine Dining,Steakhouse,2232.0,5.2,25.1,4.8,338.0
2023-02-26,Faisalabad,Cloud Kitchen,Biryani,1579.0,15.1,36.6,4.6,222.0
2023-02-26,Multan,Fast Food,Pizza,633.0,4.1,41.4,3.9,98.0
2023-02-26,Karachi,Fast Food,Sandwiches,672.0,22.3,27.9,4.0,7.0
2023-02-26,Faisalabad,Fast Food,Pizza,917.0,11.3,25.4,4.7,262.0
2023-02-27,Faisalabad,Fast Food,Pizza,1165.0,8.3,38.4,4.0,136.0
2023-02-27,Karachi,Cafe,Coffee & Snacks,1326.0,6.3,29.4,4.6,237.0
2023-02-27,Lahore,Fast Food,Burgers,444.0,10.2,15.0,5.0,-0.0
2023-02-27,Islamabad,Fast Food,Pizza,858.0,14.6,36.8,4.3,88.0
2023-02-27,Lahore,Fast Food,Sandwiches,275.0,7.9,44.5,3.5,-63.0
2023-02-27,Faisalabad,Dessert,Ice Cream,700.0,5.7,24.0,5.0,92.0
2023-02-27,Faisalabad,Cloud Kitchen,Indian,2309.0,9.1,23.2,5.0,397.0
2023-02-27,Karachi,Fast Food,Sandwiches,634.0,20.2,42.6,4.7,-43.0
2023-02-27,Karachi,Cloud Kitchen,Italian,1734.0,22.8,39.4,4.3,100.0
2023-02-27,Islamabad,Fine Dining,Continental,3857.0,26.5,25.2,4.2,86.0
2023-02-27,Karachi,Fast Food,Pizza,925.0,14.2,27.2,4.8,77.0
2023-02-27,Islamabad,Cafe,Breakfast,402.0,18.6,37.6,4.4,-17.0
2023-02-27,Karachi,Fine Dining,Continental,1577.0,2.0,23.2,5.0,231.0
2023-02-28,Multan,Cafe,Sandwiches,605.0,15.1,24.0,4.9,107.0
2023-02-28,Lahore,Dessert,Cakes,423.0,11.2,35.2,4.2,73.0
2023-02-28,Lahore,Fine Dining,Steakhouse,1832.0,39.8,31.9,4.5,-119.0
2023-02-28,Islamabad,Fast Food,Burgers,1000.0,12.1,27.7,4.4,113.0
2023-02-28,Karachi,Cloud Kitchen,Italian,1691.0,12.8,29.9,4.6,251.0
2023-02-28,Islamabad,Fine Dining,Steakhouse,2925.0,8.5,28.8,5.0,356.0
2023-02-28,Faisalabad,Dessert,Cakes,382.0,9.1,25.5,4.7,34.0
2023-02-28,Lahore,Fast Food,Burgers,1506.0,22.1,103.2,3.2,37.0
2023-03-01,Islamabad,Cloud Kitchen,Italian,799.0,4.1,46.5,4.5,148.0
2023-03-01,Lahore,Cloud Kitchen,Indian,1525.0,12.5,36.9,5.0,140.0
2023-03-01,Multan,Fast Food,Pizza,554.0,10.1,30.8,4.4,84.0
2023-03-01,Faisalabad,Fine Dining,Seafood,1301.0,9.5,32.4,4.3,161.0
2023-03-01,Multan,Dessert,Bakery,353.0,1.8,39.4,4.6,53.0
2023-03-01,Lahore,Cloud Kitchen,Italian,2222.0,22.2,33.3,4.5,179.0
2023-03-01,Karachi,Fast Food,Pizza,495.0,6.6,28.9,4.4,34.0
2023-03-01,Islamabad,Cloud Kitchen,Indian,824.0,4.6,17.4,4.5,145.0
2023-03-02,Karachi,Cloud Kitchen,Chinese,1018.0,9.0,40.6,4.4,104.0
2023-03-02,Lahore,Cafe,Bakery,214.0,7.9,35.1,4.1,-59.0
2023-03-02,Karachi,Cafe,Sandwiches,556.0,8.9,33.9,4.7,39.0
2023-03-02,Islamabad,Cafe,Sandwiches,2220.0,5.7,31.8,4.6,481.0
2023-03-02,Karachi,Dessert,Ice Cream,362.0,10.0,37.9,4.4,66.0
2023-03-02,Lahore,Dessert,Ice Cream,393.0,1.6,40.6,4.5,89.0
2023-03-03,Faisalabad,Fast Food,Burgers,1855.0,8.1,22.4,4.3,340.0
2023-03-03,Lahore,Cloud Kitchen,Italian,574.0,14.1,35.1,4.6,71.0
2023-03-03,Lahore,Cloud Kitchen,Chinese,1312.0,12.0,23.8,5.0,136.0
2023-03-03,Lahore,Cloud Kitchen,Biryani,1775.0,31.2,17.1,5.0,82.0
2023-03-03,Multan,Dessert,Ice Cream,457.0,5.9,35.4,4.4,79.0
2023-03-03,Karachi,Cafe,Bakery,611.0,13.7,39.8,4.6,91.0
2023-03-03,Islamabad,Fast Food,Burgers,903.0,22.4,27.1,4.7,89.0
2023-03-04,Islamabad,Cloud Kitchen,Italian,489.0,33.2,27.1,5.0,-67.0
2023-03-04,Lahore,Cafe,Sandwiches,998.0,12.2,30.0,5.0,173.0
2023-03-04,Lahore,Dessert,Cakes,327.0,15.2,35.2,4.7,-44.0
2023-03-04,Lahore,Cafe,Bakery,190.0,24.4,102.3,2.9,-103.0
2023-03-04,Karachi,Cafe,Breakfast,224.0,9.4,26.1,4.2,-51.0
2023-03-04,Faisalabad,Fast Food,Sandwiches,466.0,10.3,32.3,5.0,23.0
2023-03-04,Karachi,Dessert,Cakes,406.0,20.8,41.5,4.8,67.0
2023-03-04,Karachi,Fine Dining,Continental,2083.0,3.8,16.1,4.4,372.0
2023-03-05,Faisalabad,Cloud Kitchen,Indian,1249.0,25.3,24.7,4.4,15.0
2023-03-05,Islamabad,Fast Food,Fried Chicken,1618.0,7.3,24.0,4.6,341.0
2023-03-05,Karachi,Cafe,Breakfast,432.0,3.3,30.4,4.8,132.0
2023-03-05,Lahore,Fast Food,Fried Chicken,528.0,3.9,26.3,4.8,74.0
2023-03-05,Lahore,Dessert,Cakes,635.0,21.1,44.2,4.3,47.0
2023-03-05,Lahore,Fine Dining,Continental,2285.0,8.5,41.0,4.5,265.0
2023-03-05,Lahore,Fine Dining,Fusion,1494.0,6.1,34.4,4.6,272.0
2023-03-06,Islamabad,Dessert,Ice Cream,315.0,11.3,33.5,4.5,23.0
2023-03-06,Lahore,Cloud Kitchen,Indian,841.0,14.5,31.0,4.5,90.0
2023-03-06,Karachi,Fast Food,Burgers,478.0,14.6,34.3,4.2,1.0
2023-03-06,Islamabad,Cafe,Bakery,1617.0,10.0,107.2,4.6,242.0
2023-03-06,Islamabad,Cloud Kitchen,Chinese,2658.0,14.2,28.3,5.0,374.0
2023-03-06,Lahore,Dessert,Ice Cream,418.0,8.7,31.9,4.3,44.0
2023-03-06,Karachi,Cafe,Breakfast,880.0,9.2,42.1,4.4,101.0
2023-03-06,Lahore,Cafe,Coffee & Snacks,284.0,10.4,22.4,5.0,-18.0
2023-03-06,Faisalabad,Fast Food,Fried Chicken,507.0,14.5,29.4,4.6,15.0
2023-03-06,Karachi,Cloud Kitchen,Chinese,1730.0,22.3,35.4,4.0,120.0
2023-03-07,Lahore,Fast Food,Burgers,582.0,10.8,33.1,4.7,23.0
2023-03-07,Multan,Cafe,Sandwiches,838.0,41.6,27.5,4.7,-19.0
2023-03-07,Karachi,Cafe,Breakfast,495.0,0.9,34.1,4.7,16.0
2023-03-07,Lahore,Fine Dining,Steakhouse,1892.0,2.3,39.4,4.6,340.0
2023-03-07,Multan,Cloud Kitchen,Italian,748.0,3.2,30.7,4.4,85.0
2023-03-07,Multan,Cloud Kitchen,Chinese,2380.0,2.5,15.4,5.0,494.0
2023-03-07,Lahore,Dessert,Ice Cream,347.0,11.4,28.6,4.0,74.0
2023-03-07,Lahore,Cloud Kitchen,Biryani,2456.0,2.6,34.1,4.4,491.0
2023-03-07,Karachi,Cafe,Sandwiches,1309.0,20.9,21.9,4.2,153.0
2023-03-07,Lahore,Fast Food,Burgers,342.0,10.7,45.6,4.2,63.0
2023-03-07,Lahore,Cafe,Breakfast,390.0,3.3,46.7,4.6,30.0
2023-03-07,Lahore,Fast Food,Sandwiches,633.0,24.8,25.3,5.0,23.0
2023-03-07,Lahore,Cloud Kitchen,Italian,921.0,10.2,29.2,4.6,104.0
2023-03-08,Karachi,Fast Food,Burgers,744.0,10.3,31.6,4.0,114.0
2023-03-08,Multan,Cloud Kitchen,Biryani,1125.0,5.9,26.6,5.0,247.0
2023-03-08,Multan,Cloud Kitchen,Indian,931.0,8.9,40.6,4.3,141.0
2023-03-08,Lahore,Cloud Kitchen,Indian,1181.0,25.6,22.6,4.5,39.0
2023-03-08,Karachi,Fast Food,Burgers,766.0,41.1,31.6,4.8,-80.0
2023-03-09,Karachi,Fine Dining,Continental,2545.0,8.7,35.8,4.5,358.0
2023-03-09,Islamabad,Dessert,Sweets,1041.0,2.2,43.9,4.5,205.0
2023-03-09,Faisalabad,Fine Dining,Steakhouse,2111.0,7.8,24.4,4.8,254.0
2023-03-09,Islamabad,Cloud Kitchen,Italian,798.0,20.5,33.8,4.8,41.0
2023-03-09,Karachi,Cloud Kitchen,Biryani,1921.0,16.6,33.3,4.6,239.0
2023-03-09,Lahore,Cloud Kitchen,Indian,786.0,6.7,28.0,5.0,86.0
2023-03-09,Lahore,Cafe,Sandwiches,470.0,9.2,25.5,5.0,12.0
2023-03-09,Karachi,Fast Food,Fried Chicken,435.0,26.0,48.2,3.5,-46.0
2023-03-09,Faisalabad,Cloud Kitchen,Chinese,998.0,9.3,33.2,4.8,115.0
2023-03-10,Islamabad,Fast Food,Pizza,561.0,26.2,34.1,4.3,22.0
2023-03-10,Islamabad,Fine Dining,Fusion,1879.0,25.7,25.9,5.0,99.0
2023-03-10,Multan,Dessert,Cakes,818.0,5.6,36.4,4.6,173.0
2023-03-10,Faisalabad,Cafe,Sandwiches,517.0,11.6,29.8,4.4,70.0
2023-03-11,Lahore,Cloud Kitchen,Biryani,1970.0,36.6,15.5,5.0,-17.0
2023-03-11,Multan,Cafe,Coffee & Snacks,408.0,9.3,37.3,4.1,20.0
2023-03-11,Lahore,Dessert,Cakes,289.0,6.3,21.8,5.0,38.0
2023-03-11,Islamabad,Dessert,Ice Cream,425.0,16.6,25.3,4.4,7.0
2023-03-11,Lahore,Cloud Kitchen,Indian,2261.0,16.9,36.1,4.9,220.0
2023-03-11,Karachi,Cafe,Breakfast,445.0,12.8,24.7,4.7,81.0
2023-03-11,Karachi,Dessert,Cakes,460.0,19.1,38.4,4.8,32.0
2023-03-11,Lahore,Cloud Kitchen,Biryani,881.0,7.0,46.5,4.5,95.0
2023-03-11,Multan,Cafe,Coffee & Snacks,662.0,9.3,35.3,4.4,65.0
2023-03-11,Islamabad,Fast Food,Pizza,509.0,13.6,21.3,5.0,19.0
2023-03-11,Islamabad,Cafe,Coffee & Snacks,329.0,26.3,26.9,4.5,-72.0
2023-03-11,Karachi,Fast Food,Sandwiches,609.0,9.0,34.3,4.9,79.0
2023-03-11,Lahore,Cloud Kitchen,Biryani,1442.0,15.7,18.7,4.9,139.0
2023-03-12,Karachi,Cafe,Breakfast,325.0,18.6,112.0,2.7,-92.0
2023-03-12,Lahore,Cloud Kitchen,Biryani,684.0,23.8,43.9,4.2,-18.0
2023-03-12,Faisalabad,Cloud Kitchen,Chinese,638.0,8.4,23.8,5.0,76.0
2023-03-12,Islamabad,Cafe,Sandwiches,645.0,1.2,22.3,5.0,169.0
2023-03-12,Karachi,Cloud Kitchen,Biryani,574.0,4.6,34.4,4.2,62.0
2023-03-12,Lahore,Dessert,Cakes,452.0,7.0,15.5,4.5,53.0
2023-03-12,Islamabad,Cloud Kitchen,Italian,1273.0,16.2,33.0,4.4,101.0
2023-03-12,Lahore,Dessert,Ice Cream,1072.0,30.2,86.5,3.0,37.0
2023-03-12,Islamabad,Cafe,Breakfast,595.0,4.6,41.3,4.3,132.0
2023-03-12,Lahore,Fast Food,Pizza,1346.0,5.2,28.8,4.6,269.0
2023-03-12,Karachi,Cloud Kitchen,Biryani,1118.0,5.6,29.8,4.9,145.0
2023-03-12,Lahore,Cafe,Sandwiches,465.0,18.8,42.4,4.2,-24.0
2023-03-13,Multan,Fast Food,Pizza,850.0,0.9,21.1,4.3,178.0
2023-03-13,Karachi,Cafe,Breakfast,481.0,1.4,29.4,4.3,70.0
2023-03-13,Lahore,Dessert,Sweets,645.0,9.8,34.0,4.3,124.0
2023-03-13,Islamabad,Fast Food,Fried Chicken,518.0,5.8,31.7,4.6,94.0
2023-03-13,Karachi,Fast Food,Sandwiches,735.0,11.8,27.5,5.0,71.0
2023-03-13,Lahore,Fine Dining,Continental,2926.0,13.2,39.3,4.7,286.0
2023-03-13,Lahore,Dessert,Sweets,355.0,7.6,25.5,4.8,45.0
2023-03-13,Lahore,Cloud Kitchen,Indian,798.0,2.7,36.5,4.0,27.0
2023-03-13,Karachi,Fast Food,Fried Chicken,1020.0,23.2,26.3,5.0,106.0
2023-03-14,Lahore,Cloud Kitchen,Italian,2517.0,15.4,29.9,4.2,272.0
2023-03-14,Islamabad,Cloud Kitchen,Chinese,1252.0,13.5,26.3,4.8,164.0
2023-03-14,Lahore,Cafe,Sandwiches,736.0,4.0,34.5,4.5,192.0
2023-03-14,Multan,Fast Food,Fried Chicken,828.0,34.1,30.4,4.3,-17.0
2023-03-14,Karachi,Fast Food,Pizza,592.0,24.7,16.8,4.4,-5.0
2023-03-14,Islamabad,Fast Food,Sandwiches,753.0,5.9,42.1,4.4,97.0
2023-03-14,Multan,Cafe,Bakery,338.0,27.1,36.9,4.6,5.0
2023-03-14,Lahore,Dessert,Cakes,614.0,5.6,24.1,4.9,108.0
2023-03-14,Islamabad,Cafe,Coffee & Snacks,152.0,11.8,36.1,4.6,-72.0
2023-03-15,Faisalabad,Fast Food,Burgers,500.0,10.8,26.3,4.4,36.0
2023-03-15,Islamabad,Fast Food,Pizza,435.0,8.1,15.9,4.4,53.0
2023-03-15,Karachi,Cafe,Sandwiches,778.0,5.5,26.3,4.6,72.0
2023-03-15,Multan,Cloud Kitchen,Italian,505.0,13.1,10.9,4.8,-6.0
2023-03-15,Karachi,Dessert,Cakes,170.0,14.0,28.8,4.8,53.0
2023-03-15,Lahore,Fast Food,Fried Chicken,1330.0,8.2,29.8,4.3,197.0
2023-03-15,Faisalabad,Fast Food,Burgers,1369.0,9.5,38.6,4.4,204.0
2023-03-15,Karachi,Cloud Kitchen,Chinese,1114.0,9.1,31.9,4.1,184.0
2023-03-15,Lahore,Cafe,Breakfast,404.0,41.9,28.0,4.9,-55.0
2023-03-15,Lahore,Cloud Kitchen,Italian,618.0,21.5,35.7,4.5,7.0
2023-03-16,Lahore,Cloud Kitchen,Biryani,1105.0,12.1,38.8,4.7,123.0
2023-03-16,Lahore,Cloud Kitchen,Chinese,1642.0,17.1,32.5,4.1,178.0
2023-03-16,Islamabad,Fine Dining,Continental,3126.0,5.6,48.5,3.8,483.0
2023-03-16,Lahore,Cloud Kitchen,Italian,1647.0,6.1,32.0,5.0,275.0
2023-03-17,Lahore,Cloud Kitchen,Italian,2373.0,7.2,37.0,4.1,472.0
2023-03-17,Islamabad,Fast Food,Pizza,313.0,24.8,36.4,4.3,-19.0
2023-03-17,Karachi,Cloud Kitchen,Chinese,1089.0,8.7,21.6,4.7,159.0
2023-03-17,Islamabad,Cloud Kitchen,Biryani,1118.0,7.4,35.0,4.5,177.0
2023-03-17,Lahore,Fine Dining,Seafood,2060.0,12.2,30.3,5.0,265.0
2023-03-17,Lahore,Dessert,Sweets,410.0,12.5,39.0,4.4,57.0
2023-03-17,Lahore,Dessert,Ice Cream,347.0,29.6,20.0,5.0,-7.0
2023-03-18,Islamabad,Cloud Kitchen,Biryani,609.0,15.3,32.2,4.3,22.0
2023-03-18,Karachi,Fast Food,Pizza,1111.0,16.9,32.3,4.4,195.0
2023-03-18,Multan,Fast Food,Sandwiches,755.0,6.3,81.5,3.4,51.0
2023-03-18,Lahore,Fast Food,Sandwiches,628.0,15.5,27.2,4.5,89.0
2023-03-18,Islamabad,Cafe,Bakery,552.0,19.0,36.6,4.2,38.0
2023-03-18,Multan,Cafe,Bakery,1033.0,1.2,23.3,5.0,220.0
2023-03-18,Karachi,Cloud Kitchen,Italian,2061.0,4.8,18.6,4.9,381.0
2023-03-18,Karachi,Cafe,Sandwiches,726.0,5.1,31.1,4.2,85.0
2023-03-18,Islamabad,Cafe,Breakfast,502.0,5.3,38.9,4.5,74.0
2023-03-18,Islamabad,Cloud Kitchen,Indian,1105.0,16.0,31.0,4.3,66.0
2023-03-18,Karachi,Fast Food,Pizza,398.0,12.4,29.4,4.4,-6.0
2023-03-18,Lahore,Cloud Kitchen,Italian,861.0,13.6,114.6,2.5,-77.0
2023-03-18,Multan,Fast Food,Burgers,504.0,14.5,39.7,5.0,15.0
2023-03-18,Lahore,Cloud Kitchen,Indian,1762.0,32.6,30.8,4.4,32.0
2023-03-18,Faisalabad,Fast Food,Sandwiches,1064.0,11.9,44.8,4.5,108.0
2023-03-19,Lahore,Cafe,Sandwiches,1292.0,3.3,37.3,4.8,359.0
2023-03-19,Islamabad,Fast Food,Fried Chicken,1151.0,7.3,30.3,4.7,204.0
2023-03-19,Islamabad,Fast Food,Pizza,270.0,6.1,20.4,4.7,-27.0
2023-03-19,Lahore,Fast Food,Fried Chicken,416.0,14.4,32.4,4.8,21.0
2023-03-19,Lahore,Cloud Kitchen,Chinese,630.0,21.7,23.2,5.0,-5.0
2023-03-19,Islamabad,Cloud Kitchen,Indian,996.0,1.8,31.6,4.7,143.0
2023-03-19,Islamabad,Fast Food,Sandwiches,824.0,21.2,37.8,3.9,33.0
2023-03-20,Islamabad,Fast Food,Fried Chicken,1212.0,6.6,23.7,5.0,227.0
2023-03-20,Islamabad,Fast Food,Pizza,1027.0,3.3,48.8,4.0,186.0
2023-03-20,Lahore,Cloud Kitchen,Chinese,1809.0,5.0,114.8,4.9,222.0
2023-03-20,Multan,Cafe,Breakfast,919.0,3.3,32.7,4.4,252.0
2023-03-20,Faisalabad,Cafe,Bakery,483.0,12.6,26.8,4.7,50.0
2023-03-20,Karachi,Cloud Kitchen,Biryani,1194.0,34.1,32.9,4.5,-46.0
2023-03-20,Karachi,Cloud Kitchen,Italian,1202.0,40.0,32.7,4.5,-121.0
2023-03-20,Faisalabad,Dessert,Bakery,529.0,5.0,31.1,4.8,117.0
2023-03-21,Faisalabad,Fine Dining,Continental,2101.0,5.2,34.9,5.0,312.0
2023-03-21,Karachi,Fast Food,Burgers,844.0,21.2,95.0,5.0,-23.0
2023-03-21,Multan,Cloud Kitchen,Biryani,1614.0,19.3,20.1,4.5,149.0
2023-03-21,Islamabad,Cloud Kitchen,Italian,920.0,1.2,27.8,4.6,199.0
2023-03-22,Karachi,Cafe,Sandwiches,360.0,3.3,41.1,4.3,58.0
2023-03-22,Lahore,Cloud Kitchen,Italian,1109.0,14.3,29.7,4.8,161.0
2023-03-22,Lahore,Fine Dining,Continental,1626.0,4.8,40.5,4.5,235.0
2023-03-22,Lahore,Cloud Kitchen,Indian,2282.0,14.3,32.5,5.0,309.0
2023-03-22,Karachi,Fast Food,Fried Chicken,883.0,29.9,23.7,5.0,15.0
2023-03-22,Islamabad,Dessert,Bakery,583.0,6.6,38.2,4.7,186.0
2023-03-22,Faisalabad,Dessert,Bakery,432.0,13.3,41.5,4.6,95.0
2023-03-23,Multan,Dessert,Cakes,340.0,10.5,25.1,4.3,73.0
2023-03-23,Faisalabad,Cafe,Sandwiches,604.0,12.1,27.2,5.0,86.0
2023-03-23,Lahore,Cloud Kitchen,Chinese,1903.0,12.5,26.9,4.0,249.0
2023-03-23,Lahore,Cafe,Bakery,342.0,11.0,45.5,4.5,-9.0
2023-03-23,Lahore,Cloud Kitchen,Chinese,1474.0,31.7,29.8,4.6,15.0
2023-03-23,Faisalabad,Cafe,Sandwiches,637.0,3.5,33.8,4.7,40.0
2023-03-23,Lahore,Dessert,Sweets,365.0,15.1,37.6,4.5,12.0
2023-03-23,Multan,Cloud Kitchen,Chinese,1591.0,12.1,41.9,4.6,199.0
2023-03-23,Islamabad,Cloud Kitchen,Indian,1076.0,4.3,31.9,3.8,143.0
2023-03-23,Islamabad,Cafe,Bakery,776.0,4.1,26.8,4.6,122.0
2023-03-24,Islamabad,Cloud Kitchen,Biryani,569.0,4.7,29.1,4.3,37.0
2023-03-24,Lahore,Fine Dining,Seafood,3364.0,9.5,35.0,4.5,433.0
2023-03-24,Faisalabad,Cloud Kitchen,Biryani,752.0,9.5,31.9,4.6,104.0
2023-03-24,Faisalabad,Fast Food,Sandwiches,619.0,2.1,27.2,5.0,159.0
2023-03-24,Lahore,Cafe,Sandwiches,429.0,5.9,18.0,4.7,106.0
2023-03-24,Karachi,Fast Food,Sandwiches,739.0,5.8,31.7,4.6,111.0
2023-03-24,Karachi,Dessert,Sweets,773.0,28.9,34.4,4.2,55.0
2023-03-24,Islamabad,Cafe,Breakfast,437.0,20.0,33.3,4.9,20.0
2023-03-24,Islamabad,Cafe,Bakery,391.0,2.5,20.5,5.0,83.0
2023-03-25,Karachi,Dessert,Sweets,222.0,9.9,25.8,4.7,12.0
2023-03-25,Lahore,Cafe,Sandwiches,875.0,5.6,42.2,4.0,200.0
2023-03-25,Islamabad,Cafe,Sandwiches,466.0,32.4,35.3,4.5,-60.0
2023-03-25,Faisalabad,Cloud Kitchen,Chinese,1602.0,20.3,42.3,4.8,188.0
2023-03-25,Islamabad,Fast Food,Pizza,960.0,15.0,28.0,5.0,100.0
2023-03-25,Islamabad,Dessert,Sweets,819.0,4.7,15.8,4.4,240.0
2023-03-25,Lahore,Fine Dining,Steakhouse,1678.0,13.2,26.2,5.0,164.0
2023-03-25,Faisalabad,Fast Food,Burgers,934.0,13.1,36.8,4.0,131.0
2023-03-25,Karachi,Dessert,Sweets,826.0,17.8,36.8,4.8,132.0
2023-03-25,Islamabad,Cloud Kitchen,Biryani,1355.0,12.7,33.4,4.5,152.0
2023-03-25,Lahore,Cafe,Coffee & Snacks,406.0,20.6,41.5,4.7,22.0
2023-03-26,Islamabad,Cafe,Sandwiches,357.0,17.1,33.8,4.4,24.0
2023-03-26,Karachi,Fast Food,Pizza,600.0,15.7,32.7,4.5,70.0
2023-03-26,Lahore,Dessert,Sweets,450.0,24.3,44.1,4.8,25.0
2023-03-26,Islamabad,Cloud Kitchen,Biryani,1080.0,1.3,33.2,3.7,146.0
2023-03-26,Karachi,Cloud Kitchen,Biryani,1209.0,18.5,35.8,4.8,127.0
2023-03-26,Karachi,Fine Dining,Steakhouse,1983.0,27.2,40.4,4.6,24.0
2023-03-26,Lahore,Cafe,Breakfast,621.0,10.0,32.3,4.9,104.0
2023-03-26,Islamabad,Fine Dining,Fusion,2349.0,12.9,34.0,4.5,241.0
2023-03-26,Karachi,Fine Dining,Continental,4896.0,24.9,30.8,4.5,223.0
2023-03-26,Lahore,Cloud Kitchen,Biryani,1041.0,6.3,41.4,4.4,121.0
2023-03-26,Lahore,Fast Food,Burgers,780.0,17.7,35.5,4.6,5.0
2023-03-27,Lahore,Cafe,Coffee & Snacks,1332.0,13.9,35.4,4.6,232.0
2023-03-27,Karachi,Fine Dining,Steakhouse,3939.0,7.6,25.2,4.9,602.0
2023-03-27,Islamabad,Fine Dining,Fusion,2190.0,7.6,41.2,3.6,277.0
2023-03-27,Karachi,Cloud Kitchen,Chinese,1452.0,15.9,39.6,4.4,165.0
2023-03-27,Karachi,Dessert,Ice Cream,392.0,6.2,24.3,5.0,32.0
2023-03-27,Lahore,Cloud Kitchen,Chinese,2734.0,10.1,28.0,4.4,472.0
2023-03-27,Islamabad,Dessert,Cakes,421.0,5.0,31.2,4.5,101.0
2023-03-27,Islamabad,Cloud Kitchen,Chinese,958.0,19.0,31.8,5.0,58.0
2023-03-27,Faisalabad,Fast Food,Fried Chicken,703.0,2.9,23.4,4.4,87.0
2023-03-27,Karachi,Cafe,Breakfast,440.0,7.8,32.6,4.1,14.0
2023-03-27,Lahore,Fast Food,Burgers,1201.0,12.9,22.8,5.0,165.0
2023-03-28,Karachi,Fast Food,Sandwiches,768.0,3.6,49.1,3.8,82.0
2023-03-28,Karachi,Fast Food,Fried Chicken,587.0,20.7,34.9,5.0,-11.0
2023-03-28,Islamabad,Fine Dining,Fusion,2658.0,8.3,37.9,4.7,386.0
2023-03-28,Lahore,Cloud Kitchen,Italian,1801.0,8.8,33.1,4.3,287.0
2023-03-28,Islamabad,Cloud Kitchen,Indian,3218.0,9.2,30.5,4.7,525.0
2023-03-29,Faisalabad,Dessert,Ice Cream,318.0,10.0,25.6,4.9,47.0
2023-03-29,Multan,Cafe,Coffee & Snacks,458.0,8.8,31.2,4.5,54.0
2023-03-29,Karachi,Fast Food,Burgers,648.0,32.1,41.7,4.3,-9.0
2023-03-29,Multan,Fast Food,Sandwiches,349.0,36.8,36.2,3.9,-80.0
2023-03-29,Lahore,Fast Food,Pizza,717.0,14.6,30.2,4.4,67.0
2023-03-29,Islamabad,Cloud Kitchen,Italian,1366.0,27.7,40.1,4.5,9.0
2023-03-30,Karachi,Dessert,Ice Cream,263.0,20.6,32.7,4.4,1.0
2023-03-30,Multan,Fast Food,Fried Chicken,600.0,5.8,26.6,4.5,63.0
2023-03-30,Lahore,Cafe,Coffee & Snacks,312.0,3.7,32.6,4.5,-8.0
2023-03-30,Islamabad,Fast Food,Pizza,513.0,2.1,27.7,4.8,80.0
2023-03-30,Lahore,Fast Food,Fried Chicken,413.0,11.5,14.6,5.0,41.0
2023-03-30,Lahore,Fine Dining,Continental,2270.0,14.3,25.5,4.5,229.0
2023-03-30,Lahore,Cafe,Sandwiches,492.0,10.8,24.3,4.5,69.0
2023-03-30,Multan,Cafe,Coffee & Snacks,449.0,17.6,26.2,4.1,-9.0
2023-03-30,Lahore,Fast Food,Fried Chicken,600.0,11.2,32.1,5.0,28.0
2023-03-30,Karachi,Dessert,Bakery,705.0,5.1,33.3,4.7,200.0
2023-03-30,Islamabad,Fine Dining,Fusion,2884.0,6.1,32.2,4.5,522.0
2023-03-31,Multan,Fast Food,Burgers,539.0,4.5,20.2,5.0,89.0
2023-03-31,Lahore,Cloud Kitchen,Indian,548.0,30.2,36.3,4.2,-42.0
2023-03-31,Karachi,Cloud Kitchen,Indian,1316.0,14.6,27.2,5.0,94.0
2023-03-31,Lahore,Cloud Kitchen,Biryani,716.0,3.2,41.0,4.2,71.0
2023-03-31,Karachi,Fast Food,Pizza,797.0,4.9,18.6,4.8,115.0
2023-03-31,Karachi,Fast Food,Pizza,1457.0,9.6,77.2,5.0,223.0
2023-03-31,Lahore,Fast Food,Pizza,832.0,17.8,26.0,4.2,124.0
2023-04-01,Islamabad,Fast Food,Sandwiches,581.0,5.4,43.9,4.2,73.0
2023-04-01,Karachi,Cafe,Bakery,543.0,14.7,41.5,4.1,44.0
2023-04-01,Islamabad,Fast Food,Pizza,527.0,2.7,35.9,4.7,130.0
2023-04-01,Lahore,Fast Food,Burgers,559.0,6.7,18.4,4.7,103.0
2023-04-01,Karachi,Cafe,Bakery,686.0,13.0,45.7,4.0,23.0
2023-04-01,Karachi,Dessert,Cakes,485.0,1.3,52.3,4.0,104.0
2023-04-01,Karachi,Cloud Kitchen,Indian,2359.0,3.6,16.7,5.0,522.0
2023-04-01,Lahore,Fast Food,Burgers,560.0,27.6,27.1,4.8,-3.0
2023-04-01,Faisalabad,Fast Food,Sandwiches,531.0,13.2,32.6,4.4,29.0
2023-04-01,Lahore,Cloud Kitchen,Italian,919.0,3.6,38.4,4.5,176.0
2023-04-01,Lahore,Fast Food,Burgers,656.0,7.7,24.2,4.9,88.0
2023-04-01,Faisalabad,Cloud Kitchen,Chinese,704.0,3.5,24.7,4.7,16.0
2023-04-02,Islamabad,Fast Food,Burgers,533.0,2.9,30.8,4.6,44.0
2023-04-02,Karachi,Dessert,Bakery,421.0,2.3,35.5,4.9,88.0
2023-04-02,Lahore,Cafe,Sandwiches,444.0,16.9,22.7,5.0,47.0
2023-04-02,Lahore,Dessert,Bakery,503.0,4.3,24.8,4.8,85.0
2023-04-02,Lahore,Cafe,Coffee & Snacks,302.0,9.7,37.6,4.8,-11.0
2023-04-02,Karachi,Fine Dining,Fusion,1001.0,10.3,33.6,4.7,23.0
2023-04-02,Lahore,Cloud Kitchen,Chinese,1734.0,2.7,31.4,4.4,340.0
2023-04-03,Islamabad,Cafe,Bakery,395.0,13.6,39.6,4.2,8.0
2023-04-03,Karachi,Fast Food,Sandwiches,512.0,1.1,24.7,4.7,139.0
2023-04-03,Lahore,Fast Food,Burgers,860.0,26.6,34.4,4.7,28.0
2023-04-03,Islamabad,Dessert,Sweets,352.0,19.7,19.3,4.8,2.0
2023-04-03,Islamabad,Cloud Kitchen,Chinese,864.0,5.8,50.9,4.6,71.0
2023-04-03,Lahore,Cafe,Coffee & Snacks,314.0,25.1,31.3,4.7,-65.0
2023-04-03,Faisalabad,Dessert,Sweets,173.0,5.7,25.3,4.3,52.0
2023-04-04,Lahore,Fine Dining,Continental,2895.0,2.9,26.3,4.5,612.0
2023-04-04,Karachi,Fine Dining,Steakhouse,2614.0,24.3,25.1,4.6,102.0
2023-04-04,Islamabad,Cafe,Bakery,681.0,15.2,45.6,4.6,5.0
2023-04-04,Lahore,Cafe,Breakfast,1544.0,6.5,33.6,5.0,331.0
2023-04-04,Karachi,Cloud Kitchen,Chinese,1316.0,3.3,33.5,4.9,279.0
2023-04-05,Multan,Cloud Kitchen,Indian,1089.0,17.9,36.1,4.8,97.0
2023-04-05,Islamabad,Dessert,Bakery,623.0,21.9,29.5,4.4,73.0
2023-04-05,Islamabad,Fine Dining,Fusion,1619.0,1.8,30.7,4.5,232.0
2023-04-05,Faisalabad,Cloud Kitchen,Italian,1511.0,24.9,27.7,3.8,80.0
2023-04-05,Lahore,Cafe,Coffee & Snacks,800.0,9.0,19.8,5.0,74.0
2023-04-05,Lahore,Fast Food,Sandwiches,540.0,4.2,45.6,4.2,9.0
2023-04-05,Lahore,Cloud Kitchen,Biryani,1982.0,36.9,38.7,3.7,-77.0
2023-04-05,Lahore,Cafe,Coffee & Snacks,628.0,6.3,35.1,4.7,135.0
2023-04-06,Karachi,Cloud Kitchen,Indian,1592.0,19.5,28.0,5.0,184.0
2023-04-06,Karachi,Fast Food,Burgers,279.0,17.8,97.4,3.4,-68.0
2023-04-06,Lahore,Fast Food,Pizza,1147.0,31.9,33.1,4.5,6.0
2023-04-06,Faisalabad,Fine Dining,Steakhouse,3016.0,11.5,47.5,4.9,337.0
2023-04-06,Multan,Cloud Kitchen,Indian,1346.0,8.9,33.5,4.6,164.0
2023-04-06,Karachi,Cloud Kitchen,Italian,1132.0,16.4,44.1,3.9,29.0
2023-04-06,Islamabad,Fast Food,Burgers,2168.0,3.0,21.7,5.0,519.0
2023-04-06,Lahore,Cloud Kitchen,Italian,758.0,5.1,22.1,5.0,40.0
2023-04-06,Lahore,Cafe,Breakfast,491.0,15.4,35.5,4.4,32.0
2023-04-06,Islamabad,Cloud Kitchen,Biryani,1254.0,17.9,24.9,4.6,46.0
2023-04-06,Karachi,Cafe,Breakfast,330.0,14.2,21.9,4.5,-87.0
2023-04-07,Karachi,Fine Dining,Continental,852.0,10.9,39.4,4.4,38.0
2023-04-07,Karachi,Fast Food,Fried Chicken,641.0,7.8,32.2,4.9,91.0
2023-04-07,Lahore,Cloud Kitchen,Chinese,851.0,28.0,32.7,4.8,-20.0
2023-04-07,Lahore,Dessert,Ice Cream,378.0,2.3,32.6,4.4,42.0
2023-04-07,Islamabad,Fine Dining,Continental,2291.0,4.9,26.5,4.5,435.0
2023-04-07,Islamabad,Fast Food,Pizza,1049.0,13.9,23.9,4.9,95.0
2023-04-07,Islamabad,Dessert,Bakery,361.0,6.5,25.6,4.8,64.0
2023-04-07,Karachi,Cloud Kitchen,Biryani,1090.0,13.3,38.4,3.8,119.0
2023-04-07,Islamabad,Dessert,Cakes,479.0,3.8,23.0,5.0,158.0
2023-04-07,Karachi,Fast Food,Sandwiches,526.0,3.7,26.2,4.9,46.0
2023-04-07,Faisalabad,Cafe,Breakfast,1276.0,14.1,40.7,4.0,177.0
2023-04-07,Faisalabad,Cafe,Coffee & Snacks,527.0,17.7,40.1,4.1,-72.0
2023-04-08,Lahore,Cloud Kitchen,Biryani,1210.0,17.3,27.0,4.0,93.0
2023-04-08,Islamabad,Cafe,Coffee & Snacks,857.0,3.0,31.6,4.9,138.0
2023-04-08,Islamabad,Cafe,Breakfast,342.0,23.6,26.5,4.4,-84.0
2023-04-08,Lahore,Fast Food,Sandwiches,444.0,12.8,30.9,4.5,-5.0
2023-04-08,Islamabad,Cafe,Sandwiches,390.0,3.8,41.2,4.6,-3.0
2023-04-08,Karachi,Fast Food,Sandwiches,338.0,5.9,13.5,4.3,75.0
2023-04-08,Islamabad,Cloud Kitchen,Chinese,1418.0,7.2,40.1,4.3,219.0
2023-04-09,Lahore,Cloud Kitchen,Biryani,991.0,2.3,36.5,4.0,176.0
2023-04-09,Faisalabad,Cloud Kitchen,Chinese,2097.0,42.3,22.9,4.6,-131.0
2023-04-09,Karachi,Fast Food,Burgers,893.0,13.8,38.6,4.6,43.0
2023-04-09,Lahore,Cloud Kitchen,Chinese,1738.0,5.5,11.6,5.0,276.0
2023-04-09,Karachi,Fast Food,Fried Chicken,375.0,0.4,36.4,4.9,84.0
2023-04-09,Islamabad,Dessert,Bakery,670.0,11.3,37.7,3.9,91.0
2023-04-09,Islamabad,Cloud Kitchen,Chinese,783.0,15.9,31.5,4.4,36.0
2023-04-09,Karachi,Fast Food,Sandwiches,458.0,9.0,33.9,4.8,65.0
2023-04-10,Islamabad,Cloud Kitchen,Italian,1381.0,7.0,39.2,3.8,206.0
2023-04-10,Karachi,Cloud Kitchen,Indian,1259.0,3.0,28.4,3.9,213.0
2023-04-10,Lahore,Cloud Kitchen,Chinese,1119.0,23.6,29.4,5.0,10.0
2023-04-10,Faisalabad,Fast Food,Sandwiches,973.0,7.7,21.3,5.0,203.0
2023-04-10,Faisalabad,Fast Food,Sandwiches,695.0,6.7,30.8,5.0,47.0
2023-04-10,Lahore,Fine Dining,Seafood,2715.0,7.9,37.4,4.8,383.0
2023-04-10,Lahore,Cloud Kitchen,Chinese,1305.0,4.3,27.5,5.0,223.0
2023-04-10,Islamabad,Cloud Kitchen,Indian,1627.0,10.2,33.4,4.1,230.0
2023-04-10,Islamabad,Dessert,Sweets,528.0,6.0,37.2,4.6,71.0
2023-04-11,Faisalabad,Fast Food,Burgers,1449.0,9.1,25.8,4.9,215.0
2023-04-11,Multan,Cloud Kitchen,Chinese,3693.0,6.0,42.6,4.5,729.0
2023-04-11,Islamabad,Cloud Kitchen,Indian,875.0,7.9,26.9,4.4,159.0
2023-04-11,Faisalabad,Cloud Kitchen,Italian,2327.0,18.4,27.5,4.6,195.0
2023-04-11,Lahore,Dessert,Ice Cream,334.0,5.0,34.5,4.6,-46.0
2023-04-12,Karachi,Cafe,Coffee & Snacks,14196.625455034948,33.6,27.1,5.0,-5869.030207781763
2023-04-12,Lahore,Cafe,Coffee & Snacks,744.0,17.4,34.6,4.3,32.0
2023-04-12,Faisalabad,Fast Food,Sandwiches,629.0,14.2,29.0,4.6,93.0
2023-04-12,Multan,Fast Food,Pizza,559.0,14.5,32.2,4.1,4.0
2023-04-12,Islamabad,Cloud Kitchen,Chinese,715.0,6.7,35.2,4.6,71.0
2023-04-12,Lahore,Dessert,Cakes,531.0,1.8,38.0,4.4,77.0
2023-04-12,Multan,Dessert,Bakery,317.0,3.5,30.0,4.9,9.0
2023-04-13,Karachi,Fast Food,Fried Chicken,1078.0,9.1,30.6,4.3,173.0
2023-04-13,Lahore,Cafe,Bakery,691.0,7.0,31.7,4.9,127.0
2023-04-13,Lahore,Cloud Kitchen,Indian,1418.0,6.2,32.9,5.0,203.0
2023-04-13,Faisalabad,Cafe,Sandwiches,655.0,9.5,47.3,3.8,41.0
2023-04-13,Karachi,Fast Food,Burgers,684.0,9.2,30.6,4.3,105.0
2023-04-13,Faisalabad,Cloud Kitchen,Biryani,1212.0,27.9,25.8,4.4,24.0
2023-04-13,Faisalabad,Dessert,Cakes,289.0,19.3,28.4,5.0,-24.0
2023-04-13,Karachi,Fast Food,Pizza,1548.0,12.0,32.9,4.4,218.0
2023-04-13,Lahore,Cloud Kitchen,Indian,1960.0,9.8,33.5,4.4,271.0
2023-04-13,Multan,Cloud Kitchen,Italian,1098.0,8.6,40.2,4.2,155.0
2023-04-14,Karachi,Fast Food,Burgers,854.0,2.2,17.2,5.0,159.0
2023-04-14,Karachi,Dessert,Sweets,320.0,22.3,28.5,4.4,28.0
2023-04-14,Karachi,Dessert,Sweets,363.0,34.2,23.2,5.0,-12.0
2023-04-14,Lahore,Cafe,Coffee & Snacks,600.0,9.7,32.3,4.3,83.0
2023-04-14,Karachi,Cafe,Coffee & Snacks,907.0,4.8,30.8,4.9,197.0
2023-04-14,Lahore,Fast Food,Pizza,486.0,12.1,17.2,5.0,29.0
2023-04-14,Multan,Cafe,Bakery,501.0,2.7,28.7,4.8,85.0
2023-04-14,Multan,Fast Food,Fried Chicken,672.0,5.4,28.1,4.8,88.0
2023-04-14,Lahore,Dessert,Ice Cream,646.0,21.5,29.6,4.4,56.0
2023-04-14,Karachi,Dessert,Sweets,250.0,2.8,23.3,4.2,34.0
2023-04-14,Karachi,Dessert,Ice Cream,444.0,1.4,16.0,4.9,120.0
2023-04-14,Lahore,Fine Dining,Steakhouse,1237.0,6.1,106.9,2.8,3.0
2023-04-15,Islamabad,Cafe,Bakery,839.0,2.1,26.1,4.8,112.0
2023-04-15,Karachi,Fast Food,Sandwiches,1128.0,5.5,24.6,4.6,252.0
2023-04-15,Lahore,Fast Food,Burgers,788.0,13.4,27.0,4.7,18.0
2023-04-15,Karachi,Fast Food,Fried Chicken,1481.0,27.2,18.0,4.9,100.0
2023-04-16,Karachi,Fine Dining,Steakhouse,1703.0,11.2,37.1,4.7,199.0
2023-04-16,Karachi,Dessert,Sweets,558.0,2.3,52.3,4.6,192.0
2023-04-16,Karachi,Fast Food,Burgers,847.0,14.1,34.7,4.4,94.0
2023-04-16,Faisalabad,Fine Dining,Fusion,3074.0,12.9,30.1,4.3,338.0
2023-04-16,Lahore,Fine Dining,Steakhouse,1159.0,3.3,20.1,5.0,207.0
2023-04-16,Karachi,Cafe,Breakfast,377.0,5.9,27.1,4.8,28.0
2023-04-16,Lahore,Cafe,Sandwiches,393.0,4.0,34.0,4.2,30.0
2023-04-16,Lahore,Cafe,Coffee & Snacks,536.0,6.6,25.3,4.5,99.0
2023-04-16,Faisalabad,Fast Food,Burgers,1137.0,35.3,24.9,5.0,4.0
2023-04-17,Lahore,Fine Dining,Fusion,10045.917164234554,25.1,39.6,4.6,-5625.36352056569
2023-04-17,Lahore,Cloud Kitchen,Chinese,1334.0,1.3,30.5,4.9,267.0
2023-04-17,Lahore,Dessert,Ice Cream,647.0,9.7,31.2,4.2,124.0
2023-04-17,Karachi,Dessert,Ice Cream,278.0,9.7,45.0,4.5,26.0
2023-04-17,Lahore,Dessert,Ice Cream,325.0,5.3,33.5,4.6,2.0
2023-04-17,Lahore,Fine Dining,Fusion,3905.0,33.8,21.8,4.6,-22.0
2023-04-17,Islamabad,Cafe,Sandwiches,902.0,5.3,37.6,3.4,125.0
2023-04-17,Karachi,Dessert,Bakery,476.0,5.2,51.2,4.1,36.0
2023-04-17,Karachi,Fine Dining,Seafood,2046.0,2.1,19.4,4.4,368.0
2023-04-18,Karachi,Cloud Kitchen,Chinese,585.0,2.4,47.1,4.4,22.0
2023-04-18,Lahore,Cloud Kitchen,Indian,2156.0,25.2,20.0,4.7,55.0
2023-04-18,Faisalabad,Cloud Kitchen,Indian,3095.0,5.9,38.0,4.5,593.0
2023-04-18,Faisalabad,Fast Food,Fried Chicken,629.0,4.6,23.2,5.0,15.0
2023-04-18,Lahore,Fast Food,Sandwiches,700.0,9.2,34.7,4.5,58.0
2023-04-18,Lahore,Dessert,Cakes,194.0,39.9,29.9,4.8,-33.0
2023-04-19,Faisalabad,Cloud Kitchen,Italian,614.0,3.5,22.3,4.6,80.0
2023-04-19,Multan,Cloud Kitchen,Italian,548.0,14.3,39.0,5.0,32.0
2023-04-19,Faisalabad,Dessert,Sweets,537.0,5.8,35.5,4.6,98.0
2023-04-19,Lahore,Fast Food,Sandwiches,1798.0,6.6,33.9,4.9,531.0
2023-04-19,Karachi,Cafe,Coffee & Snacks,737.0,11.8,29.3,5.0,104.0
2023-04-19,Karachi,Fast Food,Fried Chicken,533.0,34.0,42.6,4.5,-23.0
2023-04-19,Faisalabad,Fast Food,Burgers,2093.0,11.6,44.8,4.7,337.0
2023-04-19,Karachi,Dessert,Ice Cream,241.0,7.8,27.5,4.5,12.0
2023-04-20,Islamabad,Dessert,Ice Cream,555.0,18.4,27.7,5.0,32.0
2023-04-20,Karachi,Fast Food,Sandwiches,1029.0,12.0,41.3,4.1,139.0
2023-04-20,Lahore,Fast Food,Burgers,661.0,5.4,40.5,4.8,85.0
2023-04-20,Karachi,Cafe,Sandwiches,315.0,27.1,29.1,4.9,-86.0
2023-04-20,Lahore,Fast Food,Pizza,761.0,6.3,27.2,4.7,75.0
2023-04-20,Multan,Fast Food,Sandwiches,474.0,1.8,27.3,4.6,37.0
2023-04-20,Lahore,Cafe,Coffee & Snacks,692.0,1.9,36.2,3.9,115.0
2023-04-20,Lahore,Fine Dining,Steakhouse,1189.0,12.4,39.5,5.0,85.0
2023-04-20,Karachi,Fine Dining,Continental,4408.0,4.1,23.0,4.3,763.0
2023-04-21,Islamabad,Cafe,Coffee & Snacks,430.0,8.2,39.4,4.4,71.0
2023-04-21,Karachi,Fine Dining,Fusion,1559.0,1.1,34.0,4.7,294.0
2023-04-21,Lahore,Cloud Kitchen,Biryani,1381.0,2.3,40.1,3.8,209.0
2023-04-21,Karachi,Cloud Kitchen,Indian,875.0,21.2,40.6,4.6,41.0
2023-04-21,Multan,Cafe,Breakfast,979.0,18.6,33.8,3.9,131.0
2023-04-21,Lahore,Cloud Kitchen,Italian,460.0,8.4,19.9,5.0,48.0
2023-04-21,Faisalabad,Fast Food,Fried Chicken,13777.702364233806,21.5,34.5,4.6,-3844.9777032271013
2023-04-21,Islamabad,Cloud Kitchen,Indian,547.0,11.8,48.8,3.8,42.0
2023-04-21,Multan,Dessert,Ice Cream,236.0,19.8,10.0,5.0,-2.0
2023-04-21,Lahore,Fast Food,Sandwiches,853.0,6.0,28.9,4.6,121.0
2023-04-21,Islamabad,Cafe,Bakery,666.0,12.9,21.8,4.8,106.0
2023-04-21,Karachi,Fine Dining,Continental,847.0,3.4,39.1,4.6,119.0
2023-04-21,Karachi,Cafe,Bakery,211.0,4.8,34.8,3.9,28.0
2023-04-21,Lahore,Fast Food,Burgers,678.0,23.3,43.4,4.1,-7.0
2023-04-22,Lahore,Cloud Kitchen,Biryani,943.0,14.4,30.5,5.0,74.0
2023-04-22,Islamabad,Fast Food,Pizza,1280.0,8.4,34.4,5.0,188.0
2023-04-22,Islamabad,Dessert,Cakes,667.0,13.3,39.1,4.3,147.0
2023-04-22,Lahore,Cloud Kitchen,Italian,1416.0,16.8,43.0,4.1,116.0
2023-04-22,Islamabad,Fast Food,Burgers,553.0,4.8,16.7,5.0,94.0
2023-04-23,Lahore,Dessert,Sweets,526.0,16.2,84.6,5.0,-31.0
2023-04-23,Karachi,Fine Dining,Fusion,2409.0,2.9,23.2,4.4,435.0
2023-04-23,Multan,Cafe,Coffee & Snacks,535.0,4.9,94.6,3.8,14.0
2023-04-23,Lahore,Dessert,Ice Cream,292.0,7.5,21.0,5.0,35.0
2023-04-23,Islamabad,Fast Food,Sandwiches,389.0,20.6,33.5,4.8,-39.0
2023-04-24,Lahore,Cloud Kitchen,Chinese,1186.0,4.5,23.1,4.4,223.0
2023-04-24,Karachi,Cloud Kitchen,Chinese,870.0,16.0,23.1,4.5,146.0
2023-04-24,Lahore,Dessert,Sweets,278.0,11.1,28.1,4.7,-16.0
2023-04-24,Karachi,Cloud Kitchen,Italian,857.0,30.5,23.6,5.0,-33.0
2023-04-24,Faisalabad,Fine Dining,Fusion,1073.0,7.7,26.3,4.5,70.0
2023-04-24,Faisalabad,Cafe,Bakery,590.0,21.3,37.5,4.7,29.0
2023-04-24,Islamabad,Fast Food,Burgers,448.0,18.1,40.3,4.2,27.0
2023-04-24,Lahore,Fast Food,Pizza,664.0,1.4,25.7,4.9,99.0
2023-04-24,Karachi,Cloud Kitchen,Italian,1612.0,24.5,37.4,3.8,12.0
2023-04-25,Islamabad,Cloud Kitchen,Italian,447.0,0.2,35.1,4.1,30.0
2023-04-25,Islamabad,Fast Food,Burgers,519.0,1.1,38.1,4.6,134.0
2023-04-25,Islamabad,Dessert,Cakes,1373.0,19.1,18.5,5.0,268.0
2023-04-25,Lahore,Fast Food,Burgers,573.0,14.7,30.9,4.0,106.0
2023-04-25,Karachi,Cloud Kitchen,Indian,905.0,22.6,44.5,3.7,-86.0
2023-04-26,Karachi,Fast Food,Sandwiches,508.0,30.8,34.8,3.9,-29.0
2023-04-26,Islamabad,Fast Food,Pizza,949.0,11.9,24.0,4.2,181.0
2023-04-26,Faisalabad,Fine Dining,Seafood,1950.0,7.8,26.4,4.8,308.0
2023-04-26,Multan,Cloud Kitchen,Italian,1490.0,3.8,31.4,4.9,265.0
2023-04-26,Islamabad,Cloud Kitchen,Biryani,569.0,15.9,38.4,4.3,60.0
2023-04-26,Lahore,Fine Dining,Steakhouse,2260.0,0.4,29.8,4.7,417.0
2023-04-27,Multan,Fast Food,Pizza,682.0,13.9,32.0,5.0,37.0
2023-04-27,Islamabad,Dessert,Bakery,204.0,8.5,42.0,4.6,43.0
2023-04-27,Karachi,Dessert,Sweets,357.0,2.2,38.6,4.3,103.0
2023-04-27,Faisalabad,Cafe,Bakery,550.0,10.0,29.8,4.7,126.0
2023-04-28,Lahore,Fast Food,Pizza,519.0,5.4,35.2,4.3,70.0
2023-04-28,Karachi,Fast Food,Sandwiches,493.0,4.1,105.4,4.7,-10.0
2023-04-28,Lahore,Fast Food,Sandwiches,514.0,5.0,26.9,4.4,76.0
2023-04-28,Karachi,Cloud Kitchen,Italian,829.0,5.3,30.0,5.0,137.0
2023-04-28,Islamabad,Fast Food,Fried Chicken,905.0,18.8,23.9,4.6,114.0
2023-04-28,Lahore,Fine Dining,Seafood,4676.0,7.8,36.7,4.1,711.0
2023-04-28,Karachi,Cloud Kitchen,Italian,841.0,20.5,31.3,4.8,20.0
2023-04-28,Islamabad,Fine Dining,Fusion,3852.0,17.4,14.8,4.6,382.0
2023-04-28,Karachi,Fine Dining,Fusion,1302.0,1.6,42.7,4.1,210.0
2023-04-28,Faisalabad,Cloud Kitchen,Chinese,982.0,10.6,37.4,4.3,76.0
2023-04-28,Islamabad,Cloud Kitchen,Chinese,1216.0,25.0,27.4,5.0,3.0
2023-04-28,Lahore,Cloud Kitchen,Indian,833.0,2.3,33.2,4.5,145.0
2023-04-29,Lahore,Fast Food,Sandwiches,1014.0,11.9,25.8,4.7,180.0
2023-04-29,Lahore,Fast Food,Burgers,792.0,8.9,42.3,3.9,110.0
2023-04-29,Lahore,Cloud Kitchen,Biryani,722.0,4.6,28.3,5.0,114.0
2023-04-29,Islamabad,Cafe,Coffee & Snacks,526.0,2.1,18.5,4.3,87.0
2023-04-29,Lahore,Fast Food,Sandwiches,659.0,3.4,22.1,4.9,173.0
2023-04-30,Islamabad,Cloud Kitchen,Chinese,574.0,3.7,38.7,4.3,89.0
2023-04-30,Faisalabad,Fast Food,Pizza,2037.0,13.4,27.6,4.9,318.0
2023-04-30,Faisalabad,Fast Food,Sandwiches,793.0,10.7,19.0,5.0,114.0
2023-04-30,Lahore,Fast Food,Sandwiches,958.0,17.2,33.5,4.6,111.0
2023-04-30,Islamabad,Cafe,Breakfast,637.0,19.2,39.3,4.8,84.0
2023-05-01,Islamabad,Dessert,Sweets,894.0,15.6,28.6,4.5,156.0
2023-05-01,Lahore,Fast Food,Fried Chicken,644.0,14.6,27.4,4.3,40.0
2023-05-01,Karachi,Cloud Kitchen,Indian,733.0,34.3,33.1,4.7,-18.0
2023-05-01,Multan,Fast Food,Sandwiches,1028.0,20.7,44.6,4.5,3.0
2023-05-02,Karachi,Cloud Kitchen,Biryani,794.0,8.4,33.0,4.5,67.0
2023-05-02,Lahore,Cafe,Sandwiches,541.0,14.8,40.9,3.9,83.0
2023-05-02,Karachi,Fast Food,Burgers,744.0,4.8,39.9,4.0,91.0
2023-05-02,Islamabad,Cloud Kitchen,Italian,909.0,12.2,30.6,4.6,119.0
2023-05-02,Lahore,Cafe,Bakery,639.0,17.0,32.4,4.6,50.0
2023-05-02,Karachi,Cloud Kitchen,Chinese,336.0,7.9,18.1,4.7,15.0
2023-05-02,Lahore,Cafe,Bakery,1158.0,38.4,25.4,4.8,-48.0
2023-05-03,Lahore,Fast Food,Sandwiches,547.0,5.8,30.9,4.9,90.0
2023-05-03,Islamabad,Dessert,Ice Cream,543.0,8.8,39.3,5.0,58.0
2023-05-03,Lahore,Fast Food,Sandwiches,420.0,6.3,29.6,3.8,-14.0
2023-05-03,Islamabad,Fast Food,Sandwiches,1069.0,15.0,21.9,4.3,112.0
2023-05-03,Multan,Cloud Kitchen,Biryani,943.0,2.5,28.6,5.0,159.0
2023-05-03,Lahore,Fine Dining,Fusion,4491.0,20.0,35.0,4.4,323.0
2023-05-03,Karachi,Cafe,Sandwiches,568.0,2.4,32.3,4.8,122.0
2023-05-03,Multan,Fast Food,Fried Chicken,216.0,18.8,32.8,4.2,15.0
2023-05-03,Lahore,Fast Food,Pizza,750.0,8.3,26.6,5.0,65.0
2023-05-03,Karachi,Fast Food,Pizza,576.0,8.5,40.2,4.2,78.0
2023-05-03,Lahore,Fast Food,Pizza,1032.0,11.8,46.1,3.9,162.0
2023-05-04,Islamabad,Fast Food,Sandwiches,343.0,8.7,39.6,4.6,3.0
2023-05-04,Multan,Cloud Kitchen,Italian,1638.0,2.9,28.4,4.5,324.0
2023-05-04,Multan,Fast Food,Burgers,1125.0,12.4,44.0,4.5,150.0
2023-05-04,Lahore,Fast Food,Sandwiches,1238.0,12.4,33.5,4.6,197.0
2023-05-05,Faisalabad,Cloud Kitchen,Indian,1436.0,13.9,33.4,4.3,173.0
2023-05-05,Lahore,Fast Food,Fried Chicken,683.0,4.4,30.7,4.7,91.0
2023-05-05,Lahore,Fast Food,Pizza,280.0,0.3,25.7,4.4,33.0
2023-05-05,Karachi,Cloud Kitchen,Biryani,1443.0,11.5,28.0,4.7,210.0
2023-05-05,Faisalabad,Cafe,Sandwiches,375.0,9.6,35.7,4.0,41.0
2023-05-05,Multan,Fine Dining,Continental,1711.0,3.7,26.0,5.0,238.0
2023-05-05,Islamabad,Cloud Kitchen,Biryani,641.0,19.1,36.0,5.0,33.0
2023-05-05,Lahore,Fast Food,Sandwiches,1672.0,16.1,25.9,4.7,232.0
2023-05-05,Karachi,Cafe,Coffee & Snacks,1308.0,20.0,29.5,4.5,187.0
2023-05-06,Lahore,Fast Food,Pizza,258.0,14.4,25.6,4.9,-15.0
2023-05-06,Islamabad,Cloud Kitchen,Italian,987.0,15.3,53.3,4.5,23.0
2023-05-06,Karachi,Fine Dining,Continental,3102.0,35.6,38.9,4.7,-123.0
2023-05-06,Karachi,Cloud Kitchen,Indian,722.0,26.8,30.7,4.5,31.0
2023-05-06,Multan,Fine Dining,Fusion,1065.0,1.2,31.6,4.4,150.0
2023-05-07,Karachi,Dessert,Ice Cream,392.0,34.2,46.8,4.5,-16.0
2023-05-07,Islamabad,Fast Food,Fried Chicken,775.0,2.4,45.4,4.5,109.0
2023-05-07,Faisalabad,Fast Food,Fried Chicken,551.0,20.2,38.5,4.6,50.0
2023-05-07,Islamabad,Fast Food,Burgers,796.0,4.9,34.1,4.4,117.0
2023-05-07,Lahore,Fast Food,Burgers,777.0,10.6,15.8,5.0,112.0
2023-05-07,Islamabad,Dessert,Cakes,371.0,7.6,23.9,4.7,35.0
2023-05-08,Lahore,Fast Food,Fried Chicken,944.0,6.3,28.7,4.9,142.0
2023-05-08,Islamabad,Fast Food,Sandwiches,365.0,10.6,42.2,4.6,17.0
2023-05-08,Islamabad,Fast Food,Pizza,605.0,12.0,18.2,4.5,26.0
2023-05-08,Islamabad,Cafe,Bakery,732.0,7.6,52.2,4.7,94.0
2023-05-08,Lahore,Fine Dining,Steakhouse,1703.0,9.2,25.9,4.8,179.0
2023-05-08,Karachi,Cafe,Coffee & Snacks,641.0,14.8,20.2,4.3,68.0
2023-05-08,Islamabad,Dessert,Sweets,249.0,26.6,33.9,4.8,-46.0
2023-05-08,Lahore,Dessert,Bakery,649.0,3.4,30.7,4.7,86.0
2023-05-09,Lahore,Cloud Kitchen,Biryani,2024.0,30.8,30.8,5.0,101.0
2023-05-09,Karachi,Fast Food,Burgers,541.0,8.8,43.0,4.0,32.0
2023-05-09,Multan,Cloud Kitchen,Biryani,1463.0,8.9,23.7,5.0,221.0
2023-05-09,Lahore,Fast Food,Fried Chicken,488.0,14.4,27.0,4.3,1.0
2023-05-09,Islamabad,Cloud Kitchen,Indian,555.0,12.5,45.2,4.5,25.0
2023-05-09,Multan,Cloud Kitchen,Indian,701.0,18.6,39.5,4.4,-35.0
2023-05-09,Karachi,Cafe,Bakery,407.0,7.6,41.1,4.1,-15.0
2023-05-09,Karachi,Cloud Kitchen,Chinese,1901.0,12.2,30.2,4.9,255.0
2023-05-09,Faisalabad,Fast Food,Pizza,1304.0,6.4,27.2,3.5,290.0
2023-05-10,Multan,Fast Food,Burgers,339.0,28.4,34.8,4.3,5.0
2023-05-10,Lahore,Dessert,Cakes,764.0,9.9,33.3,4.3,173.0
2023-05-10,Lahore,Fast Food,Fried Chicken,638.0,7.5,36.9,4.4,47.0
2023-05-10,Faisalabad,Fine Dining,Steakhouse,1560.0,2.5,28.3,4.5,243.0
2023-05-10,Karachi,Fast Food,Pizza,627.0,11.2,82.0,3.8,67.0
2023-05-10,Karachi,Cloud Kitchen,Indian,720.0,12.0,55.4,3.8,-58.0
2023-05-10,Karachi,Cafe,Coffee & Snacks,789.0,8.5,33.1,4.7,160.0
2023-05-10,Lahore,Dessert,Ice Cream,301.0,8.0,38.1,4.5,15.0
2023-05-10,Lahore,Fast Food,Sandwiches,519.0,14.6,40.2,4.5,-0.0
2023-05-11,Multan,Cloud Kitchen,Biryani,1747.0,21.4,31.2,4.3,153.0
2023-05-11,Lahore,Cloud Kitchen,Chinese,1052.0,24.3,27.7,4.8,47.0
2023-05-11,Karachi,Fast Food,Fried Chicken,527.0,3.2,28.7,4.6,64.0
2023-05-11,Islamabad,Fine Dining,Fusion,2155.0,22.0,28.4,4.4,88.0
2023-05-11,Lahore,Fast Food,Burgers,886.0,16.0,37.7,4.4,65.0
2023-05-11,Multan,Cloud Kitchen,Chinese,1054.0,10.3,26.6,4.1,126.0
2023-05-11,Lahore,Fast Food,Pizza,308.0,3.9,41.6,4.2,50.0
2023-05-11,Multan,Cafe,Breakfast,603.0,8.4,26.8,4.4,107.0
2023-05-12,Islamabad,Cafe,Coffee & Snacks,627.0,0.5,36.2,4.3,101.0
2023-05-12,Karachi,Cloud Kitchen,Indian,674.0,4.3,38.9,4.3,55.0
2023-05-12,Islamabad,Cafe,Coffee & Snacks,190.0,25.3,30.7,4.9,-79.0
2023-05-12,Faisalabad,Fast Food,Sandwiches,916.0,20.5,29.4,4.0,137.0
2023-05-12,Karachi,Fast Food,Pizza,1372.0,12.0,30.2,4.5,230.0
2023-05-12,Islamabad,Cloud Kitchen,Italian,1594.0,8.0,27.7,4.5,262.0
2023-05-12,Lahore,Dessert,Cakes,1007.0,2.0,33.1,5.0,296.0
2023-05-12,Islamabad,Fast Food,Fried Chicken,343.0,14.6,29.8,4.9,-25.0
2023-05-12,Lahore,Cloud Kitchen,Biryani,1188.0,8.0,23.2,5.0,254.0
2023-05-12,Faisalabad,Dessert,Bakery,524.0,1.5,38.5,4.8,84.0
2023-05-13,Islamabad,Fast Food,Pizza,546.0,5.3,25.4,4.8,103.0
2023-05-13,Karachi,Cafe,Breakfast,399.0,13.2,28.2,4.5,53.0
2023-05-13,Lahore,Cloud Kitchen,Chinese,927.0,2.2,24.6,5.0,65.0
2023-05-13,Lahore,Fast Food,Sandwiches,550.0,4.7,119.6,4.6,18.0
2023-05-13,Lahore,Fast Food,Pizza,799.0,7.3,23.8,4.4,166.0
2023-05-13,Karachi,Fine Dining,Seafood,2152.0,7.2,29.1,4.8,322.0
2023-05-13,Lahore,Dessert,Ice Cream,298.0,2.1,21.3,4.6,50.0
2023-05-14,Islamabad,Cafe,Breakfast,824.0,19.9,40.1,4.4,41.0
2023-05-14,Faisalabad,Dessert,Bakery,855.0,15.5,32.4,4.5,157.0
2023-05-14,Islamabad,Cloud Kitchen,Chinese,534.0,12.7,37.1,5.0,42.0
2023-05-14,Karachi,Fast Food,Sandwiches,359.0,12.8,37.1,4.3,-10.0
2023-05-14,Karachi,Fast Food,Fried Chicken,648.0,32.3,36.1,4.3,-50.0
2023-05-14,Lahore,Cloud Kitchen,Indian,552.0,6.2,41.9,4.8,23.0
2023-05-14,Karachi,Cloud Kitchen,Biryani,2597.0,40.3,30.7,4.5,-96.0
2023-05-14,Multan,Cloud Kitchen,Biryani,970.0,9.2,37.6,4.1,114.0
2023-05-14,Lahore,Cloud Kitchen,Chinese,747.0,6.9,38.0,5.0,55.0
2023-05-14,Lahore,Cloud Kitchen,Chinese,1067.0,12.0,16.6,5.0,84.0
2023-05-14,Lahore,Fine Dining,Steakhouse,11246.747660212413,14.6,30.6,4.7,-3663.6511553609284
2023-05-14,Karachi,Cafe,Bakery,190.0,8.7,36.1,4.4,21.0
2023-05-15,Islamabad,Dessert,Cakes,742.0,8.6,36.2,4.4,141.0
2023-05-15,Karachi,Cafe,Breakfast,337.0,16.4,39.4,4.8,4.0
2023-05-15,Lahore,Fast Food,Fried Chicken,431.0,11.8,19.1,5.0,81.0
2023-05-15,Multan,Fast Food,Burgers,473.0,2.0,40.3,4.4,29.0
2023-05-15,Karachi,Cafe,Bakery,811.0,18.9,46.0,4.6,110.0
2023-05-15,Lahore,Cloud Kitchen,Indian,1168.0,9.1,36.4,4.9,114.0
2023-05-15,Karachi,Cloud Kitchen,Chinese,2355.0,15.9,28.6,4.6,304.0
2023-05-15,Karachi,Cloud Kitchen,Biryani,885.0,20.2,35.7,4.9,35.0
2023-05-15,Multan,Cloud Kitchen,Biryani,2057.0,9.3,33.7,4.1,291.0
2023-05-15,Karachi,Dessert,Sweets,384.0,14.1,33.1,4.7,61.0
2023-05-15,Islamabad,Cafe,Coffee & Snacks,311.0,2.7,40.6,4.6,23.0
2023-05-15,Islamabad,Fine Dining,Steakhouse,2650.0,9.2,21.1,4.6,357.0
2023-05-15,Faisalabad,Cloud Kitchen,Indian,458.0,12.2,33.5,4.3,22.0
2023-05-16,Islamabad,Fast Food,Burgers,358.0,9.3,29.2,5.0,-43.0
2023-05-16,Lahore,Cloud Kitchen,Biryani,894.0,4.5,37.0,4.2,152.0
2023-05-16,Karachi,Cafe,Bakery,191.0,11.3,45.6,4.1,-53.0
2023-05-16,Lahore,Cafe,Sandwiches,695.0,7.6,76.8,5.0,70.0
2023-05-16,Karachi,Fine Dining,Continental,2650.0,10.6,43.5,4.0,347.0
2023-05-16,Faisalabad,Fast Food,Pizza,472.0,4.7,28.9,4.6,5.0
2023-05-16,Karachi,Cafe,Coffee & Snacks,640.0,5.9,34.0,4.7,123.0
2023-05-16,Karachi,Dessert,Cakes,576.0,4.9,31.6,4.3,156.0
2023-05-16,Islamabad,Cafe,Sandwiches,188.0,5.2,17.9,4.2,-34.0
2023-05-16,Multan,Fast Food,Fried Chicken,9818.531433476666,14.7,21.5,4.7,-4639.0185064369825
2023-05-17,Lahore,Fast Food,Sandwiches,929.0,5.9,34.4,4.5,179.0
2023-05-17,Karachi,Fast Food,Burgers,505.0,12.5,37.3,4.7,15.0
2023-05-17,Lahore,Fast Food,Burgers,1155.0,8.4,37.3,5.0,160.0
2023-05-17,Islamabad,Cafe,Sandwiches,523.0,43.2,37.5,4.1,-48.0
2023-05-17,Karachi,Fine Dining,Seafood,840.0,38.1,33.1,4.6,-147.0
2023-05-17,Islamabad,Fast Food,Sandwiches,867.0,19.5,38.0,4.8,45.0
2023-05-17,Lahore,Cloud Kitchen,Italian,1721.0,16.9,27.5,4.3,170.0
2023-05-18,Multan,Cafe,Coffee & Snacks,971.0,4.4,30.9,4.4,223.0
2023-05-18,Faisalabad,Fast Food,Pizza,429.0,7.3,39.9,4.8,-16.0
2023-05-18,Multan,Cafe,Bakery,465.0,1.9,29.0,4.5,30.0
2023-05-18,Lahore,Cafe,Sandwiches,680.0,1.2,34.3,4.7,98.0
2023-05-19,Karachi,Cloud Kitchen,Biryani,1895.0,5.9,25.5,4.2,327.0
2023-05-19,Karachi,Cafe,Bakery,550.0,15.9,35.9,4.4,86.0
2023-05-19,Islamabad,Dessert,Bakery,536.0,18.3,38.5,4.1,57.0
2023-05-19,Lahore,Cloud Kitchen,Italian,379.0,7.9,47.7,4.6,-37.0
2023-05-19,Multan,Cafe,Breakfast,835.0,20.1,34.8,4.7,97.0
2023-05-19,Karachi,Fine Dining,Seafood,3065.0,31.6,28.4,4.2,-38.0
2023-05-19,Islamabad,Cloud Kitchen,Chinese,2316.0,10.3,50.0,4.3,353.0
2023-05-20,Lahore,Cafe,Coffee & Snacks,760.0,13.5,41.0,4.3,43.0
2023-05-20,Multan,Fast Food,Burgers,702.0,29.2,33.5,5.0,-80.0
2023-05-20,Karachi,Cloud Kitchen,Indian,1243.0,8.4,28.4,4.4,196.0
2023-05-20,Karachi,Cloud Kitchen,Indian,666.0,23.2,32.9,4.8,-22.0
2023-05-20,Faisalabad,Cafe,Bakery,538.0,3.6,44.2,3.9,92.0
2023-05-20,Karachi,Fast Food,Pizza,366.0,15.2,27.7,4.5,-6.0
2023-05-20,Karachi,Fast Food,Burgers,708.0,14.5,39.1,4.4,41.0
2023-05-20,Islamabad,Cloud Kitchen,Italian,1125.0,14.2,31.9,4.0,131.0
2023-05-21,Karachi,Fine Dining,Steakhouse,2275.0,12.0,43.9,4.7,249.0
2023-05-21,Karachi,Fast Food,Pizza,586.0,7.7,24.9,4.6,48.0
2023-05-21,Lahore,Fast Food,Fried Chicken,468.0,5.9,79.2,4.7,-40.0
2023-05-21,Karachi,Cloud Kitchen,Indian,1364.0,19.0,28.5,4.5,140.0
2023-05-21,Lahore,Dessert,Ice Cream,416.0,18.8,40.8,3.9,48.0
2023-05-22,Karachi,Dessert,Sweets,346.0,16.5,31.4,4.5,-36.0
2023-05-22,Islamabad,Cloud Kitchen,Italian,1617.0,8.5,31.5,4.2,241.0
2023-05-22,Lahore,Fast Food,Fried Chicken,421.0,12.4,37.8,4.9,13.0
2023-05-22,Lahore,Cloud Kitchen,Biryani,1419.0,10.1,37.5,4.0,168.0
2023-05-22,Islamabad,Fine Dining,Seafood,1284.0,13.5,37.8,4.2,115.0
2023-05-22,Lahore,Fine Dining,Continental,1516.0,9.0,29.1,4.6,193.0
2023-05-22,Karachi,Cafe,Bakery,637.0,12.6,34.5,4.6,135.0
2023-05-23,Lahore,Cloud Kitchen,Chinese,1054.0,14.0,54.2,4.0,114.0
2023-05-23,Multan,Cloud Kitchen,Indian,585.0,37.8,35.4,5.0,-117.0
2023-05-23,Islamabad,Cafe,Sandwiches,233.0,19.8,28.9,4.3,-45.0
2023-05-23,Islamabad,Cafe,Sandwiches,416.0,30.6,36.4,3.8,-28.0
2023-05-23,Lahore,Fast Food,Pizza,1219.0,28.7,44.3,4.6,-19.0
2023-05-24,Multan,Cafe,Sandwiches,380.0,5.2,40.9,4.9,21.0
2023-05-24,Karachi,Dessert,Cakes,353.0,13.0,36.2,4.3,41.0
2023-05-24,Lahore,Fast Food,Burgers,990.0,16.3,39.0,4.5,10.0
2023-05-24,Islamabad,Cloud Kitchen,Italian,1478.0,37.5,39.2,4.9,-38.0
2023-05-25,Islamabad,Cafe,Sandwiches,507.0,13.0,31.4,4.5,43.0
2023-05-25,Karachi,Cloud Kitchen,Italian,625.0,1.9,45.1,4.6,97.0
2023-05-25,Lahore,Fast Food,Fried Chicken,578.0,4.6,30.7,4.4,52.0
2023-05-25,Islamabad,Dessert,Cakes,562.0,4.7,32.2,4.6,126.0
2023-05-25,Karachi,Cloud Kitchen,Biryani,1894.0,9.3,116.8,4.7,221.0
2023-05-25,Lahore,Cafe,Bakery,596.0,37.1,18.9,4.7,-58.0
2023-05-25,Karachi,Cloud Kitchen,Chinese,2112.0,5.3,39.9,4.1,407.0
2023-05-25,Islamabad,Fine Dining,Steakhouse,3801.0,31.9,34.7,4.6,-31.0
2023-05-26,Multan,Dessert,Ice Cream,216.0,10.9,47.7,4.1,13.0
2023-05-26,Lahore,Fast Food,Pizza,15507.778587835714,8.2,41.5,4.6,-3988.4854703991787
2023-05-26,Karachi,Fast Food,Sandwiches,937.0,8.9,111.4,3.2,52.0
2023-05-26,Karachi,Fast Food,Sandwiches,702.0,7.1,31.9,3.6,71.0
2023-05-26,Lahore,Fast Food,Burgers,1180.0,13.0,37.0,4.8,152.0
2023-05-26,Lahore,Cafe,Coffee & Snacks,825.0,4.7,37.7,4.6,114.0
2023-05-26,Karachi,Cloud Kitchen,Italian,1297.0,17.7,15.6,4.8,168.0
2023-05-27,Faisalabad,Cafe,Breakfast,485.0,13.7,32.5,4.3,-11.0
2023-05-27,Faisalabad,Cafe,Bakery,887.0,30.1,34.6,4.3,4.0
2023-05-27,Faisalabad,Fast Food,Sandwiches,374.0,18.6,31.8,4.0,-21.0
2023-05-27,Islamabad,Cafe,Coffee & Snacks,618.0,34.9,43.8,4.2,-40.0
2023-05-27,Faisalabad,Dessert,Sweets,465.0,4.9,27.3,4.1,120.0
2023-05-27,Islamabad,Cafe,Sandwiches,429.0,9.9,27.1,4.7,47.0
2023-05-27,Islamabad,Dessert,Bakery,235.0,21.0,36.0,3.9,10.0
2023-05-28,Islamabad,Cafe,Sandwiches,523.0,10.7,35.9,5.0,-30.0
2023-05-28,Karachi,Fine Dining,Steakhouse,2086.0,14.1,91.5,4.6,164.0
2023-05-28,Lahore,Fast Food,Burgers,569.0,12.9,27.9,4.3,42.0
2023-05-28,Multan,Dessert,Ice Cream,316.0,14.4,20.8,4.9,28.0
2023-05-28,Islamabad,Fast Food,Pizza,500.0,22.3,38.1,4.8,-34.0
2023-05-28,Lahore,Fine Dining,Continental,2556.0,9.8,42.4,3.7,281.0
2023-05-28,Islamabad,Dessert,Sweets,736.0,23.6,37.0,4.6,69.0
2023-05-29,Karachi,Fast Food,Sandwiches,315.0,9.5,87.8,4.1,-36.0
2023-05-29,Lahore,Cloud Kitchen,Chinese,1317.0,18.5,26.5,4.5,68.0
2023-05-29,Lahore,Cloud Kitchen,Biryani,912.0,11.1,33.3,4.5,80.0
2023-05-29,Karachi,Fine Dining,Steakhouse,1642.0,18.0,22.9,4.5,71.0
2023-05-29,Karachi,Fine Dining,Fusion,908.0,9.7,32.2,4.7,90.0
2023-05-29,Islamabad,Dessert,Cakes,292.0,5.8,29.3,4.7,40.0
2023-05-29,Lahore,Cafe,Sandwiches,522.0,8.1,22.9,5.0,65.0
2023-05-30,Lahore,Fine Dining,Fusion,6214.0,8.0,26.7,4.3,956.0
2023-05-30,Karachi,Dessert,Sweets,348.0,25.2,30.3,3.9,-36.0
2023-05-30,Lahore,Cloud Kitchen,Italian,1438.0,9.2,39.4,3.9,139.0
2023-05-30,Karachi,Fast Food,Fried Chicken,583.0,16.9,35.0,4.7,40.0
2023-05-30,Lahore,Fast Food,Burgers,548.0,11.6,30.7,4.9,-7.0
2023-05-30,Karachi,Dessert,Ice Cream,431.0,15.3,38.7,4.8,56.0
2023-05-31,Karachi,Dessert,Ice Cream,752.0,2.5,82.7,5.0,149.0
2023-05-31,Karachi,Cafe,Bakery,365.0,14.0,25.6,4.8,25.0
2023-05-31,Islamabad,Dessert,Bakery,925.0,27.0,23.1,5.0,105.0
2023-05-31,Faisalabad,Cloud Kitchen,Indian,1039.0,5.1,25.5,5.0,201.0
2023-05-31,Islamabad,Cloud Kitchen,Indian,1993.0,0.6,33.1,4.5,395.0
2023-05-31,Faisalabad,Dessert,Ice Cream,167.0,17.3,27.3,4.1,-98.0
2023-06-01,Faisalabad,Cloud Kitchen,Italian,1489.0,22.9,36.4,5.0,81.0
2023-06-01,Multan,Fast Food,Fried Chicken,249.0,20.1,34.5,4.5,8.0
2023-06-01,Lahore,Cafe,Breakfast,831.0,5.8,41.4,3.9,147.0
2023-06-01,Lahore,Cafe,Breakfast,553.0,7.1,28.7,4.0,68.0
2023-06-01,Karachi,Cloud Kitchen,Indian,1106.0,4.6,18.1,4.8,165.0
2023-06-01,Karachi,Cloud Kitchen,Italian,742.0,8.0,22.3,5.0,110.0
2023-06-01,Islamabad,Fast Food,Pizza,533.0,13.5,35.0,3.6,29.0
2023-06-02,Lahore,Cafe,Breakfast,698.0,9.8,31.0,4.5,112.0
2023-06-02,Lahore,Fast Food,Fried Chicken,1054.0,14.3,26.3,4.2,116.0
2023-06-02,Karachi,Cloud Kitchen,Italian,1338.0,6.6,24.8,5.0,180.0
2023-06-02,Lahore,Fast Food,Fried Chicken,407.0,8.3,43.4,4.0,30.0
2023-06-02,Lahore,Fast Food,Fried Chicken,1410.0,10.9,32.2,4.8,260.0
2023-06-02,Islamabad,Cloud Kitchen,Italian,1902.0,28.5,18.5,5.0,92.0
2023-06-03,Islamabad,Fast Food,Pizza,1350.0,8.6,20.9,4.1,285.0
2023-06-03,Islamabad,Fine Dining,Fusion,2667.0,1.1,34.9,4.1,464.0
2023-06-03,Lahore,Cafe,Bakery,244.0,9.3,31.0,5.0,38.0
2023-06-03,Multan,Fine Dining,Steakhouse,2411.0,10.1,30.7,4.6,343.0
2023-06-03,Karachi,Cloud Kitchen,Italian,1076.0,39.4,25.6,4.7,-57.0
2023-06-03,Islamabad,Fast Food,Fried Chicken,455.0,8.1,39.4,4.7,28.0
2023-06-03,Karachi,Fast Food,Fried Chicken,304.0,19.1,41.7,4.4,-26.0
2023-06-03,Karachi,Fast Food,Burgers,492.0,20.7,25.0,4.9,-27.0
2023-06-03,Islamabad,Dessert,Sweets,724.0,19.0,34.1,4.4,71.0
2023-06-03,Faisalabad,Dessert,Ice Cream,1444.0,16.7,25.4,4.2,223.0
2023-06-03,Lahore,Cafe,Sandwiches,635.0,17.7,46.6,4.9,47.0
2023-06-04,Karachi,Fast Food,Sandwiches,296.0,7.4,21.2,4.7,19.0
2023-06-04,Lahore,Cloud Kitchen,Biryani,1007.0,5.2,39.2,4.5,166.0
2023-06-04,Karachi,Cafe,Breakfast,354.0,10.5,36.5,4.4,5.0
2023-06-04,Lahore,Fast Food,Fried Chicken,629.0,4.0,43.9,4.5,50.0
2023-06-04,Islamabad,Fast Food,Pizza,996.0,7.4,24.8,4.4,138.0
2023-06-04,Karachi,Dessert,Cakes,562.0,5.6,42.7,4.2,113.0
2023-06-04,Lahore,Dessert,Ice Cream,307.0,43.0,31.1,4.9,-58.0
2023-06-04,Lahore,Cafe,Sandwiches,328.0,24.5,38.9,4.6,-57.0
2023-06-05,Islamabad,Cafe,Breakfast,480.0,0.7,101.6,3.2,54.0
2023-06-05,Islamabad,Dessert,Cakes,661.0,22.1,35.5,4.6,48.0
2023-06-05,Islamabad,Fine Dining,Steakhouse,2092.0,15.7,27.1,4.3,232.0
2023-06-05,Lahore,Fast Food,Burgers,409.0,7.7,32.2,5.0,-40.0
2023-06-05,Islamabad,Cloud Kitchen,Biryani,580.0,7.2,31.7,4.5,13.0
2023-06-05,Karachi,Cafe,Bakery,714.0,23.1,33.8,4.5,34.0
2023-06-05,Faisalabad,Dessert,Bakery,736.0,9.7,36.9,4.6,130.0
2023-06-05,Islamabad,Dessert,Bakery,468.0,12.2,23.6,4.6,123.0
2023-06-05,Islamabad,Dessert,Bakery,368.0,36.7,37.2,4.1,-34.0
2023-06-05,Lahore,Dessert,Sweets,291.0,5.2,35.3,5.0,48.0
2023-06-05,Karachi,Fast Food,Burgers,681.0,14.8,36.8,4.8,51.0
2023-06-06,Karachi,Cafe,Coffee & Snacks,2322.0,21.3,21.2,5.0,339.0
2023-06-06,Faisalabad,Fast Food,Burgers,671.0,7.2,51.4,4.1,67.0
2023-06-06,Faisalabad,Cafe,Bakery,805.0,5.6,39.0,4.4,139.0
2023-06-06,Lahore,Fine Dining,Fusion,2708.0,1.7,20.9,5.0,523.0
2023-06-06,Karachi,Fine Dining,Seafood,1159.0,32.4,25.1,5.0,-41.0
2023-06-06,Lahore,Dessert,Cakes,460.0,8.7,35.0,4.3,74.0
2023-06-07,Lahore,Cloud Kitchen,Indian,1814.0,19.7,25.1,4.7,126.0
2023-06-07,Islamabad,Cafe,Sandwiches,525.0,18.1,28.1,4.9,31.0
2023-06-07,Faisalabad,Cafe,Sandwiches,786.0,12.5,15.1,5.0,116.0
2023-06-07,Lahore,Fast Food,Fried Chicken,1028.0,8.2,36.1,4.1,92.0
2023-06-07,Faisalabad,Cloud Kitchen,Chinese,1148.0,21.7,27.9,4.5,34.0
2023-06-07,Lahore,Fine Dining,Seafood,1958.0,13.4,37.0,4.3,166.0
2023-06-07,Karachi,Cloud Kitchen,Indian,1247.0,10.9,34.1,4.5,241.0
2023-06-07,Karachi,Cloud Kitchen,Chinese,582.0,11.2,26.1,5.0,-28.0
2023-06-07,Faisalabad,Fast Food,Pizza,772.0,0.3,29.2,4.6,106.0
2023-06-08,Karachi,Cafe,Sandwiches,699.0,5.1,27.8,4.8,122.0
2023-06-08,Islamabad,Fine Dining,Fusion,2739.0,20.0,37.9,4.3,196.0
2023-06-08,Multan,Cafe,Coffee & Snacks,506.0,7.6,30.8,5.0,50.0
2023-06-08,Karachi,Fast Food,Pizza,704.0,1.2,17.5,4.2,118.0
2023-06-08,Karachi,Fast Food,Burgers,510.0,9.1,36.2,4.3,94.0
2023-06-08,Lahore,Dessert,Bakery,312.0,28.8,38.9,4.9,4.0
2023-06-08,Lahore,Cloud Kitchen,Biryani,960.0,7.0,31.1,4.0,33.0
2023-06-08,Faisalabad,Dessert,Ice Cream,1068.0,9.8,31.7,4.5,203.0
2023-06-08,Lahore,Fast Food,Fried Chicken,646.0,12.0,31.0,4.9,110.0
2023-06-08,Lahore,Cloud Kitchen,Italian,1859.0,17.7,20.6,4.9,217.0
2023-06-08,Karachi,Fine Dining,Fusion,2636.0,21.4,29.7,4.9,142.0
2023-06-08,Karachi,Dessert,Bakery,785.0,12.9,23.3,4.9,170.0
2023-06-09,Karachi,Fast Food,Pizza,609.0,7.5,36.9,4.9,30.0
2023-06-09,Islamabad,Dessert,Cakes,366.0,4.2,35.6,4.6,18.0
2023-06-09,Lahore,Cloud Kitchen,Biryani,719.0,4.3,36.4,5.0,42.0
2023-06-09,Lahore,Fine Dining,Seafood,3300.0,17.8,40.6,4.2,294.0
2023-06-09,Lahore,Fast Food,Pizza,600.0,12.2,30.1,4.2,52.0
2023-06-09,Islamabad,Cafe,Coffee & Snacks,815.0,14.0,46.0,4.1,118.0
2023-06-09,Lahore,Cafe,Sandwiches,450.0,20.8,28.3,4.3,28.0
2023-06-09,Karachi,Fast Food,Fried Chicken,13081.336091845757,9.4,23.0,4.1,-3303.1960501484136
2023-06-10,Islamabad,Fast Food,Sandwiches,2175.0,23.0,30.0,4.9,243.0
2023-06-10,Lahore,Fast Food,Pizza,1568.0,4.9,14.2,5.0,379.0
2023-06-10,Faisalabad,Cloud Kitchen,Chinese,1349.0,14.2,34.0,4.3,134.0
2023-06-11,Lahore,Fast Food,Sandwiches,1352.0,26.7,32.9,4.6,60.0
2023-06-11,Karachi,Dessert,Bakery,412.0,13.1,29.0,4.5,27.0
2023-06-11,Karachi,Fine Dining,Steakhouse,2072.0,9.6,28.4,4.3,282.0
2023-06-11,Lahore,Cafe,Sandwiches,520.0,12.9,32.0,4.6,59.0
2023-06-11,Lahore,Cafe,Coffee & Snacks,680.0,15.4,24.1,4.7,121.0
2023-06-11,Karachi,Dessert,Ice Cream,358.0,17.0,26.3,4.7,28.0
2023-06-11,Faisalabad,Cloud Kitchen,Italian,1163.0,30.5,32.7,4.0,0.0
2023-06-11,Islamabad,Fast Food,Fried Chicken,653.0,9.8,39.1,4.1,69.0
2023-06-12,Lahore,Fast Food,Sandwiches,498.0,4.0,37.2,4.5,74.0
2023-06-12,Karachi,Cloud Kitchen,Indian,759.0,22.1,29.1,4.4,22.0
2023-06-12,Karachi,Cloud Kitchen,Indian,1980.0,5.5,47.0,4.5,329.0
2023-06-12,Karachi,Cloud Kitchen,Biryani,1361.0,11.2,31.0,4.4,223.0
2023-06-12,Karachi,Cafe,Bakery,638.0,0.9,40.7,4.8,148.0
2023-06-12,Karachi,Dessert,Bakery,446.0,7.0,32.7,4.7,77.0
2023-06-12,Islamabad,Cloud Kitchen,Biryani,486.0,6.0,46.9,4.1,30.0
2023-06-12,Islamabad,Fast Food,Pizza,568.0,10.8,49.5,4.3,68.0
2023-06-13,Faisalabad,Cafe,Coffee & Snacks,869.0,20.0,33.5,3.8,39.0
2023-06-13,Lahore,Cafe,Sandwiches,294.0,4.8,27.0,4.6,67.0
2023-06-13,Islamabad,Dessert,Ice Cream,398.0,23.2,34.7,4.7,-18.0
2023-06-13,Lahore,Cloud Kitchen,Italian,1182.0,25.9,28.4,4.1,44.0
2023-06-13,Lahore,Cafe,Coffee & Snacks,630.0,2.1,12.5,4.9,137.0
2023-06-13,Lahore,Cloud Kitchen,Italian,940.0,4.5,32.6,4.9,121.0
2023-06-14,Islamabad,Cloud Kitchen,Indian,1340.0,19.6,28.6,4.8,92.0
2023-06-14,Faisalabad,Fine Dining,Continental,3063.0,6.8,32.4,4.1,484.0
2023-06-14,Lahore,Fast Food,Pizza,842.0,9.9,42.1,4.6,-30.0
2023-06-14,Faisalabad,Fine Dining,Seafood,3515.0,1.5,34.6,4.2,679.0
2023-06-14,Faisalabad,Cloud Kitchen,Chinese,945.0,10.6,33.1,4.2,79.0
2023-06-14,Faisalabad,Fast Food,Pizza,1122.0,28.4,24.7,4.9,120.0
2023-06-14,Karachi,Fine Dining,Continental,3294.0,16.8,28.2,5.0,320.0
2023-06-14,Karachi,Dessert,Ice Cream,351.0,24.8,21.1,4.1,-20.0
2023-06-14,Lahore,Cloud Kitchen,Italian,1187.0,16.4,29.3,4.2,56.0
2023-06-14,Faisalabad,Fast Food,Fried Chicken,330.0,10.7,25.2,4.7,-1.0
2023-06-14,Karachi,Fast Food,Sandwiches,730.0,1.3,26.1,4.6,79.0
2023-06-15,Multan,Fast Food,Burgers,960.0,4.8,25.3,5.0,175.0
2023-06-15,Karachi,Cloud Kitchen,Italian,866.0,11.3,13.0,5.0,108.0
2023-06-15,Karachi,Cloud Kitchen,Indian,2491.0,9.5,20.9,4.1,360.0
2023-06-15,Multan,Fast Food,Sandwiches,1217.0,7.7,21.0,4.9,110.0
2023-06-15,Islamabad,Fast Food,Pizza,422.0,8.0,33.9,4.2,7.0
2023-06-15,Karachi,Cafe,Sandwiches,642.0,13.5,26.2,4.2,108.0
2023-06-15,Karachi,Fast Food,Burgers,774.0,7.6,43.8,4.5,82.0
2023-06-15,Islamabad,Cloud Kitchen,Biryani,953.0,4.7,35.7,5.0,97.0
2023-06-15,Lahore,Cafe,Bakery,522.0,7.3,14.4,5.0,86.0
2023-06-15,Lahore,Cafe,Coffee & Snacks,701.0,16.2,31.6,5.0,119.0
2023-06-15,Karachi,Cafe,Sandwiches,474.0,6.1,38.1,4.2,69.0
2023-06-16,Lahore,Cloud Kitchen,Italian,1181.0,6.3,28.9,4.2,178.0
2023-06-16,Faisalabad,Dessert,Cakes,659.0,22.3,18.7,4.4,121.0
2023-06-16,Lahore,Cafe,Bakery,433.0,14.0,13.0,5.0,48.0
2023-06-16,Faisalabad,Fine Dining,Fusion,1348.0,1.0,39.2,4.1,216.0
2023-06-16,Islamabad,Cafe,Sandwiches,691.0,18.8,34.1,4.8,78.0
2023-06-16,Lahore,Cafe,Breakfast,356.0,17.3,32.8,4.3,-14.0
2023-06-16,Islamabad,Fast Food,Sandwiches,288.0,6.5,25.7,4.2,17.0
2023-06-17,Multan,Cloud Kitchen,Italian,10049.210243719897,12.7,28.3,4.3,-4884.912669560292
2023-06-17,Karachi,Fine Dining,Continental,1579.0,34.1,33.7,4.7,-77.0
2023-06-17,Islamabad,Fast Food,Burgers,342.0,5.6,47.8,4.6,-1.0
2023-06-17,Faisalabad,Fast Food,Fried Chicken,351.0,22.4,26.3,4.5,-53.0
2023-06-17,Lahore,Fast Food,Burgers,730.0,4.5,47.1,4.0,58.0
2023-06-17,Multan,Cafe,Coffee & Snacks,526.0,20.4,29.8,4.8,44.0
2023-06-17,Multan,Cloud Kitchen,Italian,990.0,21.0,43.8,4.6,-17.0
2023-06-18,Karachi,Cafe,Coffee & Snacks,473.0,19.4,28.2,4.2,14.0
2023-06-18,Multan,Cloud Kitchen,Biryani,690.0,4.4,46.7,3.8,106.0
2023-06-18,Karachi,Fine Dining,Steakhouse,4084.0,5.1,42.1,4.7,647.0
2023-06-18,Islamabad,Fine Dining,Seafood,5829.0,11.6,38.1,4.0,811.0
2023-06-18,Karachi,Fast Food,Fried Chicken,781.0,8.8,24.4,4.7,62.0
2023-06-18,Multan,Cafe,Coffee & Snacks,770.0,24.7,37.7,4.5,62.0
2023-06-18,Islamabad,Cloud Kitchen,Chinese,1962.0,34.3,39.2,4.0,-23.0
2023-06-18,Islamabad,Cloud Kitchen,Indian,482.0,31.5,28.2,4.4,-24.0
2023-06-18,Faisalabad,Fast Food,Sandwiches,396.0,11.0,39.2,5.0,20.0
2023-06-18,Lahore,Cloud Kitchen,Chinese,2063.0,16.5,31.4,4.4,258.0
2023-06-19,Faisalabad,Dessert,Cakes,1034.0,30.9,34.6,4.6,123.0
2023-06-19,Islamabad,Cloud Kitchen,Indian,1680.0,7.7,28.4,4.8,185.0
2023-06-19,Karachi,Cafe,Coffee & Snacks,537.0,13.8,43.0,4.5,10.0
2023-06-19,Karachi,Cloud Kitchen,Italian,966.0,2.4,42.9,5.0,105.0
2023-06-19,Karachi,Cafe,Sandwiches,405.0,12.4,26.7,4.2,-14.0
2023-06-19,Lahore,Cafe,Bakery,862.0,7.9,30.0,4.3,129.0
2023-06-19,Karachi,Fine Dining,Continental,5741.0,6.5,24.2,4.4,995.0
2023-06-20,Karachi,Dessert,Cakes,169.0,23.2,23.3,4.6,17.0
2023-06-20,Lahore,Fast Food,Fried Chicken,504.0,35.3,44.2,3.8,-72.0
2023-06-20,Islamabad,Fast Food,Sandwiches,535.0,36.5,35.1,4.6,-93.0
2023-06-20,Karachi,Cloud Kitchen,Biryani,1298.0,8.5,45.1,4.3,149.0
2023-06-20,Lahore,Cafe,Bakery,832.0,6.1,32.9,4.7,149.0
2023-06-21,Karachi,Cloud Kitchen,Indian,1310.0,19.6,31.9,5.0,58.0
2023-06-21,Lahore,Fine Dining,Steakhouse,2651.0,8.5,32.5,4.8,354.0
2023-06-21,Faisalabad,Fast Food,Sandwiches,411.0,1.0,28.7,4.5,64.0
2023-06-21,Islamabad,Cafe,Breakfast,498.0,10.8,29.8,4.3,12.0
2023-06-21,Lahore,Dessert,Sweets,231.0,21.5,35.0,4.5,-40.0
2023-06-21,Multan,Cafe,Sandwiches,1037.0,5.1,37.9,4.5,184.0
2023-06-21,Lahore,Fine Dining,Continental,1838.0,14.9,40.2,4.7,166.0
2023-06-22,Karachi,Fine Dining,Fusion,3048.0,35.5,35.2,4.0,-100.0
2023-06-22,Karachi,Fast Food,Fried Chicken,709.0,6.1,28.6,4.4,113.0
2023-06-22,Karachi,Cafe,Bakery,424.0,17.2,26.8,5.0,-19.0
2023-06-22,Islamabad,Cafe,Sandwiches,877.0,3.1,21.0,5.0,148.0
2023-06-22,Karachi,Cafe,Bakery,326.0,9.0,52.5,3.9,-18.0
2023-06-22,Islamabad,Fast Food,Sandwiches,287.0,9.3,41.7,4.4,-33.0
2023-06-22,Islamabad,Cafe,Sandwiches,259.0,8.0,35.5,4.8,-11.0
2023-06-22,Karachi,Fast Food,Burgers,270.0,15.9,45.7,4.8,-56.0
2023-06-23,Lahore,Cafe,Coffee & Snacks,758.0,12.1,31.4,4.3,107.0
2023-06-23,Karachi,Cafe,Breakfast,367.0,4.7,34.2,4.4,90.0
2023-06-23,Islamabad,Dessert,Ice Cream,465.0,1.0,40.4,4.6,75.0
2023-06-23,Lahore,Fine Dining,Continental,1357.0,5.5,22.4,4.4,234.0
2023-06-23,Islamabad,Dessert,Cakes,1444.0,18.4,33.7,4.2,194.0
2023-06-23,Islamabad,Fine Dining,Fusion,1195.0,7.5,31.8,4.4,155.0
2023-06-23,Karachi,Fast Food,Sandwiches,536.0,3.8,19.1,5.0,52.0
2023-06-23,Lahore,Dessert,Ice Cream,150.0,3.2,15.6,5.0,19.0
2023-06-24,Lahore,Fast Food,Sandwiches,645.0,7.5,43.8,4.3,36.0
2023-06-24,Islamabad,Cloud Kitchen,Italian,2761.0,4.1,30.5,4.8,570.0
2023-06-24,Lahore,Cloud Kitchen,Indian,1606.0,10.8,39.1,4.1,223.0
2023-06-24,Faisalabad,Fast Food,Sandwiches,1064.0,35.4,24.4,4.7,7.0
2023-06-24,Lahore,Cafe,Bakery,939.0,3.2,35.6,4.4,236.0
2023-06-24,Karachi,Cafe,Bakery,403.0,11.4,42.2,4.5,-30.0
2023-06-24,Lahore,Cafe,Coffee & Snacks,814.0,3.7,23.8,4.9,102.0
2023-06-24,Faisalabad,Cloud Kitchen,Biryani,11293.495061282192,5.8,15.1,4.6,-4149.889019821
2023-06-25,Lahore,Cloud Kitchen,Indian,1572.0,20.8,14.4,4.9,179.0
2023-06-25,Multan,Cloud Kitchen,Italian,1087.0,7.2,37.6,4.5,109.0
2023-06-25,Karachi,Cloud Kitchen,Biryani,1198.0,7.0,36.4,3.7,202.0
2023-06-25,Multan,Dessert,Ice Cream,303.0,25.8,32.8,4.7,-16.0
2023-06-25,Karachi,Cafe,Coffee & Snacks,343.0,5.7,44.9,3.8,56.0
2023-06-25,Faisalabad,Fast Food,Burgers,619.0,18.7,34.0,4.7,31.0
2023-06-25,Multan,Fast Food,Pizza,633.0,14.2,22.0,5.0,26.0
2023-06-25,Faisalabad,Fast Food,Burgers,1320.0,4.0,37.0,4.1,222.0
2023-06-25,Islamabad,Fast Food,Burgers,877.0,12.0,37.3,4.0,91.0
2023-06-25,Islamabad,Fast Food,Sandwiches,423.0,1.9,31.5,5.0,36.0
2023-06-25,Lahore,Dessert,Sweets,383.0,8.2,43.7,4.6,46.0
2023-06-25,Islamabad,Fast Food,Burgers,449.0,11.4,52.8,4.2,13.0
2023-06-25,Faisalabad,Fast Food,Sandwiches,674.0,13.5,38.4,4.2,39.0
2023-06-25,Lahore,Cafe,Coffee & Snacks,261.0,17.1,23.0,5.0,-16.0
2023-06-26,Lahore,Fast Food,Burgers,726.0,39.8,29.6,4.6,-81.0
2023-06-26,Lahore,Cafe,Sandwiches,503.0,11.0,36.1,4.7,21.0
2023-06-26,Islamabad,Dessert,Ice Cream,1072.0,24.9,38.7,4.9,167.0
2023-06-26,Faisalabad,Dessert,Ice Cream,378.0,9.9,30.0,4.7,27.0
2023-06-26,Karachi,Cloud Kitchen,Italian,1193.0,25.1,36.8,4.6,-57.0
2023-06-27,Faisalabad,Fast Food,Burgers,634.0,8.5,34.3,4.8,64.0
2023-06-27,Islamabad,Fast Food,Fried Chicken,537.0,4.9,30.0,4.4,36.0
2023-06-27,Karachi,Dessert,Ice Cream,606.0,16.2,23.8,4.8,90.0
2023-06-27,Islamabad,Dessert,Sweets,439.0,13.9,37.7,4.7,-4.0
2023-06-27,Islamabad,Fast Food,Burgers,268.0,45.0,35.5,4.0,-99.0
2023-06-27,Islamabad,Fast Food,Fried Chicken,381.0,19.2,46.5,4.4,-56.0
2023-06-27,Lahore,Cafe,Breakfast,580.0,8.2,28.4,5.0,16.0
2023-06-27,Faisalabad,Fast Food,Sandwiches,531.0,9.6,41.4,4.1,-52.0
2023-06-27,Islamabad,Cloud Kitchen,Biryani,2244.0,14.9,58.8,4.3,262.0
2023-06-28,Lahore,Fine Dining,Steakhouse,3609.0,7.8,40.5,4.2,539.0
2023-06-28,Multan,Fast Food,Burgers,338.0,4.6,23.9,4.8,36.0
2023-06-28,Multan,Cloud Kitchen,Biryani,624.0,17.0,26.2,4.8,27.0
2023-06-28,Lahore,Fast Food,Burgers,629.0,8.0,23.6,4.7,89.0
2023-06-28,Karachi,Dessert,Sweets,339.0,5.1,107.8,4.7,16.0
2023-06-28,Islamabad,Cafe,Breakfast,535.0,29.0,37.4,4.4,19.0
2023-06-29,Karachi,Dessert,Bakery,1032.0,4.5,106.0,3.7,188.0
2023-06-29,Karachi,Fast Food,Fried Chicken,259.0,8.7,23.1,5.0,0.0
2023-06-29,Karachi,Cloud Kitchen,Italian,852.0,2.2,35.8,4.0,122.0
2023-06-29,Multan,Cafe,Breakfast,760.0,16.7,26.9,4.4,14.0
2023-06-29,Lahore,Cloud Kitchen,Italian,712.0,6.1,25.9,4.8,124.0
2023-06-29,Faisalabad,Cloud Kitchen,Biryani,733.0,17.8,37.2,4.7,46.0
2023-06-29,Karachi,Cloud Kitchen,Chinese,1052.0,7.1,36.7,4.0,183.0
2023-06-29,Lahore,Dessert,Ice Cream,399.0,12.0,40.0,4.3,46.0
2023-06-29,Islamabad,Cloud Kitchen,Indian,1068.0,3.2,30.4,4.2,181.0
2023-06-30,Karachi,Fine Dining,Continental,7917.0,5.2,37.9,4.5,1405.0
2023-06-30,Lahore,Cafe,Sandwiches,338.0,7.5,18.5,4.5,38.0
2023-06-30,Lahore,Cloud Kitchen,Chinese,2266.0,25.7,22.4,4.0,126.0
2023-06-30,Karachi,Fast Food,Burgers,670.0,33.6,27.3,4.6,-114.0
2023-06-30,Karachi,Fast Food,Burgers,1108.0,28.9,25.8,5.0,92.0
2023-06-30,Faisalabad,Fast Food,Burgers,1269.0,2.4,39.1,4.1,277.0
2023-06-30,Faisalabad,Cafe,Bakery,1104.0,20.3,21.5,5.0,175.0
2023-06-30,Lahore,Fast Food,Fried Chicken,502.0,5.3,30.5,5.0,55.0
2023-06-30,Lahore,Fast Food,Pizza,1040.0,5.8,30.3,4.6,200.0
2023-06-30,Karachi,Fast Food,Fried Chicken,534.0,18.7,91.8,3.0,-67.0
2023-07-01,Lahore,Cloud Kitchen,Chinese,1719.0,7.1,27.2,4.8,290.0
2023-07-01,Lahore,Fast Food,Fried Chicken,690.0,15.4,30.0,4.3,57.0
2023-07-01,Lahore,Fast Food,Burgers,334.0,5.7,39.8,4.3,-0.0
2023-07-01,Karachi,Cloud Kitchen,Chinese,1323.0,13.0,31.5,4.3,143.0
2023-07-02,Lahore,Dessert,Sweets,403.0,11.8,50.2,4.8,46.0
2023-07-02,Islamabad,Cloud Kitchen,Biryani,1753.0,16.1,39.8,4.8,145.0
2023-07-02,Lahore,Cafe,Breakfast,1320.0,4.0,38.3,4.6,332.0
2023-07-02,Islamabad,Fast Food,Sandwiches,1190.0,9.4,32.8,5.0,117.0
2023-07-02,Lahore,Cloud Kitchen,Biryani,892.0,13.9,33.7,4.4,76.0
2023-07-02,Karachi,Fast Food,Sandwiches,326.0,12.4,50.2,5.0,1.0
2023-07-02,Lahore,Fine Dining,Continental,2319.0,11.2,35.7,4.5,313.0
2023-07-02,Lahore,Fast Food,Fried Chicken,603.0,9.9,14.0,4.9,104.0
2023-07-02,Karachi,Cafe,Breakfast,454.0,11.2,27.0,4.6,108.0
2023-07-02,Multan,Cafe,Sandwiches,403.0,22.1,22.9,4.5,-17.0
2023-07-03,Karachi,Cafe,Coffee & Snacks,418.0,17.4,40.9,4.5,-4.0
2023-07-03,Lahore,Cafe,Breakfast,341.0,14.8,36.1,4.2,-32.0
2023-07-03,Karachi,Dessert,Bakery,371.0,25.6,25.9,4.4,-27.0
2023-07-03,Karachi,Fine Dining,Seafood,4408.0,8.6,34.0,4.7,689.0
2023-07-03,Multan,Fine Dining,Steakhouse,6217.0,20.7,34.1,4.7,472.0
2023-07-03,Multan,Cloud Kitchen,Chinese,881.0,3.4,34.4,5.0,122.0
2023-07-03,Islamabad,Fast Food,Sandwiches,428.0,14.4,33.0,5.0,10.0
2023-07-04,Karachi,Fast Food,Pizza,781.0,13.8,43.4,4.9,35.0
2023-07-04,Lahore,Cafe,Sandwiches,654.0,1.1,33.3,4.7,94.0
2023-07-04,Karachi,Cafe,Sandwiches,871.0,14.0,28.9,4.7,170.0
2023-07-04,Islamabad,Fast Food,Burgers,758.0,9.7,27.7,4.1,87.0
2023-07-04,Faisalabad,Fast Food,Sandwiches,738.0,15.2,42.8,4.6,165.0
2023-07-04,Faisalabad,Cafe,Breakfast,407.0,6.5,29.0,4.6,69.0
2023-07-05,Faisalabad,Fast Food,Burgers,841.0,8.6,43.4,3.6,100.0
2023-07-05,Faisalabad,Cafe,Breakfast,841.0,24.9,36.3,3.9,64.0
2023-07-05,Karachi,Cloud Kitchen,Italian,857.0,8.9,38.8,4.7,152.0
2023-07-05,Lahore,Fast Food,Fried Chicken,598.0,5.9,33.9,4.6,44.0
2023-07-05,Faisalabad,Fast Food,Pizza,480.0,16.2,25.6,4.7,18.0
2023-07-05,Lahore,Cafe,Breakfast,1327.0,23.0,23.4,4.6,118.0
2023-07-05,Multan,Cafe,Bakery,209.0,21.7,39.2,4.3,-6.0
2023-07-05,Multan,Cloud Kitchen,Biryani,756.0,6.6,41.1,4.0,162.0
2023-07-05,Lahore,Fine Dining,Steakhouse,2128.0,6.2,26.2,4.0,359.0
2023-07-05,Lahore,Dessert,Bakery,876.0,14.1,37.7,4.7,203.0
2023-07-06,Karachi,Fast Food,Sandwiches,429.0,28.8,14.1,4.8,27.0
2023-07-06,Lahore,Dessert,Cakes,259.0,24.1,38.8,4.7,31.0
2023-07-06,Karachi,Cloud Kitchen,Indian,932.0,7.5,29.2,5.0,122.0
2023-07-06,Lahore,Dessert,Cakes,233.0,11.2,38.7,4.1,-57.0
2023-07-06,Multan,Cafe,Bakery,552.0,2.7,24.3,4.9,108.0
2023-07-07,Islamabad,Dessert,Ice Cream,835.0,5.5,20.5,4.6,157.0
2023-07-07,Lahore,Cloud Kitchen,Biryani,1451.0,6.7,28.8,3.6,298.0
2023-07-07,Lahore,Fine Dining,Steakhouse,2728.0,5.3,35.3,5.0,384.0
2023-07-07,Karachi,Fast Food,Burgers,492.0,9.4,29.2,4.7,32.0
2023-07-07,Karachi,Cloud Kitchen,Indian,1413.0,11.0,36.4,4.4,195.0
2023-07-07,Multan,Cafe,Breakfast,1037.0,6.2,40.2,4.9,203.0
2023-07-07,Multan,Cafe,Bakery,1060.0,25.1,39.7,4.4,75.0
2023-07-07,Lahore,Fast Food,Sandwiches,421.0,4.4,37.5,4.7,32.0
2023-07-07,Faisalabad,Cloud Kitchen,Italian,880.0,4.1,17.9,4.0,172.0
2023-07-07,Islamabad,Cafe,Coffee & Snacks,442.0,9.8,53.0,4.5,90.0
2023-07-07,Karachi,Fast Food,Pizza,907.0,13.0,34.9,4.2,101.0
2023-07-07,Lahore,Cloud Kitchen,Indian,1077.0,12.2,28.6,5.0,169.0
2023-07-07,Faisalabad,Fine Dining,Continental,9086.0,9.0,27.7,5.0,1423.0
2023-07-07,Karachi,Dessert,Ice Cream,413.0,12.3,38.4,4.7,40.0
2023-07-08,Faisalabad,Fast Food,Fried Chicken,919.0,21.8,34.2,5.0,30.0
2023-07-08,Karachi,Fast Food,Sandwiches,449.0,15.9,14.3,5.0,50.0
2023-07-08,Lahore,Fast Food,Burgers,613.0,10.9,33.7,3.6,100.0
2023-07-08,Multan,Cloud Kitchen,Biryani,1010.0,10.5,34.7,4.8,137.0
2023-07-08,Islamabad,Dessert,Cakes,423.0,11.5,25.2,5.0,129.0
2023-07-08,Islamabad,Fast Food,Pizza,555.0,4.8,89.6,3.6,-33.0
2023-07-09,Karachi,Cloud Kitchen,Chinese,1166.0,5.8,33.5,4.2,186.0
2023-07-09,Karachi,Fast Food,Sandwiches,785.0,20.1,46.7,3.7,67.0
2023-07-09,Faisalabad,Cafe,Breakfast,961.0,5.4,26.0,4.1,229.0
2023-07-09,Karachi,Cafe,Breakfast,487.0,14.7,33.0,4.5,84.0
2023-07-09,Islamabad,Fast Food,Fried Chicken,654.0,20.2,38.2,3.9,25.0
2023-07-09,Faisalabad,Cafe,Breakfast,258.0,5.6,34.0,4.2,-4.0
2023-07-09,Islamabad,Cloud Kitchen,Italian,2104.0,25.0,21.6,5.0,177.0
2023-07-10,Faisalabad,Cafe,Coffee & Snacks,632.0,8.4,24.8,5.0,117.0
2023-07-10,Karachi,Cloud Kitchen,Chinese,1328.0,12.2,21.7,4.6,227.0
2023-07-10,Karachi,Dessert,Cakes,1001.0,5.3,43.3,4.2,250.0
2023-07-10,Lahore,Fast Food,Burgers,909.0,43.7,40.1,3.9,-68.0
2023-07-10,Islamabad,Fast Food,Pizza,512.0,1.3,80.8,5.0,29.0
2023-07-10,Lahore,Dessert,Ice Cream,552.0,26.6,33.8,4.7,8.0
2023-07-10,Islamabad,Cloud Kitchen,Italian,708.0,7.7,43.1,4.0,112.0
2023-07-10,Islamabad,Cafe,Sandwiches,1171.0,11.6,26.2,5.0,204.0
2023-07-11,Islamabad,Cafe,Bakery,650.0,1.7,34.8,4.4,115.0
2023-07-11,Islamabad,Cloud Kitchen,Biryani,531.0,9.3,19.7,5.0,2.0
2023-07-11,Islamabad,Dessert,Sweets,780.0,2.1,35.3,4.3,152.0
2023-07-11,Multan,Cafe,Sandwiches,284.0,11.3,27.2,4.8,19.0
2023-07-11,Karachi,Dessert,Cakes,1297.0,1.9,29.6,4.3,351.0
2023-07-11,Lahore,Dessert,Cakes,290.0,27.5,39.7,4.5,-35.0
2023-07-12,Lahore,Fine Dining,Seafood,1449.0,2.6,83.0,4.7,224.0
2023-07-12,Karachi,Fast Food,Fried Chicken,799.0,1.4,36.1,4.0,157.0
2023-07-13,Faisalabad,Cafe,Breakfast,631.0,8.8,25.6,4.2,2.0
2023-07-13,Lahore,Fast Food,Pizza,1132.0,14.7,32.5,4.5,147.0
2023-07-13,Karachi,Fine Dining,Seafood,3497.0,3.8,34.0,4.3,605.0
2023-07-14,Karachi,Cloud Kitchen,Chinese,1330.0,9.2,26.9,4.5,142.0
2023-07-14,Karachi,Dessert,Ice Cream,637.0,20.2,39.1,4.9,88.0
2023-07-14,Lahore,Cloud Kitchen,Biryani,1237.0,14.4,37.7,4.4,130.0
2023-07-14,Lahore,Cloud Kitchen,Chinese,1734.0,21.0,40.6,4.3,126.0
2023-07-15,Faisalabad,Dessert,Sweets,194.0,27.5,26.2,5.0,-4.0
2023-07-15,Lahore,Dessert,Cakes,762.0,9.0,33.4,4.7,97.0
2023-07-15,Faisalabad,Cloud Kitchen,Chinese,740.0,8.0,31.1,4.1,36.0
2023-07-16,Islamabad,Dessert,Sweets,301.0,25.2,28.9,4.4,-8.0
2023-07-16,Karachi,Cloud Kitchen,Biryani,1488.0,13.6,33.7,4.1,156.0
2023-07-16,Karachi,Fast Food,Pizza,793.0,5.4,28.1,4.4,140.0
2023-07-16,Multan,Cafe,Breakfast,373.0,35.1,18.2,5.0,-31.0
2023-07-16,Islamabad,Fast Food,Burgers,341.0,13.8,13.9,5.0,-34.0
2023-07-16,Karachi,Cafe,Bakery,320.0,29.9,42.2,4.8,-83.0
2023-07-16,Lahore,Fast Food,Fried Chicken,537.0,5.5,75.0,5.0,60.0
2023-07-16,Faisalabad,Cafe,Coffee & Snacks,294.0,15.8,31.2,4.5,-22.0
2023-07-16,Multan,Fine Dining,Continental,3485.0,3.9,37.4,5.0,623.0
2023-07-16,Karachi,Dessert,Sweets,513.0,12.7,37.5,5.0,16.0
2023-07-17,Faisalabad,Fast Food,Sandwiches,450.0,15.1,29.4,4.6,-49.0
2023-07-17,Lahore,Fast Food,Fried Chicken,695.0,21.0,36.0,4.6,23.0
2023-07-17,Islamabad,Fast Food,Burgers,759.0,6.9,39.9,4.2,93.0
2023-07-17,Karachi,Fast Food,Burgers,844.0,36.2,36.0,4.4,-83.0
2023-07-17,Karachi,Fast Food,Fried Chicken,587.0,6.1,77.4,3.3,34.0
2023-07-17,Karachi,Cloud Kitchen,Italian,1483.0,15.6,31.0,4.4,110.0
2023-07-17,Faisalabad,Cafe,Sandwiches,431.0,10.8,32.2,4.9,65.0
2023-07-17,Karachi,Fine Dining,Fusion,1840.0,15.8,72.6,5.0,139.0
2023-07-17,Islamabad,Fast Food,Sandwiches,490.0,18.6,31.4,3.8,62.0
2023-07-17,Islamabad,Fast Food,Pizza,844.0,31.1,31.5,4.4,-25.0
2023-07-17,Lahore,Fast Food,Burgers,1307.0,10.9,27.2,4.5,155.0
2023-07-18,Lahore,Fast Food,Pizza,827.0,3.2,23.6,4.1,188.0
2023-07-18,Islamabad,Cloud Kitchen,Indian,9486.70369163988,1.0,19.2,5.0,-4203.655634299906
2023-07-18,Lahore,Fast Food,Burgers,714.0,12.9,19.8,4.7,56.0
2023-07-18,Islamabad,Cloud Kitchen,Indian,1158.0,5.1,44.2,3.7,209.0
2023-07-18,Islamabad,Fast Food,Fried Chicken,680.0,5.2,28.1,4.3,136.0
2023-07-18,Lahore,Fast Food,Sandwiches,429.0,20.7,45.8,4.5,-41.0
2023-07-19,Islamabad,Fast Food,Fried Chicken,302.0,2.0,41.6,4.7,48.0
2023-07-19,Lahore,Cafe,Sandwiches,865.0,21.3,35.8,4.5,43.0
2023-07-19,Islamabad,Cloud Kitchen,Indian,402.0,12.2,33.7,4.1,83.0
2023-07-19,Islamabad,Cloud Kitchen,Italian,901.0,15.8,20.2,4.8,81.0
2023-07-19,Karachi,Cloud Kitchen,Italian,925.0,7.4,14.2,4.4,141.0
2023-07-19,Lahore,Dessert,Bakery,486.0,29.1,29.1,4.1,3.0
2023-07-19,Islamabad,Cafe,Bakery,263.0,5.5,48.9,4.4,-97.0
2023-07-19,Faisalabad,Cafe,Breakfast,343.0,2.7,40.2,3.9,24.0
2023-07-20,Islamabad,Dessert,Sweets,278.0,15.5,36.9,4.8,-100.0
2023-07-20,Karachi,Fast Food,Burgers,632.0,11.6,20.9,4.4,56.0
2023-07-20,Multan,Cloud Kitchen,Biryani,2597.0,8.7,23.9,5.0,481.0
2023-07-20,Lahore,Cafe,Bakery,372.0,1.5,26.6,4.7,14.0
2023-07-20,Faisalabad,Cloud Kitchen,Biryani,596.0,30.9,39.8,4.2,-54.0
2023-07-20,Lahore,Cloud Kitchen,Indian,636.0,17.2,38.0,4.2,16.0
2023-07-20,Karachi,Cafe,Sandwiches,699.0,6.6,28.4,4.6,54.0
2023-07-20,Lahore,Cloud Kitchen,Chinese,1154.0,0.4,31.8,5.0,253.0
2023-07-20,Lahore,Fine Dining,Steakhouse,2916.0,20.0,37.7,4.7,212.0
2023-07-21,Karachi,Fast Food,Sandwiches,665.0,6.3,32.4,4.5,123.0
2023-07-21,Lahore,Fine Dining,Continental,2156.0,11.7,15.7,4.9,188.0
2023-07-21,Faisalabad,Dessert,Bakery,414.0,4.8,28.1,4.6,49.0
2023-07-21,Multan,Fast Food,Pizza,401.0,4.2,30.6,3.7,17.0
2023-07-21,Faisalabad,Dessert,Ice Cream,593.0,11.8,43.2,4.5,102.0
2023-07-21,Lahore,Cloud Kitchen,Indian,1566.0,1.7,29.2,5.0,360.0
2023-07-22,Lahore,Fine Dining,Seafood,2378.0,12.1,43.9,4.9,179.0
2023-07-22,Lahore,Cloud Kitchen,Italian,1276.0,10.1,31.8,4.4,211.0
2023-07-22,Islamabad,Fast Food,Fried Chicken,401.0,6.6,91.3,4.5,-8.0
2023-07-22,Lahore,Cloud Kitchen,Indian,1360.0,13.9,20.7,4.5,173.0
2023-07-22,Lahore,Fast Food,Sandwiches,748.0,31.6,35.4,4.9,19.0
2023-07-22,Lahore,Fine Dining,Seafood,2756.0,7.1,32.2,4.4,388.0
2023-07-22,Karachi,Fast Food,Sandwiches,396.0,16.4,31.9,4.5,18.0
2023-07-22,Karachi,Cafe,Coffee & Snacks,533.0,9.4,31.0,4.6,56.0
2023-07-22,Lahore,Fast Food,Pizza,549.0,21.9,47.2,4.7,47.0
2023-07-22,Karachi,Fast Food,Fried Chicken,900.0,5.9,26.5,4.2,130.0
2023-07-22,Multan,Fast Food,Pizza,1260.0,18.2,31.8,5.0,147.0
2023-07-23,Lahore,Fast Food,Fried Chicken,580.0,9.3,36.0,4.1,27.0
2023-07-23,Islamabad,Fast Food,Pizza,722.0,8.3,29.2,4.9,108.0
2023-07-23,Islamabad,Dessert,Cakes,527.0,11.1,35.0,5.0,86.0
2023-07-23,Karachi,Cloud Kitchen,Biryani,754.0,13.7,31.0,3.9,25.0
2023-07-23,Karachi,Fast Food,Burgers,571.0,0.8,39.1,4.5,71.0
2023-07-23,Lahore,Fast Food,Burgers,622.0,14.9,39.8,5.0,86.0
2023-07-23,Lahore,Fast Food,Sandwiches,300.0,23.9,20.1,4.4,-18.0
2023-07-23,Lahore,Fast Food,Burgers,817.0,19.9,41.8,4.5,100.0
2023-07-23,Islamabad,Fast Food,Pizza,741.0,11.4,22.3,5.0,92.0
2023-07-24,Karachi,Cafe,Sandwiches,1304.0,16.7,21.6,4.3,207.0
2023-07-24,Karachi,Dessert,Ice Cream,330.0,14.6,26.4,4.8,29.0
2023-07-24,Karachi,Cafe,Sandwiches,557.0,13.2,25.2,4.8,130.0
2023-07-24,Islamabad,Dessert,Ice Cream,428.0,15.8,23.0,4.6,57.0
2023-07-24,Karachi,Cloud Kitchen,Chinese,818.0,17.0,27.9,4.7,60.0
2023-07-24,Karachi,Cafe,Coffee & Snacks,373.0,24.8,32.6,3.9,-42.0
2023-07-24,Karachi,Fast Food,Pizza,1181.0,10.2,29.6,4.1,209.0
2023-07-25,Multan,Cloud Kitchen,Chinese,1813.0,7.2,50.9,4.4,336.0
2023-07-25,Lahore,Dessert,Cakes,485.0,11.9,37.0,4.1,105.0
2023-07-25,Islamabad,Dessert,Ice Cream,629.0,4.6,34.4,5.0,99.0
2023-07-26,Multan,Fast Food,Burgers,426.0,5.5,85.9,5.0,-34.0
2023-07-26,Lahore,Dessert,Ice Cream,445.0,11.6,22.9,4.6,33.0
2023-07-26,Lahore,Cafe,Bakery,353.0,4.0,34.6,4.9,6.0
2023-07-26,Islamabad,Cloud Kitchen,Italian,1648.0,45.0,29.4,4.1,-146.0
2023-07-26,Karachi,Fast Food,Fried Chicken,685.0,4.4,15.6,4.8,145.0
2023-07-26,Karachi,Fast Food,Burgers,702.0,34.6,22.0,5.0,-35.0
2023-07-26,Islamabad,Cafe,Sandwiches,417.0,22.9,30.5,4.6,-31.0
2023-07-26,Karachi,Cloud Kitchen,Chinese,1189.0,4.8,33.3,4.5,207.0
2023-07-27,Karachi,Dessert,Sweets,409.0,0.9,33.6,4.3,30.0
2023-07-27,Lahore,Dessert,Sweets,268.0,4.1,28.7,4.5,3.0
2023-07-27,Karachi,Fast Food,Pizza,986.0,30.2,25.2,4.6,15.0
2023-07-27,Karachi,Cloud Kitchen,Italian,1330.0,22.2,27.8,4.7,91.0
2023-07-27,Lahore,Dessert,Ice Cream,634.0,1.2,43.7,4.3,142.0
2023-07-27,Faisalabad,Fine Dining,Steakhouse,3333.0,12.7,18.9,5.0,372.0
2023-07-27,Faisalabad,Cloud Kitchen,Biryani,1008.0,4.4,104.5,4.3,141.0
2023-07-28,Lahore,Cafe,Breakfast,755.0,2.8,27.4,4.8,227.0
2023-07-28,Islamabad,Dessert,Bakery,383.0,19.2,17.6,4.9,-0.0
2023-07-28,Karachi,Cloud Kitchen,Italian,693.0,18.5,35.7,4.6,35.0
2023-07-28,Lahore,Cafe,Bakery,488.0,27.5,42.6,4.3,-48.0
2023-07-29,Lahore,Fast Food,Sandwiches,501.0,7.0,19.4,4.6,74.0
2023-07-29,Karachi,Fast Food,Pizza,632.0,3.8,42.7,3.9,45.0
2023-07-29,Lahore,Fast Food,Sandwiches,900.0,29.8,32.6,4.5,0.0
2023-07-29,Islamabad,Cloud Kitchen,Italian,435.0,13.6,32.5,4.8,-29.0
2023-07-29,Islamabad,Fine Dining,Continental,1590.0,3.2,29.5,5.0,229.0
2023-07-29,Multan,Dessert,Bakery,1418.0,19.3,34.0,5.0,281.0
2023-07-29,Lahore,Dessert,Bakery,418.0,6.8,27.5,5.0,19.0
2023-07-30,Islamabad,Fine Dining,Steakhouse,2313.0,1.7,33.5,3.8,457.0
2023-07-30,Lahore,Cafe,Sandwiches,1009.0,13.2,31.1,4.3,178.0
2023-07-30,Lahore,Cloud Kitchen,Italian,1624.0,8.5,45.4,4.9,187.0
2023-07-30,Karachi,Fine Dining,Fusion,3197.0,9.5,22.2,4.9,412.0
2023-07-30,Karachi,Dessert,Bakery,1145.0,20.1,47.5,4.0,121.0
2023-07-30,Karachi,Fast Food,Fried Chicken,601.0,8.1,34.4,4.1,9.0
2023-07-30,Lahore,Dessert,Bakery,724.0,7.9,39.4,4.7,112.0
2023-07-30,Lahore,Fast Food,Pizza,560.0,8.1,13.8,5.0,116.0
2023-07-31,Karachi,Fast Food,Pizza,834.0,15.1,25.8,4.7,47.0
2023-07-31,Lahore,Fast Food,Fried Chicken,855.0,9.7,16.7,4.8,91.0
2023-07-31,Faisalabad,Cafe,Sandwiches,452.0,6.1,35.7,4.4,36.0
2023-07-31,Islamabad,Fast Food,Sandwiches,1491.0,21.1,29.3,4.6,88.0
2023-08-01,Islamabad,Fast Food,Sandwiches,1249.0,3.1,40.4,4.4,191.0
2023-08-01,Islamabad,Fast Food,Sandwiches,274.0,4.4,33.1,4.2,61.0
2023-08-01,Karachi,Fast Food,Burgers,461.0,10.7,16.7,5.0,31.0
2023-08-01,Islamabad,Fast Food,Fried Chicken,522.0,6.0,21.1,4.8,38.0
2023-08-01,Islamabad,Fast Food,Pizza,998.0,14.4,27.0,4.3,144.0
2023-08-01,Karachi,Cafe,Sandwiches,461.0,7.8,28.5,4.8,73.0
2023-08-02,Karachi,Fast Food,Fried Chicken,472.0,9.3,83.8,3.2,-78.0
2023-08-02,Multan,Dessert,Bakery,588.0,14.2,29.3,4.3,96.0
2023-08-02,Multan,Fine Dining,Fusion,1634.0,30.9,31.2,4.7,-28.0
2023-08-02,Islamabad,Cafe,Bakery,448.0,10.3,28.0,4.3,42.0
2023-08-03,Lahore,Cloud Kitchen,Indian,2799.0,17.7,31.2,4.8,365.0
2023-08-03,Lahore,Dessert,Ice Cream,242.0,11.5,38.5,4.3,4.0
2023-08-03,Lahore,Cloud Kitchen,Indian,1757.0,14.6,46.8,4.5,237.0
2023-08-03,Karachi,Fast Food,Fried Chicken,1074.0,25.3,39.4,4.7,125.0
2023-08-03,Islamabad,Dessert,Cakes,407.0,7.3,35.7,4.8,100.0
2023-08-03,Faisalabad,Fast Food,Pizza,665.0,11.2,35.9,5.0,31.0
2023-08-03,Islamabad,Cloud Kitchen,Indian,756.0,10.6,22.4,4.5,40.0
2023-08-03,Islamabad,Fine Dining,Steakhouse,1499.0,1.3,25.0,4.7,284.0
2023-08-03,Karachi,Dessert,Cakes,937.0,15.8,107.4,4.4,127.0
2023-08-03,Islamabad,Fine Dining,Continental,2772.0,4.3,23.7,4.3,473.0
2023-08-03,Multan,Cloud Kitchen,Biryani,15613.141997691931,7.6,27.0,4.8,-4162.819249550653
2023-08-03,Faisalabad,Fast Food,Pizza,894.0,9.2,30.5,5.0,175.0
2023-08-04,Karachi,Cloud Kitchen,Chinese,831.0,5.5,35.0,4.4,91.0
2023-08-04,Lahore,Cloud Kitchen,Indian,1355.0,20.4,37.6,4.0,137.0
2023-08-04,Islamabad,Cafe,Coffee & Snacks,811.0,13.9,36.5,4.6,99.0
2023-08-04,Lahore,Cafe,Coffee & Snacks,548.0,4.9,21.1,5.0,45.0
2023-08-04,Lahore,Cafe,Coffee & Snacks,846.0,11.6,22.7,4.2,114.0
2023-08-04,Lahore,Fast Food,Burgers,553.0,19.3,44.6,3.9,-9.0
2023-08-04,Karachi,Fine Dining,Steakhouse,1495.0,19.5,41.0,4.3,32.0
2023-08-04,Karachi,Dessert,Cakes,300.0,33.5,22.0,4.9,-43.0
2023-08-04,Multan,Fast Food,Burgers,457.0,4.0,26.4,4.7,-5.0
2023-08-04,Karachi,Cloud Kitchen,Indian,1165.0,28.7,22.8,4.2,-44.0
2023-08-05,Islamabad,Fast Food,Sandwiches,815.0,8.3,26.2,4.7,148.0
2023-08-05,Faisalabad,Cloud Kitchen,Chinese,498.0,13.6,42.3,4.8,16.0
2023-08-05,Lahore,Cloud Kitchen,Indian,1301.0,14.6,18.9,5.0,114.0
2023-08-05,Multan,Fine Dining,Continental,4063.0,39.4,35.4,5.0,-230.0
2023-08-05,Lahore,Fast Food,Sandwiches,363.0,13.2,21.8,4.4,5.0
2023-08-05,Lahore,Fast Food,Fried Chicken,774.0,14.4,46.9,3.9,68.0
2023-08-05,Islamabad,Fine Dining,Steakhouse,2727.0,16.5,36.2,4.9,269.0
2023-08-06,Karachi,Fine Dining,Seafood,1059.0,6.6,16.4,4.8,130.0
2023-08-06,Karachi,Fast Food,Fried Chicken,761.0,10.8,37.5,4.2,130.0
2023-08-06,Faisalabad,Cloud Kitchen,Italian,2070.0,20.5,29.6,4.6,158.0
2023-08-06,Multan,Cafe,Bakery,610.0,2.2,37.9,4.2,54.0
2023-08-06,Lahore,Fast Food,Burgers,806.0,17.7,46.2,3.9,46.0
2023-08-06,Faisalabad,Cloud Kitchen,Chinese,1365.0,17.7,27.0,4.7,126.0
2023-08-07,Islamabad,Fast Food,Fried Chicken,461.0,6.2,24.9,4.5,70.0
2023-08-07,Multan,Fast Food,Burgers,666.0,6.1,40.2,4.0,26.0
2023-08-07,Islamabad,Dessert,Bakery,824.0,38.7,29.3,3.7,18.0
2023-08-07,Islamabad,Fast Food,Fried Chicken,616.0,16.7,21.9,4.4,105.0
2023-08-08,Faisalabad,Cloud Kitchen,Biryani,397.0,10.7,38.6,4.7,-12.0
2023-08-08,Lahore,Fine Dining,Steakhouse,1103.0,4.0,37.5,4.8,161.0
2023-08-08,Lahore,Fast Food,Burgers,1124.0,13.3,42.0,4.1,168.0
2023-08-08,Islamabad,Dessert,Ice Cream,249.0,12.5,30.4,4.9,-39.0
2023-08-08,Faisalabad,Fast Food,Sandwiches,506.0,7.0,42.9,4.6,63.0
2023-08-08,Lahore,Fast Food,Pizza,374.0,8.5,28.5,4.4,63.0
2023-08-08,Karachi,Dessert,Bakery,337.0,3.5,28.3,4.1,58.0
2023-08-08,Faisalabad,Dessert,Bakery,265.0,3.9,37.0,4.8,24.0
2023-08-08,Islamabad,Cafe,Bakery,294.0,37.1,42.4,4.8,-5.0
2023-08-08,Faisalabad,Fast Food,Fried Chicken,358.0,8.1,26.7,4.0,14.0
2023-08-09,Lahore,Fast Food,Sandwiches,589.0,43.9,22.6,5.0,-106.0
2023-08-09,Islamabad,Fast Food,Burgers,356.0,24.6,19.2,5.0,-28.0
2023-08-09,Karachi,Cafe,Bakery,653.0,19.6,38.3,5.0,22.0
2023-08-09,Karachi,Cloud Kitchen,Biryani,1341.0,10.7,32.1,4.2,182.0
2023-08-09,Multan,Fast Food,Fried Chicken,466.0,22.0,38.2,4.4,1.0
2023-08-09,Faisalabad,Cloud Kitchen,Italian,1903.0,13.8,32.8,4.4,273.0
2023-08-09,Islamabad,Dessert,Bakery,328.0,4.7,18.8,4.4,103.0
2023-08-09,Lahore,Fast Food,Fried Chicken,396.0,17.9,25.1,4.3,15.0
2023-08-09,Karachi,Dessert,Sweets,642.0,3.6,27.1,5.0,182.0
2023-08-09,Lahore,Dessert,Cakes,410.0,4.8,35.7,4.5,71.0
2023-08-10,Multan,Fast Food,Fried Chicken,389.0,30.3,28.3,4.0,-26.0
2023-08-10,Lahore,Dessert,Sweets,457.0,1.6,38.4,4.4,14.0
2023-08-10,Lahore,Cloud Kitchen,Italian,937.0,9.1,28.2,4.8,101.0
2023-08-10,Karachi,Fast Food,Fried Chicken,877.0,10.7,20.3,5.0,141.0
2023-08-11,Lahore,Cloud Kitchen,Chinese,2003.0,3.6,95.3,3.4,345.0
2023-08-11,Lahore,Fast Food,Pizza,921.0,4.9,21.4,4.8,199.0
2023-08-11,Islamabad,Cafe,Sandwiches,418.0,1.2,31.9,4.4,57.0
2023-08-11,Islamabad,Cafe,Coffee & Snacks,607.0,3.9,38.4,4.2,177.0
2023-08-11,Lahore,Cloud Kitchen,Indian,2564.0,6.1,124.3,4.1,407.0
2023-08-11,Karachi,Cloud Kitchen,Biryani,2353.0,13.2,29.0,4.0,274.0
2023-08-11,Lahore,Fast Food,Burgers,450.0,19.4,32.8,4.7,13.0
2023-08-12,Multan,Fine Dining,Seafood,2790.0,12.3,25.4,4.5,314.0
2023-08-12,Lahore,Cloud Kitchen,Indian,2931.0,18.6,38.7,4.5,286.0
2023-08-12,Karachi,Dessert,Cakes,454.0,2.0,22.1,4.4,68.0
2023-08-12,Lahore,Fast Food,Pizza,480.0,4.5,45.6,4.2,67.0
2023-08-12,Lahore,Fast Food,Fried Chicken,747.0,10.3,26.6,4.9,100.0
2023-08-12,Islamabad,Cloud Kitchen,Biryani,1618.0,0.5,18.5,4.4,312.0
2023-08-12,Karachi,Cafe,Coffee & Snacks,528.0,1.8,109.2,5.0,-28.0
2023-08-12,Lahore,Cafe,Breakfast,353.0,13.1,29.0,4.4,44.0
2023-08-12,Karachi,Cloud Kitchen,Chinese,908.0,16.5,22.0,5.0,41.0
2023-08-12,Karachi,Cloud Kitchen,Italian,1217.0,2.2,22.9,4.9,205.0
2023-08-12,Lahore,Cloud Kitchen,Biryani,1359.0,19.8,35.4,4.4,51.0
2023-08-12,Islamabad,Fine Dining,Fusion,2805.0,3.4,23.7,5.0,421.0
2023-08-13,Faisalabad,Dessert,Ice Cream,315.0,4.8,35.3,4.2,6.0
2023-08-13,Faisalabad,Dessert,Cakes,272.0,11.4,32.0,4.7,34.0
2023-08-13,Islamabad,Cafe,Coffee & Snacks,663.0,15.8,31.6,4.5,64.0
2023-08-13,Faisalabad,Cloud Kitchen,Italian,790.0,6.4,47.7,3.9,125.0
2023-08-13,Lahore,Cloud Kitchen,Chinese,680.0,1.6,24.9,4.6,99.0
2023-08-13,Lahore,Dessert,Cakes,618.0,12.7,38.9,4.5,42.0
2023-08-13,Karachi,Fast Food,Fried Chicken,688.0,14.1,23.1,4.6,118.0
2023-08-13,Islamabad,Cloud Kitchen,Biryani,1421.0,17.6,23.5,4.6,142.0
2023-08-14,Islamabad,Cafe,Breakfast,887.0,18.0,19.1,4.3,72.0
2023-08-14,Lahore,Fast Food,Fried Chicken,682.0,14.6,27.7,4.7,110.0
2023-08-14,Multan,Fast Food,Sandwiches,538.0,4.2,25.0,5.0,69.0
2023-08-14,Lahore,Dessert,Bakery,494.0,4.4,57.8,3.7,96.0
2023-08-14,Lahore,Fast Food,Pizza,297.0,1.9,32.4,5.0,-10.0
2023-08-14,Multan,Dessert,Sweets,855.0,10.7,33.4,5.0,144.0
2023-08-14,Multan,Cafe,Bakery,322.0,11.5,45.4,4.3,-13.0
2023-08-14,Islamabad,Cafe,Coffee & Snacks,625.0,14.4,30.8,5.0,92.0
2023-08-14,Islamabad,Fine Dining,Fusion,1445.0,12.3,32.5,4.6,117.0
2023-08-14,Multan,Cafe,Sandwiches,305.0,14.4,31.3,5.0,-27.0
2023-08-15,Islamabad,Cloud Kitchen,Italian,871.0,1.5,45.5,4.5,154.0
2023-08-15,Lahore,Cloud Kitchen,Indian,751.0,10.2,39.4,4.7,52.0
2023-08-15,Multan,Fine Dining,Seafood,3076.0,6.9,28.1,4.6,462.0
2023-08-15,Karachi,Dessert,Bakery,331.0,8.7,28.8,4.9,59.0
2023-08-15,Multan,Cloud Kitchen,Biryani,930.0,3.4,28.4,4.7,195.0
2023-08-15,Lahore,Cloud Kitchen,Italian,1142.0,23.6,35.2,3.9,77.0
2023-08-15,Karachi,Fast Food,Pizza,780.0,7.3,44.5,4.2,113.0
2023-08-15,Lahore,Cloud Kitchen,Indian,855.0,14.4,21.6,4.7,32.0
2023-08-15,Lahore,Fast Food,Fried Chicken,738.0,4.9,40.6,4.5,105.0
2023-08-15,Lahore,Dessert,Ice Cream,333.0,3.7,32.4,3.9,24.0
2023-08-15,Islamabad,Fine Dining,Seafood,1781.0,4.2,33.1,4.1,289.0
2023-08-15,Karachi,Fine Dining,Continental,2877.0,16.9,29.6,4.7,253.0
2023-08-16,Multan,Cloud Kitchen,Biryani,643.0,17.8,25.5,4.3,25.0
2023-08-16,Faisalabad,Cafe,Breakfast,577.0,13.1,33.2,4.4,70.0
2023-08-16,Multan,Cloud Kitchen,Chinese,15635.895702828493,11.3,37.9,5.0,-3970.654224818196
2023-08-16,Karachi,Cloud Kitchen,Italian,1026.0,19.7,30.3,4.7,118.0
2023-08-16,Islamabad,Dessert,Sweets,304.0,7.4,29.4,4.3,61.0
2023-08-16,Karachi,Fine Dining,Fusion,1949.0,8.1,24.2,5.0,256.0
2023-08-16,Karachi,Cafe,Sandwiches,457.0,2.9,33.4,4.5,105.0
2023-08-16,Lahore,Dessert,Ice Cream,287.0,7.2,20.4,4.6,78.0
2023-08-16,Lahore,Dessert,Ice Cream,251.0,4.1,18.7,4.4,40.0
2023-08-16,Karachi,Cafe,Sandwiches,1104.0,7.1,38.7,4.2,182.0
2023-08-17,Karachi,Cafe,Coffee & Snacks,676.0,9.9,27.4,4.8,115.0
2023-08-17,Lahore,Cafe,Bakery,839.0,11.9,42.3,4.6,145.0
2023-08-17,Islamabad,Fast Food,Fried Chicken,515.0,36.3,37.7,4.2,-34.0
2023-08-17,Multan,Cloud Kitchen,Biryani,630.0,4.7,29.9,4.6,50.0
2023-08-17,Karachi,Fast Food,Pizza,1161.0,22.0,31.6,4.4,86.0
2023-08-17,Multan,Cafe,Bakery,896.0,8.4,38.8,4.5,99.0
2023-08-17,Karachi,Cafe,Breakfast,321.0,3.7,33.3,4.8,-8.0
2023-08-17,Islamabad,Fast Food,Sandwiches,1313.0,14.2,35.2,4.6,218.0
2023-08-17,Karachi,Cafe,Bakery,628.0,24.3,41.0,3.8,6.0
2023-08-17,Faisalabad,Dessert,Bakery,383.0,5.7,34.9,4.4,77.0
2023-08-17,Karachi,Cafe,Coffee & Snacks,681.0,11.2,29.0,4.5,146.0
2023-08-18,Karachi,Dessert,Ice Cream,872.0,38.0,32.9,4.5,44.0
2023-08-18,Lahore,Cafe,Coffee & Snacks,459.0,26.0,35.4,4.4,-64.0
2023-08-18,Lahore,Dessert,Ice Cream,255.0,38.1,26.6,5.0,19.0
2023-08-18,Lahore,Fast Food,Sandwiches,558.0,17.2,82.1,4.7,-15.0
2023-08-18,Lahore,Cloud Kitchen,Indian,752.0,24.3,41.4,4.8,23.0
2023-08-18,Karachi,Fast Food,Burgers,283.0,2.1,42.3,3.8,37.0
2023-08-18,Lahore,Fast Food,Fried Chicken,1263.0,10.2,42.7,4.4,148.0
2023-08-18,Karachi,Fine Dining,Fusion,2950.0,8.9,43.2,4.2,414.0
2023-08-19,Karachi,Fast Food,Sandwiches,520.0,7.5,27.9,4.3,39.0
2023-08-19,Lahore,Fast Food,Fried Chicken,624.0,13.8,33.4,5.0,69.0
2023-08-19,Lahore,Fast Food,Fried Chicken,490.0,6.3,21.3,4.8,46.0
2023-08-19,Karachi,Cafe,Bakery,646.0,6.2,17.2,5.0,55.0
2023-08-20,Lahore,Fast Food,Sandwiches,1006.0,8.9,21.1,5.0,157.0
2023-08-20,Faisalabad,Dessert,Cakes,219.0,11.3,31.7,4.4,13.0
2023-08-20,Islamabad,Fast Food,Burgers,696.0,23.3,33.6,4.6,71.0
2023-08-20,Lahore,Fast Food,Pizza,819.0,6.7,32.8,4.8,86.0
2023-08-20,Lahore,Fine Dining,Seafood,6832.0,11.6,92.9,3.9,911.0
2023-08-20,Lahore,Fast Food,Burgers,454.0,13.4,31.4,4.1,73.0
2023-08-20,Karachi,Cloud Kitchen,Indian,952.0,10.0,24.0,4.4,159.0
2023-08-20,Islamabad,Cloud Kitchen,Italian,1115.0,10.6,34.9,4.6,150.0
2023-08-20,Islamabad,Cafe,Breakfast,524.0,24.7,30.9,4.5,-49.0
2023-08-20,Karachi,Cafe,Bakery,487.0,11.5,110.0,4.1,-63.0
2023-08-21,Karachi,Fast Food,Burgers,471.0,24.0,32.2,4.4,-39.0
2023-08-21,Multan,Fine Dining,Fusion,2926.0,14.8,88.8,2.7,254.0
2023-08-21,Multan,Cloud Kitchen,Italian,1110.0,9.6,41.5,4.3,134.0
2023-08-21,Lahore,Fast Food,Sandwiches,738.0,12.8,10.0,5.0,126.0
2023-08-21,Lahore,Cloud Kitchen,Italian,1238.0,8.7,17.4,4.8,192.0
2023-08-21,Lahore,Cafe,Breakfast,373.0,21.9,30.6,4.1,38.0
2023-08-21,Multan,Fast Food,Burgers,420.0,22.1,28.2,3.9,13.0
2023-08-21,Multan,Fast Food,Burgers,1212.0,13.1,17.7,4.4,159.0
2023-08-22,Lahore,Dessert,Bakery,786.0,15.3,38.6,4.8,138.0
2023-08-22,Karachi,Fast Food,Burgers,567.0,3.9,19.6,4.8,80.0
2023-08-23,Islamabad,Fast Food,Sandwiches,622.0,3.0,41.4,4.4,53.0
2023-08-23,Lahore,Cloud Kitchen,Indian,2628.0,12.5,56.9,4.4,385.0
2023-08-23,Islamabad,Fast Food,Sandwiches,899.0,7.7,33.1,4.8,182.0
2023-08-23,Lahore,Fast Food,Burgers,1102.0,15.8,28.3,4.3,88.0
2023-08-23,Faisalabad,Cafe,Bakery,591.0,18.7,20.5,4.4,79.0
2023-08-23,Multan,Cloud Kitchen,Chinese,1337.0,20.6,34.5,4.1,45.0
2023-08-24,Lahore,Fine Dining,Fusion,4900.0,10.2,34.8,4.8,677.0
2023-08-24,Multan,Dessert,Bakery,398.0,3.8,43.7,5.0,27.0
2023-08-24,Faisalabad,Cloud Kitchen,Indian,652.0,9.7,26.4,4.3,87.0
2023-08-24,Multan,Dessert,Bakery,576.0,32.4,20.0,5.0,42.0
2023-08-24,Lahore,Fast Food,Pizza,939.0,7.4,29.2,3.8,135.0
2023-08-24,Multan,Fast Food,Pizza,910.0,11.4,42.9,4.3,72.0
2023-08-24,Islamabad,Fast Food,Burgers,674.0,3.5,17.1,5.0,103.0
2023-08-24,Multan,Fine Dining,Steakhouse,2565.0,10.0,41.3,4.4,371.0
2023-08-25,Karachi,Cafe,Breakfast,416.0,26.6,34.4,4.4,-34.0
2023-08-25,Karachi,Cafe,Sandwiches,332.0,5.8,25.4,4.8,-14.0
2023-08-25,Islamabad,Cafe,Bakery,1682.0,7.1,37.6,4.3,296.0
2023-08-25,Lahore,Fast Food,Fried Chicken,561.0,4.1,28.8,3.9,100.0
2023-08-25,Faisalabad,Fast Food,Burgers,1569.0,15.1,28.0,5.0,239.0
2023-08-25,Islamabad,Dessert,Cakes,311.0,4.1,32.4,4.4,41.0
2023-08-25,Karachi,Fast Food,Burgers,599.0,14.7,26.9,4.1,80.0
2023-08-25,Lahore,Cloud Kitchen,Indian,2105.0,9.3,24.9,4.9,304.0
2023-08-26,Multan,Fast Food,Pizza,434.0,14.1,20.9,4.4,27.0
2023-08-26,Lahore,Dessert,Bakery,344.0,14.3,36.8,4.2,0.0
2023-08-26,Multan,Cloud Kitchen,Chinese,1738.0,14.1,23.6,4.9,216.0
2023-08-26,Karachi,Cloud Kitchen,Indian,1588.0,4.3,38.2,4.7,296.0
2023-08-26,Faisalabad,Dessert,Bakery,430.0,9.2,32.9,4.7,132.0
2023-08-26,Karachi,Fast Food,Burgers,587.0,11.9,39.5,3.7,129.0
2023-08-26,Faisalabad,Cafe,Bakery,1102.0,1.2,33.6,5.0,248.0
2023-08-26,Karachi,Cafe,Breakfast,529.0,15.4,36.8,5.0,-28.0
2023-08-26,Multan,Fast Food,Fried Chicken,560.0,28.2,32.4,4.5,-11.0
2023-08-26,Karachi,Cloud Kitchen,Indian,669.0,3.3,28.4,5.0,46.0
2023-08-26,Multan,Cloud Kitchen,Chinese,992.0,3.3,36.2,4.7,156.0
2023-08-26,Islamabad,Dessert,Cakes,425.0,34.9,54.4,4.6,-74.0
2023-08-26,Multan,Cloud Kitchen,Italian,1018.0,13.4,37.0,4.3,133.0
2023-08-26,Multan,Dessert,Bakery,577.0,21.1,30.3,5.0,28.0
2023-08-27,Islamabad,Fast Food,Sandwiches,455.0,14.8,30.0,3.8,11.0
2023-08-27,Islamabad,Dessert,Ice Cream,591.0,7.9,23.1,4.8,94.0
2023-08-27,Lahore,Cloud Kitchen,Biryani,1213.0,8.5,34.8,5.0,160.0
2023-08-27,Karachi,Cafe,Sandwiches,310.0,2.8,22.8,5.0,27.0
2023-08-27,Lahore,Dessert,Ice Cream,1175.0,3.9,34.4,3.7,314.0
2023-08-27,Multan,Fast Food,Pizza,417.0,20.5,27.9,4.2,-79.0
2023-08-27,Lahore,Fast Food,Sandwiches,1136.0,14.7,22.6,4.7,99.0
2023-08-27,Lahore,Fast Food,Fried Chicken,537.0,8.4,37.3,4.5,78.0
2023-08-28,Faisalabad,Cafe,Breakfast,586.0,17.2,28.2,4.4,13.0
2023-08-28,Islamabad,Cloud Kitchen,Chinese,2873.0,13.0,24.2,4.9,424.0
2023-08-28,Multan,Fine Dining,Steakhouse,2153.0,24.2,39.4,4.9,61.0
2023-08-28,Multan,Cloud Kitchen,Italian,1655.0,4.5,30.8,4.7,280.0
2023-08-28,Lahore,Cloud Kitchen,Italian,1286.0,7.2,30.2,4.6,204.0
2023-08-28,Lahore,Dessert,Ice Cream,519.0,6.0,19.7,5.0,119.0
2023-08-29,Karachi,Dessert,Bakery,499.0,0.2,27.0,4.5,68.0
2023-08-29,Lahore,Fast Food,Pizza,355.0,27.4,34.2,4.5,-4.0
2023-08-29,Multan,Cloud Kitchen,Italian,821.0,9.8,25.8,4.7,117.0
2023-08-29,Faisalabad,Fast Food,Pizza,381.0,5.8,21.0,4.8,91.0
2023-08-29,Karachi,Fast Food,Pizza,515.0,2.1,96.6,3.7,-43.0
2023-08-29,Karachi,Dessert,Ice Cream,448.0,1.6,11.9,5.0,78.0
2023-08-29,Lahore,Cloud Kitchen,Indian,1503.0,26.2,40.2,4.2,55.0
2023-08-29,Karachi,Fast Food,Sandwiches,755.0,12.0,24.9,4.1,119.0
2023-08-29,Karachi,Cafe,Coffee & Snacks,352.0,6.4,28.1,4.2,7.0
2023-08-29,Islamabad,Cafe,Bakery,864.0,13.2,52.8,3.3,144.0
2023-08-29,Multan,Fast Food,Burgers,481.0,12.2,23.1,5.0,50.0
2023-08-29,Karachi,Fine Dining,Steakhouse,1624.0,16.0,43.4,4.5,29.0
2023-08-30,Lahore,Cafe,Sandwiches,511.0,22.3,97.8,5.0,-56.0
2023-08-30,Karachi,Cafe,Coffee & Snacks,481.0,13.8,30.9,4.6,38.0
2023-08-30,Karachi,Fast Food,Burgers,885.0,29.0,38.9,4.4,-13.0
2023-08-30,Karachi,Cloud Kitchen,Italian,1709.0,6.2,31.2,4.6,278.0
2023-08-30,Faisalabad,Fast Food,Pizza,481.0,9.7,47.9,4.1,46.0
2023-08-30,Lahore,Fast Food,Fried Chicken,1307.0,23.0,53.1,4.2,106.0
2023-08-31,Multan,Cloud Kitchen,Indian,1537.0,5.3,37.4,4.4,250.0
2023-08-31,Lahore,Fast Food,Sandwiches,1165.0,15.1,96.7,4.9,-48.0
2023-08-31,Lahore,Fine Dining,Seafood,3910.0,13.3,21.6,4.8,447.0
2023-08-31,Lahore,Fast Food,Pizza,1468.0,14.8,20.4,4.2,197.0
2023-08-31,Lahore,Cloud Kitchen,Indian,405.0,16.7,34.1,4.5,28.0
2023-08-31,Multan,Cafe,Breakfast,434.0,2.2,38.0,4.2,31.0
2023-08-31,Karachi,Fast Food,Pizza,823.0,11.8,22.3,4.8,113.0
2023-08-31,Lahore,Cloud Kitchen,Biryani,1031.0,16.0,18.2,4.6,58.0
2023-09-01,Multan,Cloud Kitchen,Chinese,1086.0,7.1,36.2,4.8,119.0
2023-09-01,Islamabad,Fast Food,Pizza,275.0,5.1,32.2,4.3,-22.0
2023-09-01,Multan,Fast Food,Burgers,593.0,16.0,32.6,4.7,77.0
2023-09-01,Lahore,Cafe,Coffee & Snacks,967.0,12.0,36.2,4.5,124.0
2023-09-01,Karachi,Cafe,Sandwiches,582.0,21.8,40.7,4.4,4.0
2023-09-01,Lahore,Cloud Kitchen,Indian,1287.0,5.5,32.9,4.5,193.0
2023-09-01,Lahore,Fast Food,Fried Chicken,1139.0,2.5,18.3,4.3,280.0
2023-09-01,Faisalabad,Fast Food,Fried Chicken,1160.0,6.8,37.7,4.5,196.0
2023-09-02,Islamabad,Fine Dining,Fusion,5852.0,27.6,83.9,3.4,140.0
2023-09-02,Lahore,Cafe,Coffee & Snacks,1119.0,34.1,43.2,4.1,35.0
2023-09-02,Karachi,Cafe,Breakfast,658.0,9.6,30.8,4.8,91.0
2023-09-02,Lahore,Dessert,Cakes,361.0,10.8,24.7,4.2,59.0
2023-09-02,Karachi,Cafe,Sandwiches,806.0,9.1,38.8,4.3,151.0
2023-09-02,Lahore,Cloud Kitchen,Indian,1290.0,21.3,39.7,5.0,3.0
2023-09-02,Karachi,Cafe,Sandwiches,478.0,12.7,31.8,5.0,54.0
2023-09-02,Faisalabad,Dessert,Bakery,553.0,16.9,19.6,4.6,11.0
2023-09-02,Faisalabad,Cafe,Coffee & Snacks,620.0,4.3,38.5,4.4,109.0
2023-09-02,Lahore,Fast Food,Sandwiches,459.0,7.5,36.2,4.5,1.0
2023-09-02,Lahore,Fast Food,Fried Chicken,1371.0,16.5,21.8,4.8,206.0
2023-09-02,Karachi,Fast Food,Sandwiches,799.0,14.1,20.2,4.6,80.0
2023-09-03,Karachi,Fine Dining,Steakhouse,1561.0,9.6,34.3,4.4,174.0
2023-09-03,Karachi,Fast Food,Sandwiches,577.0,4.1,40.7,5.0,61.0
2023-09-03,Lahore,Dessert,Bakery,446.0,11.1,19.4,5.0,83.0
2023-09-03,Lahore,Dessert,Bakery,636.0,25.0,99.5,3.6,-13.0
2023-09-03,Lahore,Dessert,Bakery,448.0,6.2,29.3,4.9,64.0
2023-09-03,Faisalabad,Cafe,Sandwiches,499.0,43.4,36.9,4.2,-131.0
2023-09-03,Faisalabad,Dessert,Sweets,391.0,24.1,23.9,5.0,46.0
2023-09-03,Lahore,Fast Food,Sandwiches,310.0,8.8,26.6,4.2,-18.0
2023-09-03,Islamabad,Cafe,Coffee & Snacks,501.0,3.7,23.3,4.8,116.0
2023-09-03,Lahore,Cloud Kitchen,Biryani,1306.0,16.6,37.5,4.5,53.0
2023-09-03,Karachi,Fast Food,Fried Chicken,887.0,32.7,17.7,5.0,4.0
2023-09-03,Lahore,Cloud Kitchen,Chinese,1715.0,5.4,18.6,4.5,340.0
2023-09-03,Karachi,Cloud Kitchen,Biryani,560.0,10.6,31.5,4.2,66.0
2023-09-03,Multan,Dessert,Bakery,177.0,0.6,32.0,4.2,-48.0
2023-09-04,Lahore,Dessert,Bakery,380.0,14.7,30.2,4.9,-52.0
2023-09-04,Karachi,Cloud Kitchen,Chinese,2695.0,11.7,27.4,4.8,404.0
2023-09-04,Karachi,Dessert,Sweets,427.0,3.8,35.6,4.4,64.0
2023-09-04,Karachi,Fast Food,Fried Chicken,755.0,4.0,38.6,4.7,79.0
2023-09-04,Multan,Cloud Kitchen,Italian,2018.0,10.4,41.1,4.6,344.0
2023-09-04,Lahore,Cafe,Sandwiches,825.0,13.3,41.4,3.8,112.0
2023-09-04,Karachi,Cafe,Sandwiches,405.0,12.9,26.6,4.9,69.0
2023-09-04,Multan,Cloud Kitchen,Chinese,1494.0,6.6,49.9,3.4,236.0
2023-09-04,Lahore,Cafe,Bakery,395.0,7.5,20.9,5.0,10.0
2023-09-04,Lahore,Dessert,Cakes,500.0,5.1,27.6,4.6,112.0
2023-09-05,Lahore,Fine Dining,Seafood,3909.0,11.2,44.3,3.8,498.0
2023-09-05,Faisalabad,Cloud Kitchen,Italian,1058.0,0.8,34.3,4.1,233.0
2023-09-05,Karachi,Fast Food,Fried Chicken,680.0,7.0,30.7,4.4,116.0
2023-09-05,Islamabad,Fast Food,Fried Chicken,890.0,17.5,33.8,4.1,85.0
2023-09-05,Lahore,Cloud Kitchen,Biryani,1727.0,16.9,27.3,4.7,183.0
2023-09-05,Karachi,Fine Dining,Steakhouse,6559.0,8.9,25.9,4.6,951.0
2023-09-05,Karachi,Fine Dining,Fusion,1742.0,1.3,18.4,4.5,322.0
2023-09-05,Lahore,Dessert,Cakes,414.0,15.2,37.9,4.3,82.0
2023-09-05,Karachi,Fast Food,Sandwiches,895.0,16.1,10.5,4.8,80.0
2023-09-05,Lahore,Dessert,Sweets,539.0,27.9,40.4,4.5,-19.0
2023-09-05,Islamabad,Cafe,Breakfast,466.0,1.2,30.5,4.4,48.0
2023-09-06,Faisalabad,Fast Food,Pizza,579.0,15.4,30.0,4.6,74.0
2023-09-06,Multan,Fast Food,Fried Chicken,1094.0,31.4,46.1,4.0,23.0
2023-09-06,Karachi,Fast Food,Fried Chicken,318.0,2.1,37.9,4.7,35.0
2023-09-06,Multan,Cafe,Sandwiches,210.0,16.7,40.4,5.0,-20.0
2023-09-06,Multan,Cafe,Breakfast,558.0,10.2,27.6,4.6,99.0
2023-09-06,Karachi,Cafe,Breakfast,417.0,9.2,38.3,4.5,44.0
2023-09-06,Lahore,Dessert,Cakes,325.0,23.0,15.2,5.0,-17.0
2023-09-06,Islamabad,Dessert,Cakes,754.0,23.1,40.0,4.5,78.0
2023-09-06,Multan,Cafe,Bakery,680.0,5.2,25.4,5.0,156.0
2023-09-06,Lahore,Fast Food,Pizza,713.0,10.4,23.6,4.9,69.0
2023-09-06,Karachi,Cafe,Breakfast,311.0,36.1,17.6,5.0,-45.0
2023-09-06,Lahore,Cloud Kitchen,Indian,1431.0,14.5,43.7,4.3,178.0
2023-09-07,Islamabad,Cafe,Bakery,284.0,5.4,78.4,3.7,-1.0
2023-09-07,Karachi,Fast Food,Fried Chicken,699.0,15.1,41.2,4.3,71.0
2023-09-07,Karachi,Fine Dining,Steakhouse,2217.0,14.7,32.9,4.7,164.0
2023-09-07,Lahore,Cafe,Coffee & Snacks,639.0,15.6,28.2,4.7,25.0
2023-09-07,Islamabad,Cloud Kitchen,Biryani,2426.0,5.1,37.7,4.9,466.0
2023-09-07,Karachi,Fast Food,Sandwiches,446.0,9.2,36.7,4.4,45.0
2023-09-07,Faisalabad,Dessert,Sweets,674.0,13.5,28.1,4.8,129.0
2023-09-07,Karachi,Cafe,Sandwiches,386.0,20.4,29.5,5.0,52.0
2023-09-07,Islamabad,Cloud Kitchen,Indian,1324.0,15.2,21.5,4.3,75.0
2023-09-07,Islamabad,Cloud Kitchen,Indian,752.0,9.1,25.7,4.5,41.0
2023-09-08,Karachi,Cloud Kitchen,Chinese,1093.0,12.3,35.9,4.1,126.0
2023-09-08,Lahore,Fine Dining,Continental,1594.0,24.9,42.3,4.0,54.0
2023-09-08,Karachi,Fast Food,Fried Chicken,669.0,7.6,31.6,4.0,83.0
2023-09-08,Islamabad,Fast Food,Fried Chicken,489.0,4.2,23.8,4.9,107.0
2023-09-08,Karachi,Cafe,Breakfast,504.0,15.2,41.7,3.8,-13.0
2023-09-09,Islamabad,Fast Food,Sandwiches,1072.0,12.1,43.0,4.5,175.0
2023-09-09,Islamabad,Cloud Kitchen,Italian,901.0,16.5,24.3,4.7,84.0
2023-09-09,Lahore,Cafe,Breakfast,1119.0,6.1,31.3,4.8,155.0
2023-09-09,Multan,Cloud Kitchen,Italian,11354.461673591219,0.9,27.5,4.2,-5564.661338015164
2023-09-09,Lahore,Dessert,Sweets,749.0,3.7,96.5,3.6,112.0
2023-09-09,Karachi,Cloud Kitchen,Chinese,890.0,30.5,36.2,3.7,-74.0
2023-09-09,Faisalabad,Fast Food,Sandwiches,781.0,5.4,36.5,5.0,77.0
2023-09-10,Multan,Fast Food,Pizza,412.0,5.6,31.7,4.5,51.0
2023-09-10,Multan,Cafe,Bakery,533.0,8.3,41.9,4.5,113.0
2023-09-10,Lahore,Fine Dining,Fusion,3771.0,1.4,32.6,4.4,727.0
2023-09-10,Lahore,Fine Dining,Steakhouse,3883.0,11.3,39.0,4.2,437.0
2023-09-10,Multan,Fast Food,Pizza,690.0,10.8,29.5,4.0,118.0
2023-09-10,Lahore,Cloud Kitchen,Indian,1271.0,12.2,19.1,4.9,227.0
2023-09-10,Karachi,Fast Food,Burgers,643.0,2.0,24.8,4.6,75.0
2023-09-10,Multan,Cloud Kitchen,Indian,592.0,28.6,38.1,4.4,-54.0
2023-09-10,Lahore,Fast Food,Sandwiches,588.0,19.6,35.1,4.0,-24.0
2023-09-10,Lahore,Cafe,Bakery,518.0,2.9,33.5,4.1,59.0
2023-09-10,Karachi,Cafe,Bakery,522.0,5.7,33.6,5.0,0.0
2023-09-11,Lahore,Fine Dining,Steakhouse,2008.0,25.3,39.4,4.3,56.0
2023-09-11,Karachi,Cloud Kitchen,Biryani,9973.101760099767,3.3,24.6,4.4,-5312.702300393039
2023-09-11,Lahore,Dessert,Sweets,547.0,16.2,35.8,5.0,60.0
2023-09-11,Karachi,Fast Food,Burgers,504.0,8.7,28.4,5.0,18.0
2023-09-11,Lahore,Cafe,Breakfast,150.0,12.9,39.6,4.1,-30.0
2023-09-11,Islamabad,Fast Food,Burgers,783.0,12.0,34.9,4.9,106.0
2023-09-11,Islamabad,Fast Food,Burgers,1033.0,20.8,33.4,5.0,110.0
2023-09-11,Lahore,Fast Food,Fried Chicken,1090.0,7.7,36.6,4.3,168.0
2023-09-11,Lahore,Cloud Kitchen,Indian,1165.0,7.5,36.7,4.3,201.0
2023-09-11,Lahore,Fast Food,Sandwiches,788.0,3.7,32.8,4.8,133.0
2023-09-12,Islamabad,Fast Food,Burgers,973.0,25.8,35.0,4.5,46.0
2023-09-12,Islamabad,Fast Food,Pizza,424.0,13.3,18.5,4.5,-29.0
2023-09-12,Karachi,Cloud Kitchen,Biryani,1356.0,9.3,31.8,4.7,192.0
2023-09-12,Islamabad,Dessert,Sweets,754.0,10.6,28.6,4.5,201.0
2023-09-12,Lahore,Cloud Kitchen,Chinese,939.0,15.1,30.6,4.6,100.0
2023-09-12,Lahore,Cafe,Sandwiches,567.0,13.1,30.1,4.1,31.0
2023-09-13,Multan,Fine Dining,Fusion,2193.0,2.9,43.0,4.1,341.0
2023-09-13,Faisalabad,Cloud Kitchen,Chinese,1018.0,7.4,39.1,4.4,105.0
2023-09-13,Karachi,Fast Food,Burgers,266.0,1.4,27.3,5.0,-28.0
2023-09-13,Islamabad,Cafe,Breakfast,900.0,9.7,31.6,4.9,87.0
2023-09-13,Lahore,Fine Dining,Seafood,1271.0,6.7,25.7,4.2,107.0
2023-09-13,Faisalabad,Cafe,Sandwiches,417.0,12.6,28.6,4.7,-7.0
2023-09-13,Islamabad,Cafe,Bakery,929.0,4.9,81.9,4.0,169.0
2023-09-13,Faisalabad,Cafe,Sandwiches,736.0,27.2,18.5,5.0,72.0
2023-09-13,Lahore,Cloud Kitchen,Italian,778.0,7.5,33.3,4.5,108.0
2023-09-14,Lahore,Fast Food,Burgers,557.0,4.6,36.5,4.5,119.0
2023-09-14,Multan,Cafe,Bakery,428.0,13.2,43.4,4.8,-5.0
2023-09-14,Faisalabad,Fast Food,Sandwiches,848.0,15.6,31.0,4.1,11.0
2023-09-14,Karachi,Cafe,Sandwiches,352.0,1.6,23.0,4.5,31.0
2023-09-14,Faisalabad,Cloud Kitchen,Italian,1904.0,8.1,36.3,4.4,311.0
2023-09-14,Multan,Fast Food,Burgers,580.0,25.4,42.8,4.8,7.0
2023-09-14,Islamabad,Cloud Kitchen,Italian,1931.0,10.2,39.4,4.4,236.0
2023-09-14,Karachi,Dessert,Ice Cream,405.0,4.3,31.6,4.8,52.0
2023-09-14,Faisalabad,Dessert,Cakes,374.0,17.0,40.2,4.5,11.0
2023-09-14,Islamabad,Fast Food,Fried Chicken,737.0,15.4,34.0,4.1,34.0
2023-09-14,Islamabad,Fast Food,Fried Chicken,483.0,15.0,37.1,4.6,27.0
2023-09-14,Lahore,Dessert,Ice Cream,559.0,2.2,31.9,4.6,119.0
2023-09-15,Lahore,Dessert,Ice Cream,442.0,21.9,31.7,4.8,27.0
2023-09-15,Lahore,Cafe,Coffee & Snacks,1125.0,11.0,33.3,4.7,215.0
2023-09-15,Islamabad,Cloud Kitchen,Chinese,1652.0,4.4,26.4,4.6,275.0
2023-09-15,Lahore,Dessert,Cakes,340.0,8.9,33.9,4.1,42.0
2023-09-15,Lahore,Cloud Kitchen,Indian,691.0,31.9,32.7,4.6,-100.0
2023-09-15,Karachi,Cloud Kitchen,Chinese,1387.0,16.3,36.3,4.8,69.0
2023-09-16,Lahore,Fast Food,Fried Chicken,493.0,20.5,40.6,4.3,-20.0
2023-09-16,Lahore,Fast Food,Burgers,377.0,9.0,17.2,5.0,-10.0
2023-09-16,Lahore,Cloud Kitchen,Italian,1074.0,1.3,96.7,3.1,110.0
2023-09-16,Lahore,Cafe,Breakfast,2050.0,13.5,37.7,4.4,333.0
2023-09-16,Multan,Cafe,Sandwiches,428.0,14.3,34.3,4.6,38.0
2023-09-16,Lahore,Fast Food,Fried Chicken,584.0,17.2,34.7,4.9,40.0
2023-09-16,Multan,Fast Food,Fried Chicken,648.0,10.3,36.1,4.3,59.0
2023-09-17,Multan,Fast Food,Burgers,1247.0,22.6,30.8,4.5,129.0
2023-09-17,Lahore,Fast Food,Sandwiches,506.0,7.4,25.6,4.5,85.0
2023-09-17,Karachi,Cloud Kitchen,Italian,1486.0,20.2,17.5,5.0,122.0
2023-09-17,Lahore,Cloud Kitchen,Indian,2103.0,10.2,29.5,4.5,304.0
2023-09-17,Lahore,Fine Dining,Continental,1692.0,8.3,36.0,5.0,203.0
2023-09-17,Lahore,Cloud Kitchen,Chinese,827.0,21.0,26.7,4.7,64.0
2023-09-17,Islamabad,Cafe,Breakfast,834.0,4.5,54.7,3.9,149.0
2023-09-17,Islamabad,Fast Food,Burgers,794.0,20.1,21.6,5.0,41.0
2023-09-17,Islamabad,Fast Food,Fried Chicken,939.0,15.0,38.8,4.3,-29.0
2023-09-18,Karachi,Fast Food,Sandwiches,851.0,4.4,33.8,3.9,164.0
2023-09-18,Karachi,Fast Food,Fried Chicken,294.0,16.3,40.9,4.4,-79.0
2023-09-18,Lahore,Cloud Kitchen,Chinese,722.0,7.4,41.0,4.2,77.0
2023-09-18,Faisalabad,Fast Food,Pizza,1363.0,15.1,44.5,4.3,178.0
2023-09-18,Lahore,Fast Food,Fried Chicken,675.0,5.0,35.9,4.2,80.0
2023-09-18,Islamabad,Cloud Kitchen,Indian,2066.0,9.7,29.3,3.9,292.0
2023-09-18,Islamabad,Fast Food,Fried Chicken,441.0,4.6,28.9,4.9,77.0
2023-09-18,Islamabad,Cafe,Coffee & Snacks,557.0,11.2,24.2,4.4,14.0
2023-09-18,Karachi,Fast Food,Fried Chicken,696.0,2.0,37.7,4.1,168.0
2023-09-19,Multan,Dessert,Cakes,423.0,1.2,30.6,4.8,73.0
2023-09-19,Karachi,Dessert,Cakes,364.0,9.2,35.5,4.2,-13.0
2023-09-19,Faisalabad,Fast Food,Pizza,386.0,8.2,27.3,4.5,14.0
2023-09-19,Lahore,Cafe,Bakery,473.0,10.2,51.2,4.2,-1.0
2023-09-19,Karachi,Dessert,Cakes,225.0,8.5,31.1,4.5,-11.0
2023-09-19,Lahore,Fast Food,Pizza,864.0,6.9,32.6,5.0,127.0
2023-09-19,Lahore,Cafe,Sandwiches,455.0,2.7,45.0,4.3,-10.0
2023-09-19,Multan,Fast Food,Pizza,418.0,2.4,38.1,5.0,54.0
2023-09-19,Faisalabad,Cloud Kitchen,Chinese,904.0,15.9,40.4,5.0,67.0
2023-09-19,Lahore,Cloud Kitchen,Chinese,587.0,9.6,20.8,4.8,81.0
2023-09-19,Lahore,Cloud Kitchen,Biryani,2335.0,12.2,31.1,5.0,370.0
2023-09-19,Karachi,Dessert,Sweets,830.0,6.8,34.0,3.7,123.0
2023-09-20,Karachi,Fast Food,Sandwiches,535.0,5.8,25.5,4.5,99.0
2023-09-20,Islamabad,Fast Food,Pizza,449.0,5.5,40.1,4.3,67.0
2023-09-20,Islamabad,Cafe,Breakfast,849.0,6.0,29.8,3.9,138.0
2023-09-20,Lahore,Fast Food,Fried Chicken,603.0,7.6,37.4,4.9,82.0
2023-09-20,Karachi,Cloud Kitchen,Italian,1052.0,16.4,23.8,4.3,87.0
2023-09-20,Lahore,Fine Dining,Continental,2753.0,9.1,23.9,5.0,387.0
2023-09-20,Faisalabad,Cafe,Coffee & Snacks,703.0,11.1,34.2,4.6,173.0
2023-09-21,Karachi,Dessert,Cakes,413.0,7.2,33.7,3.8,46.0
2023-09-21,Islamabad,Cafe,Coffee & Snacks,700.0,5.6,36.4,4.7,114.0
2023-09-21,Lahore,Dessert,Cakes,413.0,9.2,41.1,4.5,-12.0
2023-09-21,Islamabad,Cafe,Coffee & Snacks,525.0,4.7,16.8,4.9,91.0
2023-09-21,Faisalabad,Cloud Kitchen,Biryani,1150.0,5.2,26.1,4.7,166.0
2023-09-21,Faisalabad,Dessert,Sweets,543.0,2.2,37.3,4.1,72.0
2023-09-21,Karachi,Fast Food,Fried Chicken,1297.0,5.2,33.6,4.6,300.0
2023-09-21,Karachi,Cafe,Coffee & Snacks,374.0,9.9,21.5,4.3,39.0
2023-09-21,Lahore,Dessert,Cakes,1302.0,19.2,32.6,4.1,199.0
2023-09-21,Karachi,Fine Dining,Continental,3023.0,8.3,29.6,5.0,430.0
2023-09-21,Islamabad,Fast Food,Sandwiches,685.0,16.8,23.1,4.6,90.0
2023-09-22,Multan,Dessert,Sweets,591.0,10.3,36.4,4.8,101.0
2023-09-23,Karachi,Cloud Kitchen,Chinese,1449.0,1.7,34.7,4.5,191.0
2023-09-23,Karachi,Fast Food,Burgers,539.0,32.0,50.7,3.9,-52.0
2023-09-24,Lahore,Cafe,Breakfast,804.0,21.1,19.0,4.2,128.0
2023-09-24,Karachi,Fast Food,Burgers,522.0,9.4,38.9,4.3,79.0
2023-09-25,Lahore,Fast Food,Pizza,561.0,33.6,24.2,5.0,-80.0
2023-09-25,Multan,Cloud Kitchen,Indian,1373.0,11.7,32.4,4.6,186.0
2023-09-25,Lahore,Fast Food,Burgers,664.0,3.8,18.4,4.9,136.0
2023-09-25,Lahore,Cafe,Coffee & Snacks,407.0,11.1,31.4,5.0,14.0
2023-09-25,Lahore,Fast Food,Pizza,636.0,24.2,44.9,4.4,-32.0
2023-09-25,Lahore,Cloud Kitchen,Indian,776.0,4.7,36.2,5.0,73.0
2023-09-25,Faisalabad,Cafe,Bakery,490.0,5.5,18.9,4.7,56.0
2023-09-25,Karachi,Cafe,Bakery,548.0,5.0,22.4,5.0,112.0
2023-09-26,Islamabad,Cloud Kitchen,Chinese,2213.0,6.0,33.5,4.6,467.0
2023-09-26,Islamabad,Dessert,Bakery,706.0,42.8,32.3,4.9,-2.0
2023-09-26,Karachi,Cafe,Sandwiches,983.0,28.2,35.7,4.4,46.0
2023-09-26,Faisalabad,Fast Food,Fried Chicken,464.0,4.8,26.9,4.4,81.0
2023-09-26,Lahore,Fast Food,Sandwiches,14731.924051441361,2.4,40.5,4.4,-3499.421194920937
2023-09-27,Lahore,Fast Food,Pizza,524.0,21.1,94.8,3.0,-100.0
2023-09-27,Islamabad,Fast Food,Fried Chicken,1089.0,29.2,32.2,4.6,70.0
2023-09-27,Lahore,Cafe,Sandwiches,615.0,7.6,51.1,4.6,105.0
2023-09-27,Faisalabad,Cafe,Bakery,398.0,10.7,28.3,4.5,37.0
2023-09-27,Karachi,Fast Food,Burgers,864.0,12.3,34.5,4.7,83.0
2023-09-27,Karachi,Fast Food,Sandwiches,1310.0,5.8,21.6,4.7,242.0
2023-09-27,Lahore,Fine Dining,Seafood,2786.0,4.0,33.0,4.7,512.0
2023-09-27,Karachi,Cafe,Coffee & Snacks,1170.0,5.1,82.2,3.8,179.0
2023-09-27,Lahore,Fine Dining,Fusion,2578.0,7.5,37.3,4.3,369.0
2023-09-28,Karachi,Cafe,Bakery,373.0,8.1,41.1,4.6,78.0
2023-09-28,Karachi,Cloud Kitchen,Biryani,779.0,7.3,33.6,4.8,25.0
2023-09-28,Karachi,Fast Food,Fried Chicken,364.0,7.4,50.0,4.8,46.0
2023-09-28,Islamabad,Cloud Kitchen,Chinese,892.0,7.8,46.9,4.2,153.0
2023-09-28,Islamabad,Cloud Kitchen,Chinese,792.0,9.6,23.1,4.6,78.0
2023-09-28,Karachi,Cloud Kitchen,Indian,2051.0,4.5,22.0,4.3,379.0
2023-09-28,Lahore,Fast Food,Pizza,857.0,1.4,23.8,4.5,211.0
2023-09-28,Faisalabad,Cloud Kitchen,Chinese,681.0,3.6,41.5,3.7,85.0
2023-09-28,Faisalabad,Fast Food,Fried Chicken,955.0,23.5,35.7,4.3,81.0
2023-09-28,Lahore,Dessert,Ice Cream,449.0,10.3,32.6,4.6,91.0
2023-09-29,Karachi,Dessert,Sweets,411.0,18.4,29.5,4.8,2.0
2023-09-29,Karachi,Cloud Kitchen,Biryani,1014.0,2.2,36.4,4.8,138.0
2023-09-29,Lahore,Fast Food,Sandwiches,416.0,9.4,28.3,4.7,11.0
2023-09-29,Karachi,Cafe,Coffee & Snacks,689.0,3.9,29.2,4.7,138.0
2023-09-29,Lahore,Cafe,Sandwiches,1267.0,11.8,38.5,4.8,199.0
2023-09-29,Karachi,Fast Food,Burgers,825.0,5.7,74.1,4.8,88.0
2023-09-29,Faisalabad,Cloud Kitchen,Indian,1436.0,3.5,31.9,4.6,261.0
2023-09-29,Lahore,Cloud Kitchen,Chinese,920.0,12.0,17.3,4.9,93.0
2023-09-30,Islamabad,Dessert,Ice Cream,399.0,26.1,25.9,4.5,20.0
2023-09-30,Islamabad,Fast Food,Sandwiches,695.0,8.2,35.8,5.0,109.0
2023-09-30,Islamabad,Cafe,Breakfast,451.0,2.9,36.3,4.7,48.0
2023-09-30,Karachi,Cafe,Sandwiches,391.0,10.1,35.5,4.5,2.0
2023-09-30,Karachi,Cloud Kitchen,Biryani,1500.0,13.9,28.0,5.0,169.0
2023-09-30,Faisalabad,Fine Dining,Steakhouse,4156.0,28.2,37.7,4.3,110.0
2023-10-01,Islamabad,Fast Food,Pizza,595.0,4.6,37.0,4.3,84.0
2023-10-01,Lahore,Dessert,Ice Cream,382.0,30.0,42.4,5.0,48.0
2023-10-01,Lahore,Fast Food,Burgers,888.0,14.6,28.6,4.4,72.0
2023-10-01,Karachi,Fast Food,Fried Chicken,1428.0,8.0,31.7,4.6,210.0
2023-10-01,Islamabad,Fast Food,Pizza,974.0,4.3,26.0,4.3,206.0
2023-10-01,Islamabad,Cloud Kitchen,Biryani,1024.0,12.7,36.0,4.5,146.0
2023-10-01,Lahore,Cafe,Bakery,485.0,7.1,30.8,4.5,87.0
2023-10-01,Lahore,Cafe,Coffee & Snacks,374.0,10.3,22.6,4.5,2.0
2023-10-02,Lahore,Cafe,Bakery,399.0,9.1,22.4,4.3,18.0
2023-10-02,Lahore,Cloud Kitchen,Biryani,752.0,12.1,30.7,4.5,81.0
2023-10-02,Islamabad,Fine Dining,Seafood,2326.0,10.3,47.5,3.8,295.0
2023-10-02,Karachi,Cloud Kitchen,Indian,1290.0,9.7,23.0,5.0,155.0
2023-10-02,Lahore,Dessert,Cakes,681.0,9.1,39.4,4.3,118.0
2023-10-03,Lahore,Dessert,Ice Cream,843.0,26.9,13.6,4.8,110.0
2023-10-03,Islamabad,Cafe,Bakery,490.0,14.7,33.3,4.9,52.0
2023-10-03,Islamabad,Cloud Kitchen,Italian,1149.0,43.2,35.1,4.1,-9.0
2023-10-03,Multan,Fine Dining,Steakhouse,1786.0,8.7,40.1,4.6,194.0
2023-10-03,Karachi,Fast Food,Pizza,426.0,11.8,26.4,4.2,100.0
2023-10-03,Lahore,Fast Food,Fried Chicken,293.0,19.6,44.2,3.9,-85.0
2023-10-03,Faisalabad,Fast Food,Fried Chicken,514.0,16.2,39.7,4.4,-30.0
2023-10-03,Lahore,Dessert,Ice Cream,410.0,9.1,38.6,4.2,37.0
2023-10-03,Lahore,Cafe,Coffee & Snacks,1316.0,12.7,34.3,4.1,231.0
2023-10-03,Lahore,Cafe,Breakfast,920.0,10.7,40.5,4.6,165.0
2023-10-03,Karachi,Cafe,Bakery,550.0,18.9,35.0,4.1,37.0
2023-10-03,Karachi,Cafe,Coffee & Snacks,649.0,24.6,40.5,4.4,34.0
2023-10-03,Multan,Cloud Kitchen,Indian,1863.0,8.1,24.9,4.7,279.0
2023-10-04,Lahore,Cafe,Sandwiches,920.0,4.0,31.8,4.6,160.0
2023-10-04,Multan,Cafe,Sandwiches,427.0,4.1,36.3,3.6,19.0
2023-10-04,Karachi,Fast Food,Fried Chicken,964.0,14.6,30.9,4.6,185.0
2023-10-04,Karachi,Fast Food,Pizza,1062.0,6.2,33.7,4.7,146.0
2023-10-04,Lahore,Cafe,Breakfast,423.0,23.2,26.1,4.7,27.0
2023-10-04,Multan,Cafe,Breakfast,596.0,30.6,26.2,5.0,-26.0
2023-10-04,Lahore,Cafe,Breakfast,765.0,12.0,16.5,4.9,199.0
2023-10-04,Lahore,Fast Food,Burgers,416.0,15.4,20.5,4.5,21.0
2023-10-04,Islamabad,Cafe,Bakery,708.0,10.3,43.3,4.1,56.0
2023-10-04,Lahore,Cafe,Coffee & Snacks,493.0,4.1,35.2,4.5,59.0
2023-10-05,Lahore,Fast Food,Sandwiches,295.0,3.9,40.9,4.3,33.0
2023-10-05,Faisalabad,Fast Food,Burgers,491.0,13.8,38.4,4.5,9.0
2023-10-05,Karachi,Cloud Kitchen,Chinese,1613.0,14.7,32.9,4.3,163.0
2023-10-05,Lahore,Cafe,Coffee & Snacks,394.0,9.7,27.1,4.8,27.0
2023-10-05,Lahore,Fast Food,Sandwiches,670.0,5.0,42.3,4.0,148.0
2023-10-05,Islamabad,Cloud Kitchen,Chinese,795.0,10.0,28.4,5.0,104.0
2023-10-05,Karachi,Fine Dining,Continental,1861.0,11.6,31.7,4.6,259.0
2023-10-05,Karachi,Cloud Kitchen,Indian,974.0,2.1,22.2,4.6,112.0
2023-10-05,Islamabad,Cloud Kitchen,Italian,1158.0,10.5,53.4,4.3,125.0
2023-10-05,Lahore,Cafe,Bakery,1799.0,1.1,35.6,5.0,466.0
2023-10-06,Lahore,Cloud Kitchen,Biryani,3214.0,4.5,32.8,4.4,621.0
2023-10-06,Karachi,Fine Dining,Continental,3720.0,16.5,27.3,4.5,407.0
2023-10-06,Islamabad,Fast Food,Pizza,1140.0,2.1,29.3,4.7,236.0
2023-10-06,Islamabad,Cloud Kitchen,Chinese,2078.0,16.0,29.9,4.2,133.0
2023-10-06,Karachi,Fast Food,Fried Chicken,428.0,7.5,31.7,4.7,36.0
2023-10-06,Islamabad,Dessert,Cakes,302.0,24.3,34.6,4.6,-25.0
2023-10-06,Karachi,Cafe,Bakery,1141.0,14.1,40.3,4.3,137.0
2023-10-06,Lahore,Fast Food,Fried Chicken,1767.0,5.6,41.0,4.4,359.0
2023-10-07,Multan,Fast Food,Pizza,272.0,8.8,48.6,4.1,-38.0
2023-10-08,Karachi,Cafe,Bakery,527.0,2.6,36.1,4.4,47.0
2023-10-08,Lahore,Cloud Kitchen,Indian,1907.0,16.1,21.4,5.0,171.0
2023-10-08,Islamabad,Fine Dining,Seafood,15719.098813505825,6.5,24.0,5.0,-4063.966239561456
2023-10-08,Lahore,Dessert,Cakes,650.0,18.8,39.3,4.7,35.0
2023-10-08,Lahore,Cafe,Bakery,649.0,32.7,32.6,4.7,-10.0
2023-10-08,Karachi,Fast Food,Pizza,648.0,16.3,26.0,4.0,46.0
2023-10-08,Lahore,Cloud Kitchen,Chinese,1125.0,22.7,34.3,4.2,61.0
2023-10-08,Lahore,Dessert,Bakery,332.0,5.4,33.3,4.3,92.0
2023-10-08,Lahore,Fine Dining,Continental,2722.0,15.6,31.9,4.3,272.0
2023-10-09,Lahore,Cloud Kitchen,Biryani,2029.0,14.0,46.1,4.4,270.0
2023-10-09,Lahore,Cloud Kitchen,Italian,1474.0,14.3,24.8,5.0,216.0
2023-10-09,Multan,Cafe,Coffee & Snacks,449.0,2.6,32.4,4.4,64.0
2023-10-09,Karachi,Fine Dining,Steakhouse,3184.0,21.4,35.1,4.2,179.0
2023-10-09,Karachi,Fine Dining,Fusion,3115.0,4.4,19.9,4.8,462.0
2023-10-09,Lahore,Dessert,Sweets,401.0,26.9,42.1,4.4,-6.0
2023-10-09,Multan,Cloud Kitchen,Biryani,1103.0,5.8,36.4,3.9,177.0
2023-10-09,Karachi,Dessert,Sweets,700.0,12.4,33.4,4.8,118.0
2023-10-10,Islamabad,Fast Food,Fried Chicken,487.0,7.3,42.2,4.8,56.0
2023-10-10,Lahore,Cafe,Breakfast,1031.0,37.5,38.3,4.1,-34.0
2023-10-10,Islamabad,Cafe,Breakfast,575.0,9.0,27.7,4.6,41.0
2023-10-10,Karachi,Dessert,Sweets,578.0,4.3,47.8,4.2,65.0
2023-10-10,Multan,Fast Food,Fried Chicken,368.0,31.3,30.0,4.5,-17.0
2023-10-10,Karachi,Cloud Kitchen,Italian,902.0,13.4,19.8,5.0,82.0
2023-10-10,Karachi,Cloud Kitchen,Indian,2128.0,18.1,32.6,4.4,207.0
2023-10-10,Faisalabad,Dessert,Ice Cream,489.0,4.7,21.0,4.7,110.0
2023-10-10,Karachi,Cafe,Breakfast,523.0,7.5,18.6,4.5,26.0
2023-10-11,Lahore,Cloud Kitchen,Indian,1099.0,7.2,43.3,4.2,90.0
2023-10-11,Karachi,Fast Food,Burgers,1946.0,3.7,46.9,4.0,333.0
2023-10-11,Islamabad,Cafe,Breakfast,734.0,14.4,28.7,4.2,67.0
2023-10-11,Karachi,Dessert,Bakery,380.0,20.9,36.4,4.1,28.0
2023-10-11,Lahore,Fine Dining,Fusion,1541.0,18.3,32.1,4.9,105.0
2023-10-11,Islamabad,Dessert,Cakes,347.0,11.2,26.4,4.8,98.0
2023-10-12,Multan,Fine Dining,Seafood,2066.0,11.5,43.9,4.7,264.0
2023-10-12,Islamabad,Cloud Kitchen,Indian,472.0,5.9,28.9,4.6,-17.0
2023-10-12,Karachi,Fast Food,Fried Chicken,616.0,17.5,27.4,4.6,-7.0
2023-10-12,Multan,Cloud Kitchen,Biryani,1110.0,17.6,24.7,4.8,138.0
2023-10-12,Multan,Fine Dining,Fusion,2601.0,4.4,24.7,4.9,456.0
2023-10-12,Lahore,Cloud Kitchen,Biryani,1895.0,3.8,24.0,5.0,359.0
2023-10-12,Multan,Dessert,Ice Cream,492.0,3.5,33.9,4.7,129.0
2023-10-12,Faisalabad,Cloud Kitchen,Italian,1751.0,4.7,40.4,4.6,320.0
2023-10-12,Multan,Fast Food,Burgers,590.0,1.2,30.3,5.0,152.0
2023-10-12,Multan,Fast Food,Pizza,817.0,15.0,21.3,5.0,129.0
2023-10-12,Karachi,Cafe,Bakery,761.0,13.8,19.6,4.9,87.0
2023-10-13,Faisalabad,Cafe,Sandwiches,1488.0,16.3,24.1,4.9,194.0
2023-10-13,Islamabad,Cloud Kitchen,Biryani,1510.0,6.7,23.7,4.4,264.0
2023-10-13,Faisalabad,Cloud Kitchen,Chinese,1549.0,3.8,38.6,3.9,344.0
2023-10-13,Karachi,Dessert,Bakery,841.0,3.7,34.3,4.6,280.0
2023-10-13,Karachi,Cafe,Breakfast,463.0,25.3,38.9,4.6,-48.0
2023-10-13,Lahore,Cloud Kitchen,Biryani,1577.0,8.8,23.4,4.2,253.0
2023-10-13,Lahore,Cloud Kitchen,Indian,648.0,7.3,41.3,5.0,6.0
2023-10-13,Lahore,Cloud Kitchen,Italian,1350.0,18.6,85.5,5.0,105.0
2023-10-13,Islamabad,Cloud Kitchen,Indian,1062.0,28.5,95.2,4.3,-23.0
2023-10-13,Lahore,Cloud Kitchen,Italian,949.0,20.2,35.2,4.3,65.0
2023-10-13,Karachi,Cafe,Sandwiches,338.0,13.5,39.6,4.3,22.0
2023-10-14,Islamabad,Fast Food,Burgers,350.0,5.1,33.2,4.1,26.0
2023-10-14,Multan,Cloud Kitchen,Chinese,1025.0,4.5,22.3,4.5,148.0
2023-10-14,Lahore,Cloud Kitchen,Italian,1015.0,4.1,23.0,5.0,147.0
2023-10-14,Lahore,Fast Food,Fried Chicken,1131.0,6.8,18.5,5.0,171.0
2023-10-14,Faisalabad,Fine Dining,Continental,1741.0,22.7,40.3,4.2,26.0
2023-10-14,Islamabad,Cloud Kitchen,Biryani,913.0,13.3,22.3,4.2,88.0
2023-10-14,Faisalabad,Cafe,Breakfast,730.0,7.6,21.9,4.5,139.0
2023-10-15,Karachi,Cloud Kitchen,Chinese,945.0,5.4,35.5,4.6,101.0
2023-10-15,Islamabad,Fine Dining,Fusion,1744.0,15.1,39.6,4.8,131.0
2023-10-15,Faisalabad,Cloud Kitchen,Italian,1313.0,6.5,24.8,5.0,230.0
2023-10-15,Lahore,Dessert,Ice Cream,637.0,5.1,30.0,4.4,142.0
2023-10-15,Faisalabad,Dessert,Bakery,375.0,14.4,21.4,4.3,12.0
2023-10-15,Lahore,Dessert,Bakery,338.0,2.5,33.9,3.9,51.0
2023-10-15,Lahore,Cafe,Breakfast,305.0,21.1,34.3,4.5,-33.0
2023-10-15,Lahore,Fast Food,Fried Chicken,778.0,10.2,24.4,4.6,64.0
2023-10-15,Karachi,Cloud Kitchen,Indian,1128.0,10.3,32.4,4.4,114.0
2023-10-15,Multan,Cloud Kitchen,Indian,868.0,7.4,25.8,5.0,86.0
2023-10-15,Karachi,Fast Food,Fried Chicken,552.0,8.3,31.8,4.6,125.0
2023-10-16,Lahore,Fast Food,Pizza,1175.0,11.3,26.8,5.0,151.0
2023-10-16,Lahore,Cloud Kitchen,Biryani,1814.0,11.2,33.7,5.0,300.0
2023-10-16,Lahore,Fine Dining,Steakhouse,3289.0,33.9,26.0,4.7,-34.0
2023-10-16,Lahore,Fast Food,Fried Chicken,970.0,10.4,28.7,4.5,211.0
2023-10-17,Karachi,Dessert,Ice Cream,283.0,17.6,15.8,4.9,-43.0
2023-10-17,Islamabad,Cloud Kitchen,Biryani,986.0,13.0,36.1,4.4,116.0
2023-10-17,Multan,Fast Food,Pizza,507.0,0.4,35.7,4.1,60.0
2023-10-17,Lahore,Cloud Kitchen,Indian,680.0,4.0,37.3,4.7,118.0
2023-10-17,Lahore,Cafe,Breakfast,296.0,8.1,39.5,4.6,-87.0
2023-10-17,Karachi,Dessert,Sweets,307.0,20.2,40.7,4.1,4.0
2023-10-17,Lahore,Fast Food,Fried Chicken,522.0,7.9,30.3,4.0,85.0
2023-10-17,Lahore,Fast Food,Burgers,392.0,24.7,30.0,4.5,-8.0
2023-10-18,Islamabad,Dessert,Sweets,495.0,35.4,29.6,4.9,-45.0
2023-10-18,Islamabad,Dessert,Cakes,370.0,2.4,30.1,5.0,69.0
2023-10-18,Lahore,Dessert,Cakes,301.0,0.8,84.3,3.7,18.0
2023-10-18,Islamabad,Cafe,Breakfast,871.0,20.4,54.1,3.8,107.0
2023-10-18,Karachi,Cloud Kitchen,Italian,737.0,12.8,94.5,3.0,11.0
2023-10-18,Karachi,Dessert,Bakery,352.0,23.2,39.7,4.8,14.0
2023-10-18,Lahore,Dessert,Sweets,577.0,5.6,36.3,5.0,74.0
2023-10-18,Lahore,Cloud Kitchen,Chinese,583.0,19.2,24.7,4.4,2.0
2023-10-18,Lahore,Dessert,Cakes,233.0,5.6,26.6,4.6,8.0
2023-10-18,Lahore,Fast Food,Fried Chicken,553.0,24.5,121.3,4.6,-51.0
2023-10-18,Karachi,Cloud Kitchen,Indian,1413.0,32.6,39.9,4.5,17.0
2023-10-18,Lahore,Dessert,Ice Cream,320.0,10.6,18.6,5.0,-35.0
2023-10-18,Islamabad,Cafe,Breakfast,617.0,15.0,18.9,5.0,45.0
2023-10-18,Islamabad,Fast Food,Burgers,1023.0,5.9,16.0,5.0,199.0
2023-10-18,Multan,Fast Food,Sandwiches,337.0,12.8,33.3,4.8,20.0
2023-10-18,Islamabad,Fine Dining,Seafood,4855.0,3.5,22.8,5.0,881.0
2023-10-19,Islamabad,Cloud Kitchen,Chinese,1981.0,2.3,36.9,4.7,400.0
2023-10-19,Lahore,Fine Dining,Seafood,2656.0,5.7,40.7,4.1,370.0
2023-10-19,Karachi,Cafe,Sandwiches,523.0,16.2,32.7,4.3,55.0
2023-10-19,Lahore,Fast Food,Burgers,552.0,21.3,28.6,4.5,40.0
2023-10-19,Islamabad,Fast Food,Burgers,616.0,33.8,23.5,4.6,-38.0
2023-10-19,Lahore,Fine Dining,Fusion,1953.0,10.9,28.5,4.4,170.0
2023-10-19,Islamabad,Cafe,Breakfast,748.0,21.9,35.9,4.4,46.0
2023-10-19,Islamabad,Fast Food,Fried Chicken,651.0,8.7,28.4,5.0,83.0
2023-10-19,Islamabad,Cloud Kitchen,Biryani,14552.26304565238,2.8,23.7,4.6,-3934.4791322884153
2023-10-19,Faisalabad,Cafe,Breakfast,391.0,4.7,37.9,4.6,-7.0
2023-10-19,Islamabad,Dessert,Ice Cream,883.0,12.6,29.0,4.1,147.0
2023-10-20,Lahore,Fast Food,Pizza,1332.0,11.9,35.6,4.2,202.0
2023-10-20,Lahore,Fast Food,Fried Chicken,12486.075140046165,10.5,111.8,3.0,-4091.594158174515
2023-10-20,Lahore,Fast Food,Burgers,594.0,18.6,39.4,4.4,75.0
2023-10-20,Islamabad,Fast Food,Pizza,705.0,10.8,32.7,4.0,88.0
2023-10-20,Islamabad,Fast Food,Fried Chicken,830.0,2.7,31.5,4.2,148.0
2023-10-20,Lahore,Dessert,Bakery,415.0,6.1,36.1,4.5,70.0
2023-10-20,Lahore,Cafe,Breakfast,614.0,4.2,33.3,4.2,123.0
2023-10-21,Faisalabad,Fast Food,Pizza,583.0,13.9,30.7,4.7,65.0
2023-10-21,Karachi,Cloud Kitchen,Indian,413.0,5.9,28.8,4.5,31.0
2023-10-21,Lahore,Cloud Kitchen,Chinese,823.0,10.7,34.0,4.3,79.0
2023-10-21,Lahore,Fast Food,Fried Chicken,554.0,3.7,33.5,4.9,59.0
2023-10-21,Multan,Fast Food,Burgers,619.0,10.0,25.3,4.6,123.0
2023-10-21,Lahore,Fast Food,Pizza,500.0,8.2,22.6,5.0,-8.0
2023-10-21,Faisalabad,Fast Food,Sandwiches,651.0,3.2,33.2,4.3,53.0
2023-10-22,Multan,Cloud Kitchen,Biryani,1842.0,20.8,32.5,4.4,77.0
2023-10-22,Karachi,Cloud Kitchen,Indian,2265.0,5.7,24.2,5.0,422.0
2023-10-22,Islamabad,Dessert,Ice Cream,364.0,16.0,17.8,4.2,15.0
2023-10-22,Karachi,Cafe,Sandwiches,640.0,8.0,28.2,5.0,168.0
2023-10-22,Faisalabad,Fast Food,Fried Chicken,556.0,7.5,28.5,4.1,61.0
2023-10-22,Islamabad,Fast Food,Fried Chicken,443.0,9.6,32.1,4.6,99.0
2023-10-22,Islamabad,Fast Food,Burgers,306.0,8.3,29.5,5.0,-17.0
2023-10-22,Faisalabad,Fine Dining,Seafood,2938.0,8.8,26.0,5.0,396.0
2023-10-23,Karachi,Cloud Kitchen,Chinese,1210.0,5.5,34.8,4.5,168.0
2023-10-23,Karachi,Fine Dining,Fusion,5832.0,10.4,30.7,5.0,822.0
2023-10-23,Karachi,Cloud Kitchen,Chinese,856.0,15.9,33.6,4.5,39.0
2023-10-23,Islamabad,Fast Food,Sandwiches,682.0,14.9,42.4,5.0,64.0
2023-10-23,Faisalabad,Cloud Kitchen,Biryani,1391.0,8.1,35.8,4.6,297.0
2023-10-23,Islamabad,Cloud Kitchen,Italian,1283.0,18.2,39.8,4.8,132.0
2023-10-23,Islamabad,Dessert,Ice Cream,384.0,12.2,13.2,4.7,83.0
2023-10-23,Karachi,Cafe,Bakery,738.0,1.3,28.1,5.0,160.0
2023-10-23,Islamabad,Fast Food,Burgers,213.0,10.1,33.6,4.1,-52.0
2023-10-24,Lahore,Fine Dining,Steakhouse,3949.0,12.0,24.5,4.4,434.0
2023-10-24,Lahore,Cloud Kitchen,Indian,859.0,21.7,34.7,4.3,62.0
2023-10-24,Faisalabad,Dessert,Ice Cream,670.0,41.6,16.8,4.8,-15.0
2023-10-24,Islamabad,Fast Food,Sandwiches,764.0,15.4,44.5,4.5,9.0
2023-10-24,Lahore,Fast Food,Burgers,619.0,11.5,28.6,4.7,46.0
2023-10-24,Lahore,Fast Food,Sandwiches,630.0,6.4,27.0,4.8,127.0
2023-10-24,Lahore,Fast Food,Pizza,742.0,5.3,17.9,5.0,129.0
2023-10-24,Lahore,Dessert,Ice Cream,304.0,6.5,92.5,3.5,-13.0
2023-10-24,Islamabad,Cloud Kitchen,Indian,1088.0,10.4,23.2,4.7,115.0
2023-10-25,Lahore,Dessert,Sweets,442.0,2.4,39.7,4.4,62.0
2023-10-25,Karachi,Fast Food,Burgers,1805.0,10.0,44.0,3.9,263.0
2023-10-25,Karachi,Cafe,Coffee & Snacks,378.0,14.8,47.2,4.1,87.0
2023-10-25,Karachi,Cloud Kitchen,Chinese,1637.0,7.7,34.3,4.2,318.0
2023-10-25,Lahore,Fast Food,Burgers,503.0,15.1,28.5,5.0,14.0
2023-10-25,Lahore,Fast Food,Burgers,614.0,21.8,35.7,4.4,18.0
2023-10-25,Multan,Dessert,Ice Cream,197.0,1.7,28.1,4.0,7.0
2023-10-26,Lahore,Fine Dining,Continental,1345.0,19.1,26.8,3.9,48.0
2023-10-26,Multan,Fine Dining,Fusion,1606.0,6.9,29.8,5.0,196.0
2023-10-26,Lahore,Fine Dining,Steakhouse,2012.0,35.3,43.1,4.1,-94.0
2023-10-26,Islamabad,Cloud Kitchen,Indian,1031.0,19.9,30.9,4.3,-23.0
2023-10-26,Multan,Dessert,Bakery,712.0,16.6,98.0,3.1,52.0
2023-10-26,Karachi,Dessert,Cakes,676.0,7.4,53.4,4.0,107.0
2023-10-26,Faisalabad,Fast Food,Burgers,601.0,14.0,27.4,4.7,15.0
2023-10-26,Faisalabad,Dessert,Bakery,713.0,6.9,26.2,4.7,145.0
2023-10-26,Lahore,Cafe,Sandwiches,990.0,4.3,24.6,4.4,196.0
2023-10-27,Karachi,Dessert,Cakes,528.0,24.1,14.4,4.9,39.0
2023-10-27,Islamabad,Fast Food,Burgers,348.0,12.1,37.7,4.9,-49.0
2023-10-27,Karachi,Cafe,Coffee & Snacks,1171.0,7.0,34.6,4.8,194.0
2023-10-27,Islamabad,Fast Food,Sandwiches,552.0,18.7,40.8,4.4,76.0
2023-10-27,Multan,Fast Food,Sandwiches,1017.0,33.1,34.0,4.6,-11.0
2023-10-27,Karachi,Cafe,Breakfast,690.0,33.3,37.1,4.4,-28.0
2023-10-27,Faisalabad,Dessert,Cakes,400.0,14.7,22.8,4.4,-13.0
2023-10-27,Karachi,Cafe,Breakfast,425.0,17.7,48.1,4.1,0.0
2023-10-27,Karachi,Fine Dining,Fusion,2130.0,23.2,28.2,5.0,56.0
2023-10-27,Islamabad,Cloud Kitchen,Biryani,1028.0,5.3,38.6,5.0,158.0
2023-10-28,Faisalabad,Cloud Kitchen,Italian,1920.0,10.7,32.7,4.6,229.0
2023-10-28,Multan,Fast Food,Sandwiches,466.0,7.5,22.5,4.1,79.0
2023-10-28,Islamabad,Fast Food,Sandwiches,847.0,13.1,22.3,5.0,159.0
2023-10-28,Islamabad,Fast Food,Burgers,654.0,37.7,115.3,2.8,-227.0
2023-10-29,Faisalabad,Fast Food,Fried Chicken,476.0,14.9,34.3,4.9,32.0
2023-10-29,Islamabad,Cafe,Coffee & Snacks,307.0,11.8,32.1,4.2,-18.0
2023-10-29,Karachi,Fine Dining,Fusion,1092.0,5.4,32.3,4.6,188.0
2023-10-30,Faisalabad,Fine Dining,Seafood,1550.0,11.7,38.9,4.9,162.0
2023-10-30,Lahore,Fine Dining,Fusion,1547.0,13.8,21.8,5.0,142.0
2023-10-30,Karachi,Fast Food,Burgers,739.0,7.6,35.9,4.2,62.0
2023-10-30,Faisalabad,Cloud Kitchen,Italian,1133.0,13.0,34.7,4.3,148.0
2023-10-30,Faisalabad,Dessert,Bakery,497.0,7.0,23.0,5.0,65.0
2023-10-30,Lahore,Dessert,Cakes,380.0,9.9,35.2,4.7,-14.0
2023-10-30,Islamabad,Dessert,Bakery,913.0,2.4,38.0,4.4,172.0
2023-10-30,Islamabad,Fast Food,Pizza,965.0,14.5,22.9,5.0,6.0
2023-10-30,Karachi,Fine Dining,Steakhouse,3715.0,26.3,25.8,4.7,129.0
2023-10-30,Lahore,Dessert,Bakery,257.0,9.9,37.9,4.0,-8.0
2023-10-30,Islamabad,Cafe,Bakery,684.0,10.6,20.4,4.9,73.0
2023-10-30,Karachi,Fast Food,Fried Chicken,411.0,15.0,53.6,4.3,-10.0
2023-10-31,Islamabad,Fast Food,Fried Chicken,755.0,11.6,42.9,4.4,94.0
2023-10-31,Lahore,Fast Food,Burgers,475.0,10.2,25.3,4.7,37.0
2023-10-31,Faisalabad,Cafe,Sandwiches,667.0,5.4,24.1,4.5,111.0
2023-10-31,Faisalabad,Cafe,Coffee & Snacks,574.0,19.3,38.1,4.5,0.0
2023-10-31,Multan,Cafe,Coffee & Snacks,290.0,5.2,41.6,4.3,30.0
2023-10-31,Karachi,Fast Food,Fried Chicken,1248.0,5.6,26.7,4.3,230.0
2023-10-31,Lahore,Cloud Kitchen,Italian,480.0,11.0,33.3,5.0,-17.0
2023-10-31,Karachi,Fine Dining,Continental,2445.0,7.9,32.3,4.4,310.0
2023-10-31,Islamabad,Dessert,Ice Cream,373.0,2.5,33.9,4.3,105.0
2023-10-31,Islamabad,Fast Food,Sandwiches,455.0,11.4,47.8,3.9,2.0
2023-10-31,Islamabad,Fast Food,Pizza,1697.0,32.4,26.8,4.5,87.0
2023-10-31,Multan,Cloud Kitchen,Biryani,1136.0,3.7,40.9,4.4,225.0
2023-11-01,Lahore,Fast Food,Pizza,559.0,22.1,26.2,4.9,86.0
2023-11-01,Lahore,Cafe,Breakfast,337.0,3.9,34.2,4.3,48.0
2023-11-01,Islamabad,Cafe,Bakery,648.0,2.9,27.7,4.7,107.0
2023-11-01,Faisalabad,Dessert,Bakery,246.0,0.6,40.2,3.9,31.0
2023-11-01,Islamabad,Cloud Kitchen,Biryani,1673.0,15.1,30.9,4.9,164.0
2023-11-01,Lahore,Dessert,Bakery,462.0,11.8,28.2,4.4,78.0
2023-11-01,Islamabad,Fast Food,Fried Chicken,961.0,20.6,37.4,4.6,73.0
2023-11-02,Multan,Cloud Kitchen,Biryani,1634.0,29.8,44.3,3.9,30.0
2023-11-02,Multan,Cloud Kitchen,Indian,707.0,3.8,45.7,4.0,60.0
2023-11-02,Lahore,Fast Food,Sandwiches,515.0,22.3,103.4,3.6,-71.0
2023-11-03,Karachi,Cloud Kitchen,Biryani,838.0,26.5,32.1,5.0,21.0
2023-11-03,Islamabad,Cafe,Bakery,544.0,21.2,18.4,5.0,43.0
2023-11-03,Lahore,Cloud Kitchen,Chinese,839.0,5.4,21.8,4.3,144.0
2023-11-03,Lahore,Fine Dining,Steakhouse,3586.0,27.7,17.9,4.7,98.0
2023-11-03,Islamabad,Fast Food,Burgers,877.0,12.1,21.2,5.0,79.0
2023-11-04,Karachi,Fine Dining,Steakhouse,3785.0,2.7,40.2,4.6,611.0
2023-11-04,Karachi,Fine Dining,Seafood,2416.0,2.2,33.6,5.0,429.0
2023-11-04,Lahore,Cloud Kitchen,Indian,1305.0,0.8,39.6,4.3,250.0
2023-11-04,Lahore,Cloud Kitchen,Indian,3104.0,7.2,29.4,4.1,554.0
2023-11-04,Lahore,Fast Food,Burgers,583.0,23.3,41.1,4.1,35.0
2023-11-04,Lahore,Fast Food,Sandwiches,616.0,6.7,37.7,4.2,66.0
2023-11-04,Karachi,Fast Food,Burgers,649.0,12.4,24.2,4.0,65.0
2023-11-04,Islamabad,Cloud Kitchen,Biryani,1322.0,10.9,36.5,5.0,229.0
2023-11-05,Lahore,Cloud Kitchen,Italian,2425.0,16.9,33.2,4.7,248.0
2023-11-05,Islamabad,Cloud Kitchen,Indian,1992.0,1.8,28.1,4.3,385.0
2023-11-05,Karachi,Cafe,Breakfast,415.0,25.2,21.6,4.5,8.0
2023-11-05,Lahore,Fast Food,Fried Chicken,833.0,12.6,31.3,5.0,82.0
2023-11-05,Islamabad,Cloud Kitchen,Indian,694.0,24.5,35.8,4.2,2.0
2023-11-05,Lahore,Fast Food,Pizza,1457.0,12.2,22.8,4.7,236.0
2023-11-05,Lahore,Fine Dining,Steakhouse,1262.0,11.2,44.0,4.5,128.0
2023-11-06,Karachi,Fine Dining,Continental,1330.0,18.9,18.2,5.0,125.0
2023-11-06,Karachi,Cafe,Bakery,428.0,0.6,27.6,4.3,27.0
2023-11-06,Karachi,Fine Dining,Steakhouse,1273.0,13.0,31.1,4.6,99.0
2023-11-06,Lahore,Fast Food,Sandwiches,479.0,4.4,29.3,4.6,-9.0
2023-11-06,Lahore,Cafe,Breakfast,454.0,20.8,47.2,3.9,-22.0
2023-11-06,Lahore,Dessert,Cakes,653.0,4.3,32.3,4.3,183.0
2023-11-06,Lahore,Fast Food,Pizza,922.0,4.7,41.6,4.5,208.0
2023-11-06,Islamabad,Fast Food,Fried Chicken,864.0,2.7,28.8,5.0,189.0
2023-11-07,Faisalabad,Cafe,Coffee & Snacks,650.0,18.5,35.7,4.5,86.0
2023-11-07,Faisalabad,Cafe,Breakfast,350.0,19.5,30.3,4.6,-12.0
2023-11-07,Karachi,Fine Dining,Steakhouse,3531.0,20.8,20.9,5.0,195.0
2023-11-07,Lahore,Cloud Kitchen,Italian,1564.0,22.6,32.6,4.2,64.0
2023-11-07,Karachi,Fast Food,Pizza,1043.0,9.6,14.7,4.7,232.0
2023-11-07,Faisalabad,Fast Food,Burgers,616.0,13.2,30.0,4.9,19.0
2023-11-07,Lahore,Fast Food,Burgers,639.0,14.5,28.2,5.0,92.0
2023-11-07,Multan,Fast Food,Burgers,1156.0,6.8,34.0,4.3,243.0
2023-11-08,Karachi,Dessert,Bakery,573.0,16.0,38.9,4.6,121.0
2023-11-08,Lahore,Cafe,Bakery,486.0,14.9,23.8,5.0,26.0
2023-11-08,Faisalabad,Cafe,Sandwiches,938.0,1.8,26.3,4.5,158.0
2023-11-08,Faisalabad,Fast Food,Fried Chicken,1204.0,10.7,30.3,4.6,122.0
2023-11-08,Lahore,Fast Food,Burgers,702.0,26.2,22.9,5.0,65.0
2023-11-08,Lahore,Fast Food,Fried Chicken,398.0,23.6,35.6,4.8,-16.0
2023-11-08,Faisalabad,Cloud Kitchen,Italian,1603.0,4.9,39.7,4.3,218.0
2023-11-09,Karachi,Cafe,Sandwiches,601.0,8.0,26.4,4.6,118.0
2023-11-09,Islamabad,Dessert,Ice Cream,209.0,9.7,43.3,4.6,-8.0
2023-11-09,Islamabad,Fine Dining,Seafood,1590.0,5.6,16.9,4.8,176.0
2023-11-09,Karachi,Cafe,Sandwiches,555.0,37.5,35.2,4.3,-49.0
2023-11-09,Faisalabad,Dessert,Ice Cream,466.0,9.3,24.0,5.0,104.0
2023-11-09,Lahore,Cloud Kitchen,Italian,831.0,9.2,38.8,4.6,138.0
2023-11-09,Karachi,Dessert,Cakes,722.0,25.6,35.1,5.0,105.0
2023-11-09,Lahore,Cafe,Sandwiches,781.0,22.1,45.6,4.8,23.0
2023-11-09,Karachi,Cloud Kitchen,Chinese,1139.0,13.3,28.4,4.1,159.0
2023-11-10,Multan,Fast Food,Sandwiches,774.0,38.7,33.9,4.6,-17.0
2023-11-10,Islamabad,Dessert,Bakery,695.0,16.7,32.3,4.5,101.0
2023-11-10,Islamabad,Fast Food,Burgers,773.0,4.8,51.3,4.1,117.0
2023-11-10,Islamabad,Fast Food,Fried Chicken,468.0,7.0,29.2,5.0,22.0
2023-11-11,Lahore,Cafe,Breakfast,426.0,24.6,25.0,4.9,-29.0
2023-11-11,Multan,Cloud Kitchen,Chinese,783.0,2.0,44.7,4.1,143.0
2023-11-11,Lahore,Dessert,Bakery,526.0,18.3,47.7,3.6,88.0
2023-11-11,Faisalabad,Fast Food,Pizza,688.0,3.9,29.7,4.2,89.0
2023-11-11,Lahore,Cloud Kitchen,Italian,929.0,7.2,29.5,4.4,91.0
2023-11-11,Islamabad,Cloud Kitchen,Biryani,2089.0,2.4,22.2,5.0,424.0
2023-11-11,Karachi,Dessert,Sweets,682.0,23.6,36.7,4.5,6.0
2023-11-11,Islamabad,Dessert,Cakes,349.0,16.5,76.3,3.6,-15.0
2023-11-12,Islamabad,Fast Food,Sandwiches,275.0,5.6,27.8,4.5,-45.0
2023-11-12,Lahore,Cloud Kitchen,Italian,797.0,4.0,29.5,4.2,98.0
2023-11-12,Karachi,Fine Dining,Seafood,3752.0,12.5,37.1,4.0,408.0
2023-11-13,Islamabad,Fine Dining,Fusion,1395.0,16.1,29.9,4.5,120.0
2023-11-13,Karachi,Cloud Kitchen,Indian,638.0,16.6,44.8,5.0,28.0
2023-11-13,Lahore,Fast Food,Burgers,705.0,23.7,36.2,4.5,9.0
2023-11-13,Islamabad,Cafe,Bakery,544.0,29.4,32.8,4.4,48.0
2023-11-13,Multan,Fast Food,Pizza,971.0,19.2,36.1,3.8,84.0
2023-11-13,Karachi,Cafe,Sandwiches,504.0,5.4,10.0,5.0,71.0
2023-11-13,Faisalabad,Cloud Kitchen,Chinese,1579.0,11.8,36.9,4.7,202.0
2023-11-14,Lahore,Cloud Kitchen,Chinese,432.0,9.6,20.6,4.6,14.0
2023-11-14,Islamabad,Cloud Kitchen,Italian,1020.0,2.8,28.8,4.6,206.0
2023-11-14,Islamabad,Fast Food,Pizza,299.0,2.9,107.7,4.6,-49.0
2023-11-14,Lahore,Dessert,Cakes,329.0,10.7,23.8,4.4,-20.0
2023-11-14,Karachi,Dessert,Cakes,377.0,9.5,27.6,3.9,57.0
2023-11-14,Faisalabad,Fast Food,Sandwiches,374.0,12.0,35.5,4.7,-11.0
2023-11-14,Islamabad,Dessert,Cakes,541.0,6.3,32.4,4.0,167.0
2023-11-14,Faisalabad,Fast Food,Fried Chicken,1250.0,7.8,34.2,4.6,186.0
2023-11-14,Lahore,Fast Food,Burgers,395.0,3.7,38.9,3.6,4.0
2023-11-15,Faisalabad,Fast Food,Burgers,658.0,6.9,27.1,4.5,66.0
2023-11-15,Lahore,Cloud Kitchen,Indian,1384.0,3.0,25.2,4.6,282.0
2023-11-15,Karachi,Dessert,Cakes,848.0,9.4,38.3,4.2,162.0
2023-11-15,Lahore,Cafe,Bakery,945.0,7.2,29.8,4.6,95.0
2023-11-15,Lahore,Cafe,Coffee & Snacks,582.0,11.5,40.5,4.6,97.0
2023-11-15,Karachi,Dessert,Ice Cream,791.0,8.4,24.6,4.3,183.0
2023-11-15,Faisalabad,Cloud Kitchen,Italian,798.0,5.0,29.4,5.0,55.0
2023-11-15,Multan,Fast Food,Burgers,316.0,2.4,32.0,4.5,-26.0
2023-11-16,Multan,Fast Food,Burgers,559.0,14.4,40.1,4.6,20.0
2023-11-16,Lahore,Cafe,Breakfast,864.0,3.4,30.2,4.8,189.0
2023-11-16,Lahore,Fine Dining,Seafood,1461.0,9.9,42.9,4.3,28.0
2023-11-16,Lahore,Cafe,Coffee & Snacks,1027.0,18.0,33.2,4.7,125.0
2023-11-16,Lahore,Fast Food,Pizza,478.0,8.2,57.6,4.1,3.0
2023-11-16,Karachi,Cloud Kitchen,Chinese,729.0,8.5,33.4,5.0,43.0
2023-11-17,Lahore,Cloud Kitchen,Italian,1047.0,34.6,40.9,4.2,-120.0
2023-11-17,Faisalabad,Dessert,Bakery,278.0,8.6,27.7,4.7,-13.0
2023-11-17,Multan,Fast Food,Sandwiches,644.0,12.8,37.0,4.6,18.0
2023-11-17,Islamabad,Dessert,Bakery,1334.0,6.0,43.9,4.4,305.0
2023-11-18,Karachi,Fast Food,Burgers,571.0,9.8,35.9,4.7,-18.0
2023-11-18,Faisalabad,Cafe,Breakfast,755.0,13.4,34.6,4.6,66.0
2023-11-18,Lahore,Cloud Kitchen,Biryani,1604.0,12.1,36.3,3.8,216.0
2023-11-18,Lahore,Fine Dining,Continental,2194.0,15.9,16.1,5.0,190.0
2023-11-18,Karachi,Cloud Kitchen,Indian,389.0,2.8,29.0,4.9,91.0
2023-11-18,Lahore,Cloud Kitchen,Italian,1529.0,14.1,26.3,4.6,242.0
2023-11-18,Faisalabad,Dessert,Bakery,558.0,26.4,99.5,5.0,56.0
2023-11-18,Islamabad,Cloud Kitchen,Indian,2797.0,0.4,38.8,4.5,645.0
2023-11-18,Lahore,Fast Food,Fried Chicken,575.0,4.9,33.5,5.0,32.0
2023-11-19,Lahore,Cloud Kitchen,Indian,573.0,19.4,39.6,4.3,0.0
2023-11-19,Lahore,Fast Food,Sandwiches,877.0,1.2,41.1,4.4,126.0
2023-11-19,Karachi,Fine Dining,Continental,1922.0,2.9,27.1,4.6,306.0
2023-11-19,Islamabad,Cafe,Coffee & Snacks,677.0,16.1,76.3,4.8,-6.0
2023-11-19,Islamabad,Fast Food,Sandwiches,681.0,5.4,42.9,4.4,146.0
2023-11-19,Lahore,Fast Food,Sandwiches,247.0,17.2,24.8,5.0,-37.0
2023-11-19,Karachi,Fine Dining,Fusion,2549.0,10.5,21.4,4.1,306.0
2023-11-19,Lahore,Cafe,Coffee & Snacks,768.0,11.7,23.5,5.0,156.0
2023-11-19,Faisalabad,Dessert,Ice Cream,405.0,25.9,45.8,4.3,73.0
2023-11-19,Lahore,Dessert,Sweets,176.0,21.6,34.7,4.6,-40.0
2023-11-20,Lahore,Cloud Kitchen,Indian,2158.0,1.7,33.8,4.7,488.0
2023-11-20,Faisalabad,Fine Dining,Seafood,1966.0,11.7,35.3,4.6,186.0
2023-11-20,Faisalabad,Cafe,Coffee & Snacks,1418.0,18.5,37.5,4.5,62.0
2023-11-20,Karachi,Cloud Kitchen,Indian,1782.0,44.6,23.8,4.5,-181.0
2023-11-21,Multan,Dessert,Ice Cream,894.0,15.5,81.1,3.5,131.0
2023-11-21,Islamabad,Cloud Kitchen,Italian,2424.0,5.3,27.5,4.2,406.0
2023-11-21,Lahore,Dessert,Ice Cream,790.0,0.8,26.6,4.4,209.0
2023-11-21,Karachi,Dessert,Bakery,758.0,13.4,28.6,4.9,144.0
2023-11-21,Karachi,Fast Food,Sandwiches,592.0,22.9,42.3,4.1,-38.0
2023-11-21,Karachi,Fast Food,Fried Chicken,452.0,8.2,29.7,4.7,56.0
2023-11-22,Lahore,Fast Food,Sandwiches,492.0,22.5,26.4,4.8,61.0
2023-11-22,Faisalabad,Dessert,Sweets,255.0,10.4,39.9,3.5,-0.0
2023-11-22,Islamabad,Fast Food,Fried Chicken,880.0,10.4,17.6,5.0,121.0
2023-11-22,Multan,Cloud Kitchen,Italian,1538.0,18.2,29.1,4.4,163.0
2023-11-22,Karachi,Cafe,Bakery,402.0,10.4,88.5,2.8,-64.0
2023-11-23,Lahore,Cafe,Sandwiches,551.0,15.5,29.9,5.0,52.0
2023-11-23,Multan,Fine Dining,Seafood,4092.0,4.6,36.3,4.7,726.0
2023-11-23,Lahore,Fast Food,Burgers,514.0,25.0,32.2,4.7,-27.0
2023-11-23,Lahore,Cafe,Coffee & Snacks,435.0,3.4,24.1,4.7,62.0
2023-11-23,Multan,Fast Food,Pizza,1074.0,15.5,39.1,4.6,69.0
2023-11-23,Lahore,Fast Food,Burgers,325.0,14.6,37.1,4.5,-21.0
2023-11-24,Karachi,Cloud Kitchen,Chinese,1035.0,13.0,31.0,5.0,72.0
2023-11-24,Karachi,Cafe,Breakfast,364.0,5.2,29.6,5.0,53.0
2023-11-24,Multan,Cloud Kitchen,Chinese,1339.0,2.7,33.6,4.2,262.0
2023-11-24,Lahore,Cafe,Coffee & Snacks,324.0,7.2,100.5,5.0,-9.0
2023-11-24,Lahore,Cloud Kitchen,Biryani,698.0,10.6,35.0,4.6,59.0
2023-11-24,Multan,Cafe,Bakery,298.0,1.8,21.7,4.4,4.0
2023-11-24,Lahore,Cloud Kitchen,Chinese,1356.0,14.6,28.8,4.8,170.0
2023-11-24,Karachi,Fast Food,Pizza,549.0,1.3,37.0,4.5,22.0
2023-11-24,Karachi,Dessert,Sweets,535.0,14.3,27.3,4.8,73.0
2023-11-25,Karachi,Fast Food,Sandwiches,872.0,4.9,25.6,4.8,190.0
2023-11-25,Karachi,Dessert,Bakery,370.0,6.4,35.6,4.8,21.0
2023-11-25,Karachi,Cloud Kitchen,Italian,1576.0,11.9,91.9,5.0,99.0
2023-11-25,Lahore,Cloud Kitchen,Biryani,1825.0,15.2,39.4,4.9,165.0
2023-11-25,Karachi,Cafe,Bakery,490.0,7.4,53.2,4.3,67.0
2023-11-25,Islamabad,Cafe,Sandwiches,319.0,16.8,27.3,4.6,-39.0
2023-11-26,Lahore,Dessert,Sweets,491.0,7.7,29.5,4.5,42.0
2023-11-26,Multan,Fast Food,Pizza,740.0,12.0,52.6,3.9,41.0
2023-11-26,Lahore,Cafe,Sandwiches,392.0,13.2,38.8,4.6,30.0
2023-11-26,Faisalabad,Cafe,Bakery,482.0,17.9,15.1,5.0,65.0
2023-11-26,Karachi,Fine Dining,Seafood,1896.0,24.4,27.3,4.8,47.0
2023-11-26,Karachi,Cloud Kitchen,Biryani,1404.0,6.9,42.2,4.2,254.0
2023-11-26,Lahore,Cafe,Bakery,552.0,42.8,16.5,4.6,-38.0
2023-11-27,Lahore,Cafe,Bakery,512.0,10.2,19.5,4.9,135.0
2023-11-27,Karachi,Cafe,Bakery,621.0,3.7,43.9,4.7,88.0
2023-11-27,Lahore,Dessert,Ice Cream,592.0,4.8,26.4,4.1,162.0
2023-11-27,Islamabad,Cloud Kitchen,Chinese,3102.0,13.3,32.6,4.8,412.0
2023-11-27,Lahore,Fast Food,Burgers,713.0,4.1,32.6,4.2,137.0
2023-11-27,Lahore,Fine Dining,Seafood,974.0,16.0,32.3,5.0,40.0
2023-11-28,Islamabad,Cafe,Bakery,949.0,45.0,35.2,4.5,-57.0
2023-11-28,Faisalabad,Cafe,Bakery,965.0,10.1,36.6,4.5,110.0
2023-11-28,Karachi,Cloud Kitchen,Italian,4685.0,3.9,15.1,4.4,912.0
2023-11-28,Islamabad,Cloud Kitchen,Biryani,1385.0,10.3,32.1,4.4,177.0
2023-11-28,Lahore,Fine Dining,Fusion,1192.0,9.8,21.1,4.3,128.0
2023-11-28,Islamabad,Cloud Kitchen,Indian,2118.0,13.3,40.5,4.2,267.0
2023-11-28,Karachi,Fast Food,Sandwiches,421.0,7.8,38.6,4.5,-7.0
2023-11-29,Karachi,Fast Food,Fried Chicken,551.0,21.4,30.7,5.0,48.0
2023-11-29,Islamabad,Cafe,Breakfast,646.0,12.0,40.4,4.5,116.0
2023-11-29,Karachi,Fast Food,Pizza,637.0,7.0,31.6,4.2,114.0
2023-11-29,Islamabad,Cloud Kitchen,Italian,1960.0,21.6,35.9,4.7,157.0
2023-11-29,Islamabad,Fast Food,Burgers,1150.0,8.4,38.6,4.2,175.0
2023-11-29,Lahore,Fast Food,Pizza,1002.0,43.8,26.4,4.6,-69.0
2023-11-29,Lahore,Fast Food,Fried Chicken,585.0,9.4,35.9,5.0,45.0
2023-11-30,Lahore,Dessert,Bakery,559.0,2.6,32.5,3.9,130.0
2023-11-30,Lahore,Cloud Kitchen,Indian,844.0,11.1,34.2,4.4,79.0
2023-11-30,Karachi,Cafe,Sandwiches,370.0,42.9,36.3,4.4,-77.0
2023-11-30,Multan,Cloud Kitchen,Italian,709.0,12.9,23.6,4.4,84.0
2023-11-30,Lahore,Fast Food,Burgers,887.0,12.3,27.8,4.7,155.0
2023-11-30,Karachi,Fine Dining,Fusion,1772.0,9.6,23.5,5.0,216.0
2023-11-30,Lahore,Cafe,Coffee & Snacks,816.0,3.6,22.6,4.8,133.0
2023-12-01,Karachi,Fast Food,Burgers,388.0,3.5,21.9,4.6,18.0
2023-12-01,Lahore,Cafe,Breakfast,539.0,7.5,34.8,4.7,61.0
2023-12-01,Faisalabad,Cloud Kitchen,Chinese,731.0,7.8,33.0,4.6,34.0
2023-12-01,Lahore,Fast Food,Fried Chicken,486.0,11.7,31.7,4.5,15.0
2023-12-01,Karachi,Fast Food,Fried Chicken,1337.0,18.1,19.0,4.2,170.0
2023-12-01,Karachi,Cloud Kitchen,Italian,1910.0,12.1,30.0,4.9,202.0
2023-12-02,Lahore,Cafe,Coffee & Snacks,418.0,8.8,38.0,4.4,21.0
2023-12-02,Karachi,Cafe,Coffee & Snacks,705.0,5.1,22.5,4.9,114.0
2023-12-02,Multan,Dessert,Ice Cream,330.0,5.0,22.1,4.9,100.0
2023-12-02,Karachi,Dessert,Ice Cream,512.0,2.8,31.3,5.0,57.0
2023-12-02,Lahore,Fast Food,Sandwiches,1783.0,10.7,27.5,4.6,297.0
2023-12-02,Karachi,Cloud Kitchen,Chinese,909.0,0.9,35.4,4.3,114.0
2023-12-02,Karachi,Dessert,Sweets,281.0,6.5,51.0,3.9,8.0
2023-12-02,Lahore,Fast Food,Fried Chicken,752.0,10.4,24.9,4.8,68.0
2023-12-03,Islamabad,Fast Food,Pizza,436.0,22.5,33.5,4.7,7.0
2023-12-03,Lahore,Fast Food,Pizza,309.0,6.5,54.3,4.3,-66.0
2023-12-03,Faisalabad,Fine Dining,Continental,2056.0,10.1,29.0,3.9,238.0
2023-12-03,Lahore,Cloud Kitchen,Biryani,1559.0,6.3,34.6,4.7,218.0
2023-12-03,Faisalabad,Dessert,Cakes,370.0,5.0,32.4,4.3,45.0
2023-12-03,Islamabad,Cloud Kitchen,Indian,938.0,9.6,44.4,3.6,89.0
2023-12-03,Karachi,Cafe,Coffee & Snacks,1011.0,6.4,22.8,4.7,224.0
2023-12-04,Lahore,Cloud Kitchen,Indian,911.0,5.9,32.3,4.6,106.0
2023-12-04,Lahore,Fast Food,Fried Chicken,942.0,18.4,23.0,5.0,49.0
2023-12-04,Islamabad,Fine Dining,Continental,1508.0,17.6,20.9,4.9,119.0
2023-12-04,Karachi,Cloud Kitchen,Italian,2614.0,4.8,31.0,4.4,516.0
2023-12-04,Lahore,Dessert,Ice Cream,306.0,6.4,24.9,4.7,37.0
2023-12-04,Lahore,Fine Dining,Steakhouse,2363.0,10.7,22.7,5.0,318.0
2023-12-04,Faisalabad,Cafe,Breakfast,1327.0,4.0,31.0,4.3,329.0
2023-12-04,Karachi,Cloud Kitchen,Chinese,1374.0,5.8,21.5,4.7,207.0
2023-12-04,Islamabad,Fine Dining,Continental,1609.0,7.2,26.0,4.8,176.0
2023-12-04,Karachi,Fine Dining,Seafood,3256.0,5.2,62.8,3.5,506.0
2023-12-04,Multan,Fast Food,Sandwiches,1022.0,1.5,38.3,4.4,231.0
2023-12-05,Karachi,Cloud Kitchen,Biryani,888.0,8.7,28.0,5.0,60.0
2023-12-05,Lahore,Cloud Kitchen,Indian,2114.0,4.2,41.2,5.0,394.0
2023-12-05,Karachi,Dessert,Cakes,674.0,18.2,28.0,4.4,147.0
2023-12-05,Lahore,Fast Food,Fried Chicken,674.0,8.5,20.1,4.2,104.0
2023-12-05,Karachi,Cloud Kitchen,Chinese,2239.0,17.2,81.5,3.5,178.0
2023-12-05,Multan,Fast Food,Sandwiches,413.0,15.9,38.8,4.1,-28.0
2023-12-05,Islamabad,Fast Food,Sandwiches,547.0,3.4,48.0,4.0,-23.0
2023-12-05,Karachi,Fast Food,Pizza,786.0,3.5,91.1,4.6,129.0
2023-12-05,Karachi,Cafe,Sandwiches,323.0,9.7,32.0,4.9,7.0
2023-12-05,Lahore,Cafe,Coffee & Snacks,821.0,8.5,39.8,3.9,182.0
2023-12-06,Karachi,Cloud Kitchen,Biryani,813.0,12.0,37.9,4.0,111.0
2023-12-06,Lahore,Fast Food,Pizza,901.0,6.7,45.6,4.2,133.0
2023-12-06,Multan,Fast Food,Sandwiches,606.0,4.4,101.9,3.5,40.0
2023-12-06,Karachi,Fine Dining,Continental,3313.0,27.9,31.8,4.5,50.0
2023-12-06,Faisalabad,Cloud Kitchen,Biryani,1447.0,5.9,39.1,4.9,257.0
2023-12-06,Islamabad,Fast Food,Pizza,467.0,18.5,88.5,2.9,-64.0
2023-12-07,Lahore,Cafe,Coffee & Snacks,309.0,5.9,30.9,5.0,28.0
2023-12-07,Lahore,Cafe,Coffee & Snacks,1163.0,5.5,38.1,4.9,194.0
2023-12-07,Multan,Cafe,Coffee & Snacks,511.0,7.8,35.2,4.9,96.0
2023-12-07,Islamabad,Cafe,Coffee & Snacks,565.0,1.5,27.8,4.5,75.0
2023-12-07,Lahore,Fast Food,Fried Chicken,571.0,7.2,28.1,4.7,61.0
2023-12-07,Lahore,Cloud Kitchen,Biryani,2084.0,4.6,33.6,4.2,311.0
2023-12-07,Lahore,Fast Food,Pizza,1064.0,5.0,42.4,5.0,218.0
2023-12-07,Islamabad,Fast Food,Fried Chicken,341.0,5.4,26.1,4.8,26.0
2023-12-08,Lahore,Fast Food,Burgers,502.0,22.3,24.8,4.3,54.0
2023-12-08,Islamabad,Cafe,Bakery,534.0,6.2,18.5,5.0,151.0
2023-12-08,Islamabad,Dessert,Bakery,404.0,1.7,44.9,3.7,19.0
2023-12-09,Lahore,Cloud Kitchen,Italian,1332.0,5.2,40.7,4.2,265.0
2023-12-09,Karachi,Fast Food,Fried Chicken,650.0,20.5,24.3,4.8,15.0
2023-12-09,Lahore,Cafe,Sandwiches,385.0,17.6,27.5,4.3,54.0
2023-12-09,Islamabad,Fast Food,Pizza,463.0,7.4,34.5,5.0,50.0
2023-12-09,Lahore,Fast Food,Sandwiches,509.0,7.3,14.8,4.9,31.0
2023-12-09,Islamabad,Cloud Kitchen,Biryani,1213.0,12.4,30.3,4.3,112.0
2023-12-09,Lahore,Cafe,Sandwiches,946.0,26.4,48.5,3.5,59.0
2023-12-09,Islamabad,Fine Dining,Steakhouse,4484.0,5.3,40.4,4.2,715.0
2023-12-09,Faisalabad,Cafe,Breakfast,882.0,1.2,34.7,5.0,179.0
2023-12-09,Lahore,Fast Food,Burgers,682.0,6.1,31.4,4.3,164.0
2023-12-09,Islamabad,Fast Food,Pizza,269.0,7.8,22.5,5.0,25.0
2023-12-10,Karachi,Cloud Kitchen,Biryani,2150.0,2.9,27.6,4.3,475.0
2023-12-10,Karachi,Fine Dining,Fusion,2679.0,6.0,25.0,4.4,410.0
2023-12-10,Islamabad,Fast Food,Fried Chicken,940.0,8.5,32.6,4.7,205.0
2023-12-10,Karachi,Cafe,Bakery,400.0,5.1,35.0,4.6,-7.0
2023-12-10,Lahore,Dessert,Cakes,349.0,20.2,79.8,4.5,-1.0
2023-12-11,Multan,Dessert,Ice Cream,481.0,6.3,27.0,4.5,87.0
2023-12-11,Islamabad,Dessert,Bakery,462.0,8.0,19.9,4.7,74.0
2023-12-11,Karachi,Fast Food,Sandwiches,293.0,14.4,31.8,4.5,21.0
2023-12-11,Multan,Fast Food,Sandwiches,595.0,28.0,51.9,3.9,-42.0
2023-12-11,Karachi,Fine Dining,Steakhouse,1284.0,6.0,39.9,4.2,204.0
2023-12-11,Faisalabad,Fine Dining,Fusion,3602.0,3.2,21.6,4.4,603.0
2023-12-11,Lahore,Dessert,Sweets,396.0,8.6,32.0,4.6,88.0
2023-12-12,Karachi,Cloud Kitchen,Italian,1198.0,20.9,36.6,4.4,48.0
2023-12-12,Karachi,Cloud Kitchen,Italian,4023.0,25.8,33.6,4.1,230.0
2023-12-12,Islamabad,Fast Food,Burgers,289.0,6.8,31.3,4.6,3.0
2023-12-12,Lahore,Cafe,Bakery,622.0,9.9,24.8,5.0,89.0
2023-12-12,Islamabad,Cloud Kitchen,Italian,1562.0,4.3,35.5,4.0,267.0
2023-12-12,Faisalabad,Dessert,Cakes,241.0,3.7,29.2,4.5,34.0
2023-12-12,Karachi,Cloud Kitchen,Indian,2600.0,8.4,40.0,4.4,422.0
2023-12-12,Islamabad,Fast Food,Burgers,751.0,9.6,36.7,4.4,94.0
2023-12-12,Karachi,Fine Dining,Steakhouse,2858.0,2.4,27.2,4.6,531.0
2023-12-12,Karachi,Fast Food,Fried Chicken,700.0,36.9,29.5,4.7,-5.0
2023-12-12,Lahore,Fast Food,Fried Chicken,720.0,12.3,48.6,3.8,24.0
2023-12-13,Karachi,Fine Dining,Seafood,1930.0,10.7,48.6,4.0,168.0
2023-12-13,Faisalabad,Cloud Kitchen,Chinese,2456.0,15.8,30.0,5.0,319.0
2023-12-13,Islamabad,Cafe,Breakfast,703.0,7.9,36.6,4.6,115.0
2023-12-13,Islamabad,Cloud Kitchen,Biryani,1062.0,11.3,132.7,4.6,71.0
2023-12-13,Karachi,Cafe,Sandwiches,267.0,4.4,93.3,3.7,23.0
2023-12-13,Multan,Dessert,Sweets,960.0,9.2,10.0,5.0,212.0
2023-12-13,Lahore,Dessert,Bakery,578.0,8.6,33.2,4.1,84.0
2023-12-13,Lahore,Cloud Kitchen,Italian,3190.0,22.6,49.8,4.0,274.0
2023-12-14,Islamabad,Fast Food,Fried Chicken,1290.0,6.8,36.5,3.7,171.0
2023-12-14,Multan,Cafe,Coffee & Snacks,511.0,6.8,25.9,4.5,65.0
2023-12-14,Multan,Fast Food,Sandwiches,635.0,12.5,20.8,4.6,116.0
2023-12-14,Karachi,Fast Food,Sandwiches,397.0,3.4,42.4,4.6,27.0
2023-12-14,Faisalabad,Dessert,Cakes,175.0,2.7,25.3,4.8,-53.0
2023-12-14,Faisalabad,Fast Food,Fried Chicken,282.0,6.7,41.4,3.6,24.0
2023-12-14,Lahore,Cloud Kitchen,Indian,1536.0,3.2,35.4,4.8,257.0
2023-12-14,Lahore,Fast Food,Sandwiches,1152.0,6.8,107.9,4.0,126.0
2023-12-14,Islamabad,Cafe,Sandwiches,1272.0,15.5,40.8,3.7,218.0
2023-12-15,Lahore,Cloud Kitchen,Chinese,2971.0,13.1,26.1,5.0,444.0
2023-12-15,Lahore,Fast Food,Sandwiches,595.0,12.5,10.9,5.0,38.0
2023-12-15,Islamabad,Fast Food,Pizza,1181.0,9.7,31.7,5.0,169.0
2023-12-15,Islamabad,Fast Food,Pizza,819.0,9.9,24.7,4.9,127.0
2023-12-15,Islamabad,Cafe,Breakfast,344.0,3.3,46.6,4.0,44.0
2023-12-15,Karachi,Cloud Kitchen,Biryani,1064.0,5.3,21.9,4.8,173.0
2023-12-15,Karachi,Fast Food,Sandwiches,692.0,9.4,26.4,4.3,48.0
2023-12-15,Karachi,Fine Dining,Fusion,2731.0,5.0,31.8,4.6,437.0
2023-12-15,Islamabad,Cloud Kitchen,Italian,1622.0,14.6,27.4,3.8,216.0
2023-12-15,Faisalabad,Fast Food,Sandwiches,1304.0,7.2,42.9,4.5,205.0
2023-12-15,Lahore,Fast Food,Pizza,715.0,4.1,50.2,3.6,152.0
2023-12-15,Lahore,Cafe,Breakfast,403.0,16.7,33.5,4.0,23.0
2023-12-16,Lahore,Cloud Kitchen,Chinese,974.0,16.4,21.0,4.7,84.0
2023-12-16,Karachi,Cloud Kitchen,Italian,2130.0,10.5,40.4,5.0,342.0
2023-12-16,Islamabad,Cafe,Coffee & Snacks,1534.0,14.3,20.4,5.0,239.0
2023-12-16,Lahore,Fast Food,Burgers,290.0,4.1,19.6,4.6,2.0
2023-12-16,Lahore,Fast Food,Fried Chicken,864.0,11.0,28.3,4.5,138.0
2023-12-16,Faisalabad,Dessert,Cakes,12109.023052523862,9.1,31.9,3.8,-3921.9634591991717
2023-12-16,Islamabad,Fast Food,Burgers,1052.0,10.3,36.1,4.1,73.0
2023-12-16,Karachi,Cafe,Coffee & Snacks,507.0,34.7,36.2,5.0,-69.0
2023-12-16,Faisalabad,Dessert,Cakes,713.0,9.2,29.4,4.4,137.0
2023-12-16,Lahore,Dessert,Sweets,1050.0,7.6,37.5,4.2,194.0
2023-12-16,Lahore,Fast Food,Pizza,416.0,9.9,30.5,5.0,14.0
2023-12-17,Lahore,Cafe,Coffee & Snacks,664.0,16.3,30.3,4.8,108.0
2023-12-17,Islamabad,Cafe,Coffee & Snacks,306.0,19.7,43.6,4.4,-13.0
2023-12-17,Lahore,Cloud Kitchen,Indian,1937.0,21.3,43.0,3.8,186.0
2023-12-18,Karachi,Cafe,Sandwiches,666.0,9.6,21.8,5.0,70.0
2023-12-18,Lahore,Dessert,Bakery,904.0,12.5,16.6,5.0,186.0
2023-12-18,Multan,Cafe,Bakery,1278.0,10.7,42.3,4.2,234.0
2023-12-18,Faisalabad,Cloud Kitchen,Italian,795.0,28.4,32.6,4.2,-35.0
2023-12-18,Lahore,Cloud Kitchen,Italian,1588.0,39.6,22.0,5.0,-66.0
2023-12-18,Karachi,Dessert,Cakes,938.0,10.0,33.1,4.3,242.0
2023-12-19,Karachi,Fast Food,Pizza,1018.0,18.4,25.7,4.6,107.0
2023-12-19,Lahore,Cafe,Coffee & Snacks,216.0,21.7,47.2,4.6,2.0
2023-12-19,Lahore,Cafe,Bakery,821.0,20.8,16.8,5.0,64.0
2023-12-19,Islamabad,Dessert,Cakes,662.0,9.5,19.7,5.0,217.0
2023-12-19,Karachi,Fast Food,Burgers,354.0,8.3,25.9,4.5,40.0
2023-12-20,Karachi,Cloud Kitchen,Chinese,3662.0,8.5,28.1,4.8,610.0
2023-12-20,Lahore,Cloud Kitchen,Biryani,748.0,21.7,42.4,4.8,5.0
2023-12-20,Lahore,Cloud Kitchen,Chinese,1264.0,19.7,36.4,4.6,27.0
2023-12-20,Islamabad,Cafe,Coffee & Snacks,330.0,9.3,38.1,4.5,2.0
2023-12-20,Lahore,Dessert,Cakes,556.0,12.7,38.9,4.4,67.0
2023-12-21,Karachi,Fast Food,Sandwiches,816.0,21.6,37.9,4.7,65.0
2023-12-21,Islamabad,Fast Food,Pizza,940.0,1.8,27.7,4.9,187.0
2023-12-21,Karachi,Fast Food,Sandwiches,433.0,5.3,30.6,4.2,69.0
2023-12-21,Faisalabad,Fast Food,Fried Chicken,1057.0,0.8,17.9,5.0,197.0
2023-12-22,Islamabad,Fast Food,Burgers,652.0,4.7,37.1,4.7,47.0
2023-12-22,Lahore,Cafe,Bakery,1371.0,10.9,34.4,4.2,281.0
2023-12-22,Lahore,Fine Dining,Seafood,2415.0,13.6,10.0,5.0,191.0
2023-12-22,Lahore,Fine Dining,Seafood,2464.0,9.6,26.3,4.6,316.0
2023-12-22,Karachi,Dessert,Ice Cream,426.0,17.6,22.4,4.5,104.0
2023-12-22,Islamabad,Cloud Kitchen,Indian,1247.0,8.3,38.5,5.0,96.0
2023-12-22,Karachi,Cloud Kitchen,Biryani,1555.0,4.2,22.5,4.4,243.0
2023-12-22,Lahore,Fast Food,Sandwiches,597.0,7.9,87.9,3.1,25.0
2023-12-22,Lahore,Fast Food,Burgers,754.0,13.4,24.8,4.2,23.0
2023-12-23,Lahore,Fine Dining,Seafood,2076.0,19.2,17.9,5.0,171.0
2023-12-23,Islamabad,Cloud Kitchen,Indian,972.0,3.8,28.5,4.9,138.0
2023-12-23,Islamabad,Cafe,Sandwiches,313.0,12.9,32.8,4.3,42.0
2023-12-23,Lahore,Fast Food,Sandwiches,266.0,4.2,29.1,4.7,-23.0
2023-12-23,Lahore,Cloud Kitchen,Chinese,1062.0,27.6,28.2,4.2,-51.0
2023-12-23,Lahore,Cloud Kitchen,Italian,2132.0,3.1,36.2,4.4,440.0
2023-12-23,Karachi,Cloud Kitchen,Indian,1115.0,15.3,36.0,5.0,98.0
2023-12-23,Islamabad,Dessert,Bakery,630.0,30.7,21.7,4.9,31.0
2023-12-23,Islamabad,Cafe,Coffee & Snacks,495.0,7.3,29.6,4.7,30.0
2023-12-23,Islamabad,Dessert,Cakes,1251.0,14.5,42.3,4.3,312.0
2023-12-23,Karachi,Fast Food,Pizza,841.0,24.6,51.7,3.9,19.0
2023-12-23,Lahore,Dessert,Bakery,546.0,9.3,27.9,4.9,183.0
2023-12-23,Lahore,Fast Food,Pizza,500.0,4.3,25.8,4.6,112.0
2023-12-24,Islamabad,Cloud Kitchen,Biryani,1400.0,1.9,26.1,5.0,219.0
2023-12-24,Faisalabad,Fast Food,Fried Chicken,2119.0,9.3,26.6,4.5,427.0
2023-12-24,Multan,Dessert,Sweets,850.0,6.5,39.9,5.0,165.0
2023-12-24,Karachi,Dessert,Cakes,661.0,6.8,38.3,4.2,97.0
2023-12-24,Islamabad,Cafe,Breakfast,653.0,0.9,41.1,4.6,78.0
2023-12-24,Lahore,Fine Dining,Steakhouse,4034.0,15.3,32.1,4.5,424.0
2023-12-24,Islamabad,Cloud Kitchen,Biryani,3054.0,42.4,33.8,4.5,-143.0
2023-12-24,Karachi,Cloud Kitchen,Italian,612.0,5.9,40.6,4.4,72.0
2023-12-24,Karachi,Dessert,Bakery,585.0,3.6,44.5,4.1,113.0
2023-12-25,Lahore,Dessert,Sweets,917.0,7.5,26.4,5.0,226.0
2023-12-25,Faisalabad,Cafe,Breakfast,953.0,10.2,45.5,4.5,105.0
2023-12-25,Karachi,Cafe,Breakfast,271.0,15.9,30.4,4.5,-66.0
2023-12-25,Faisalabad,Fine Dining,Seafood,2205.0,5.9,52.9,4.0,301.0
2023-12-25,Faisalabad,Fine Dining,Steakhouse,1486.0,7.7,46.9,4.5,131.0
2023-12-25,Faisalabad,Dessert,Ice Cream,13017.945734967121,13.8,32.1,4.4,-4905.4576268147885
2023-12-26,Lahore,Fast Food,Sandwiches,391.0,8.3,36.6,4.5,77.0
2023-12-26,Lahore,Cloud Kitchen,Chinese,921.0,18.4,29.5,4.3,50.0
2023-12-26,Lahore,Fast Food,Burgers,1772.0,13.7,35.7,4.1,274.0
2023-12-26,Karachi,Cloud Kitchen,Italian,1503.0,4.0,34.2,4.8,212.0
2023-12-26,Karachi,Cafe,Sandwiches,619.0,29.2,32.8,4.8,-35.0
2023-12-26,Faisalabad,Cafe,Bakery,354.0,9.7,29.9,4.6,50.0
2023-12-26,Islamabad,Cloud Kitchen,Indian,3320.0,8.9,35.9,4.6,607.0
2023-12-27,Faisalabad,Cloud Kitchen,Chinese,1382.0,13.8,30.6,4.1,170.0
2023-12-27,Faisalabad,Cafe,Bakery,755.0,7.7,32.7,4.6,142.0
2023-12-27,Faisalabad,Fast Food,Pizza,630.0,23.0,19.9,4.9,3.0
2023-12-27,Islamabad,Fast Food,Sandwiches,836.0,2.3,31.1,3.8,189.0
2023-12-27,Islamabad,Fast Food,Fried Chicken,586.0,7.7,34.3,4.3,31.0
2023-12-27,Lahore,Fast Food,Sandwiches,677.0,18.8,26.7,4.5,66.0
2023-12-27,Lahore,Cafe,Sandwiches,542.0,21.2,37.9,4.2,2.0
2023-12-28,Karachi,Fast Food,Fried Chicken,380.0,19.5,54.6,4.1,-26.0
2023-12-28,Karachi,Fast Food,Sandwiches,1734.0,5.8,28.1,4.8,365.0
2023-12-28,Lahore,Cloud Kitchen,Italian,984.0,45.0,107.0,3.3,-241.0
2023-12-28,Lahore,Cafe,Breakfast,852.0,3.8,25.5,5.0,154.0
2023-12-28,Karachi,Cloud Kitchen,Italian,1560.0,21.5,36.2,4.2,93.0
2023-12-28,Karachi,Fast Food,Sandwiches,436.0,12.2,35.4,4.4,12.0
2023-12-28,Faisalabad,Fine Dining,Seafood,2028.0,20.2,48.5,4.4,130.0
2023-12-29,Faisalabad,Fast Food,Pizza,449.0,1.9,15.4,4.8,33.0
2023-12-29,Lahore,Fast Food,Sandwiches,758.0,9.9,21.5,4.4,43.0
2023-12-29,Karachi,Dessert,Bakery,432.0,9.1,25.4,5.0,36.0
2023-12-29,Multan,Fast Food,Fried Chicken,1055.0,14.8,48.7,4.0,107.0
2023-12-29,Lahore,Cafe,Sandwiches,585.0,8.3,35.4,4.3,84.0
2023-12-29,Lahore,Fine Dining,Seafood,2578.0,30.5,38.8,4.4,-45.0
2023-12-29,Faisalabad,Fast Food,Fried Chicken,479.0,6.9,30.2,4.8,25.0
2023-12-29,Karachi,Fast Food,Burgers,494.0,11.7,32.8,4.8,8.0
2023-12-30,Faisalabad,Fine Dining,Fusion,1629.0,23.1,41.7,4.3,37.0
2023-12-30,Karachi,Cafe,Bakery,998.0,12.4,17.1,5.0,127.0
2023-12-30,Karachi,Fast Food,Burgers,1247.0,4.5,30.8,3.9,191.0
2023-12-30,Multan,Dessert,Cakes,777.0,25.7,33.2,5.0,80.0
2023-12-31,Lahore,Fast Food,Fried Chicken,857.0,2.0,39.1,4.2,106.0
2023-12-31,Islamabad,Dessert,Cakes,586.0,26.6,26.7,5.0,35.0
2023-12-31,Lahore,Fast Food,Sandwiches,404.0,9.3,22.9,5.0,47.0
2023-12-31,Karachi,Cloud Kitchen,Biryani,623.0,2.8,18.5,4.9,-6.0
2024-01-01,Lahore,Fast Food,Fried Chicken,1310.0,6.5,23.8,5.0,262.0
2024-01-01,Karachi,Cafe,Breakfast,313.0,4.3,15.6,4.4,64.0
2024-01-01,Karachi,Cafe,Bakery,508.0,41.4,108.6,4.6,-142.0
2024-01-01,Faisalabad,Fast Food,Fried Chicken,707.0,11.2,26.1,4.9,118.0
2024-01-01,Faisalabad,Fast Food,Burgers,1116.0,12.4,92.8,3.5,145.0
2024-01-01,Lahore,Dessert,Cakes,274.0,21.6,39.9,4.9,28.0
2024-01-01,Lahore,Cloud Kitchen,Italian,845.0,9.2,36.7,4.3,83.0
2024-01-01,Karachi,Fast Food,Burgers,821.0,11.0,29.4,4.7,166.0
2024-01-01,Karachi,Cafe,Breakfast,802.0,15.1,30.7,4.7,109.0
2024-01-02,Lahore,Fast Food,Sandwiches,621.0,11.5,55.0,3.5,63.0
2024-01-02,Karachi,Cafe,Sandwiches,690.0,24.4,97.8,2.8,-15.0
2024-01-02,Multan,Cafe,Sandwiches,400.0,13.3,28.6,4.4,-10.0
2024-01-02,Multan,Fine Dining,Steakhouse,2824.0,6.6,39.6,4.3,442.0
2024-01-02,Lahore,Dessert,Cakes,368.0,5.7,25.0,3.9,40.0
2024-01-02,Lahore,Dessert,Bakery,542.0,38.5,27.7,4.5,-14.0
2024-01-03,Lahore,Fast Food,Pizza,371.0,3.0,36.5,4.6,42.0
2024-01-03,Faisalabad,Cloud Kitchen,Indian,1455.0,1.4,34.0,4.0,276.0
2024-01-03,Faisalabad,Cloud Kitchen,Biryani,1731.0,15.3,96.3,3.9,164.0
2024-01-03,Multan,Fast Food,Pizza,457.0,11.4,49.5,3.6,43.0
2024-01-03,Lahore,Dessert,Sweets,855.0,11.1,32.5,4.4,126.0
2024-01-03,Lahore,Fine Dining,Seafood,2841.0,10.9,41.7,4.6,327.0
2024-01-03,Lahore,Fast Food,Sandwiches,1458.0,7.6,45.2,4.6,239.0
2024-01-03,Lahore,Fast Food,Fried Chicken,531.0,5.7,39.7,4.5,89.0
2024-01-03,Islamabad,Dessert,Ice Cream,15701.280525517432,2.8,39.2,4.9,-5327.069945121247
2024-01-03,Islamabad,Fine Dining,Steakhouse,1681.0,3.3,24.8,4.3,263.0
2024-01-04,Faisalabad,Cloud Kitchen,Chinese,1380.0,6.9,78.7,3.4,172.0
2024-01-04,Lahore,Cloud Kitchen,Chinese,968.0,1.5,43.5,3.8,80.0
2024-01-04,Islamabad,Fast Food,Burgers,437.0,12.9,35.7,4.5,-26.0
2024-01-04,Faisalabad,Cloud Kitchen,Biryani,1332.0,2.6,42.8,4.0,213.0
2024-01-05,Karachi,Fine Dining,Seafood,2955.0,1.3,28.7,5.0,537.0
2024-01-05,Multan,Fast Food,Fried Chicken,407.0,10.0,33.4,4.4,6.0
2024-01-05,Lahore,Fast Food,Fried Chicken,679.0,5.3,41.0,4.2,80.0
2024-01-05,Lahore,Fine Dining,Fusion,2678.0,1.1,28.8,4.6,498.0
2024-01-05,Islamabad,Cloud Kitchen,Indian,1138.0,14.1,49.2,4.1,126.0
2024-01-05,Multan,Fast Food,Pizza,710.0,36.6,22.1,4.7,-42.0
2024-01-05,Karachi,Fine Dining,Fusion,4216.0,10.2,35.5,4.5,611.0
2024-01-05,Karachi,Cafe,Bakery,748.0,5.1,21.5,4.8,178.0
2024-01-06,Karachi,Cafe,Sandwiches,661.0,4.5,40.7,4.8,101.0
2024-01-06,Karachi,Cloud Kitchen,Chinese,2132.0,4.4,42.5,3.7,376.0
2024-01-06,Faisalabad,Fine Dining,Seafood,1515.0,15.8,28.8,5.0,87.0
2024-01-06,Lahore,Cloud Kitchen,Biryani,1764.0,42.0,25.7,3.9,-31.0
2024-01-06,Islamabad,Fine Dining,Seafood,3092.0,1.0,29.7,4.5,622.0
2024-01-06,Karachi,Cloud Kitchen,Chinese,627.0,15.8,38.1,4.4,65.0
2024-01-06,Faisalabad,Cloud Kitchen,Indian,2782.0,10.6,22.5,4.4,392.0
2024-01-06,Islamabad,Dessert,Bakery,216.0,16.2,32.4,4.8,-7.0
2024-01-06,Lahore,Dessert,Ice Cream,691.0,13.7,49.2,4.1,136.0
2024-01-06,Islamabad,Fast Food,Burgers,792.0,21.1,33.3,4.3,56.0
2024-01-06,Islamabad,Cafe,Bakery,689.0,19.0,25.7,4.4,74.0
2024-01-07,Lahore,Cloud Kitchen,Biryani,1847.0,27.6,36.7,4.7,53.0
2024-01-07,Lahore,Fast Food,Burgers,449.0,13.7,18.1,4.9,30.0
2024-01-07,Faisalabad,Cloud Kitchen,Indian,2641.0,11.6,18.5,5.0,431.0
2024-01-07,Lahore,Cloud Kitchen,Italian,1618.0,25.7,31.2,4.2,17.0
2024-01-07,Faisalabad,Fine Dining,Fusion,1961.0,19.3,44.2,4.3,131.0
2024-01-08,Karachi,Cloud Kitchen,Chinese,1879.0,14.8,30.5,5.0,254.0
2024-01-08,Karachi,Cloud Kitchen,Biryani,851.0,13.4,44.7,4.3,71.0
2024-01-08,Multan,Fast Food,Fried Chicken,409.0,12.8,28.7,4.6,6.0
2024-01-08,Faisalabad,Cloud Kitchen,Biryani,1325.0,13.9,30.0,4.4,173.0
2024-01-08,Faisalabad,Fast Food,Burgers,819.0,13.3,33.5,4.5,110.0
2024-01-08,Faisalabad,Cloud Kitchen,Biryani,1173.0,16.0,46.7,4.4,100.0
2024-01-08,Islamabad,Fast Food,Sandwiches,339.0,11.9,32.2,4.7,15.0
2024-01-09,Karachi,Fast Food,Fried Chicken,713.0,14.4,32.3,4.2,54.0
2024-01-09,Karachi,Fast Food,Fried Chicken,420.0,15.5,38.1,5.0,3.0
2024-01-09,Multan,Fast Food,Burgers,13137.04721574374,13.9,30.3,5.0,-5850.113346342558
2024-01-09,Lahore,Cafe,Breakfast,769.0,7.7,34.6,4.8,81.0
2024-01-09,Karachi,Fast Food,Pizza,1342.0,19.5,31.8,5.0,65.0
2024-01-09,Karachi,Cloud Kitchen,Italian,1388.0,12.6,32.5,4.1,110.0
2024-01-09,Lahore,Fast Food,Pizza,440.0,22.5,29.0,4.7,55.0
2024-01-09,Islamabad,Fine Dining,Continental,15517.58228805038,8.7,26.1,4.7,-3750.6597330345
2024-01-09,Karachi,Dessert,Bakery,242.0,5.6,24.4,4.5,53.0
2024-01-10,Karachi,Dessert,Sweets,150.0,4.6,35.6,4.2,0.0
2024-01-10,Multan,Cafe,Bakery,294.0,32.0,32.3,4.4,-57.0
2024-01-10,Karachi,Cloud Kitchen,Chinese,2792.0,8.8,44.4,4.2,455.0
2024-01-10,Lahore,Cloud Kitchen,Indian,857.0,8.9,31.1,5.0,57.0
2024-01-11,Faisalabad,Dessert,Bakery,346.0,16.5,45.2,4.4,-30.0
2024-01-11,Multan,Fine Dining,Fusion,2617.0,4.0,13.0,5.0,496.0
2024-01-11,Multan,Fast Food,Pizza,388.0,26.9,22.6,4.5,-38.0
2024-01-11,Karachi,Dessert,Sweets,150.0,2.8,23.0,5.0,5.0
2024-01-11,Islamabad,Fast Food,Sandwiches,1106.0,2.0,10.0,4.9,183.0
2024-01-11,Karachi,Fast Food,Burgers,535.0,28.4,77.6,3.4,-81.0
2024-01-11,Lahore,Fast Food,Sandwiches,813.0,23.3,31.2,4.4,63.0
2024-01-12,Faisalabad,Cafe,Breakfast,573.0,18.3,42.3,4.7,40.0
2024-01-12,Lahore,Fine Dining,Seafood,3678.0,17.4,43.8,4.1,351.0
2024-01-12,Karachi,Cafe,Coffee & Snacks,688.0,6.7,26.3,4.5,139.0
2024-01-12,Karachi,Dessert,Bakery,584.0,39.7,35.5,4.5,-46.0
2024-01-12,Lahore,Cloud Kitchen,Indian,849.0,16.2,34.5,4.4,4.0
2024-01-12,Multan,Cloud Kitchen,Chinese,2331.0,4.0,19.1,4.5,474.0
2024-01-13,Karachi,Fine Dining,Seafood,1472.0,9.6,33.3,5.0,143.0
2024-01-13,Faisalabad,Cloud Kitchen,Italian,2139.0,28.4,33.1,4.3,22.0
2024-01-13,Karachi,Fine Dining,Steakhouse,1341.0,13.3,24.9,4.1,140.0
2024-01-13,Lahore,Cafe,Sandwiches,703.0,9.4,25.9,5.0,117.0
2024-01-13,Lahore,Cafe,Breakfast,578.0,12.3,22.9,4.7,65.0
2024-01-13,Lahore,Cafe,Sandwiches,662.0,9.3,48.4,4.0,111.0
2024-01-13,Karachi,Cafe,Coffee & Snacks,828.0,13.0,30.2,4.7,130.0
2024-01-14,Lahore,Cloud Kitchen,Chinese,909.0,6.1,34.4,4.3,132.0
2024-01-15,Karachi,Fast Food,Pizza,476.0,29.5,36.6,4.6,-13.0
2024-01-15,Islamabad,Cloud Kitchen,Chinese,2264.0,16.6,41.5,4.7,275.0
2024-01-15,Faisalabad,Cloud Kitchen,Chinese,1340.0,1.6,34.4,3.6,227.0
2024-01-15,Karachi,Fine Dining,Fusion,1230.0,8.9,35.3,4.6,112.0
2024-01-16,Islamabad,Dessert,Cakes,506.0,6.8,27.2,4.8,102.0
2024-01-16,Faisalabad,Dessert,Bakery,177.0,24.0,45.4,4.0,-13.0
2024-01-16,Multan,Cafe,Bakery,939.0,1.7,41.9,4.1,265.0
2024-01-16,Islamabad,Fast Food,Sandwiches,294.0,8.0,36.3,4.6,-16.0
2024-01-17,Multan,Cloud Kitchen,Indian,1104.0,7.1,28.7,4.2,146.0
2024-01-17,Lahore,Fast Food,Fried Chicken,455.0,4.3,38.3,4.2,85.0
2024-01-17,Karachi,Fine Dining,Seafood,1524.0,7.8,37.5,4.0,114.0
2024-01-17,Karachi,Fine Dining,Seafood,2390.0,11.7,34.6,4.3,282.0
2024-01-17,Faisalabad,Fast Food,Burgers,378.0,16.9,29.7,4.9,16.0
2024-01-18,Lahore,Fast Food,Burgers,359.0,6.9,44.5,4.2,7.0
2024-01-18,Islamabad,Fast Food,Burgers,815.0,33.2,30.4,4.4,-23.0
2024-01-18,Lahore,Cloud Kitchen,Italian,1490.0,5.9,25.1,4.3,215.0
2024-01-18,Karachi,Fast Food,Sandwiches,1714.0,1.1,32.1,4.3,382.0
2024-01-18,Lahore,Fast Food,Sandwiches,337.0,4.5,23.4,5.0,31.0
2024-01-18,Karachi,Cloud Kitchen,Italian,628.0,10.0,36.8,4.3,113.0
2024-01-18,Karachi,Cafe,Bakery,684.0,27.3,37.3,4.3,49.0
2024-01-18,Karachi,Fast Food,Pizza,726.0,31.4,24.9,4.9,25.0
2024-01-18,Karachi,Cafe,Bakery,266.0,18.9,30.0,4.5,-24.0
2024-01-19,Islamabad,Cloud Kitchen,Indian,677.0,12.3,23.0,4.5,19.0
2024-01-19,Islamabad,Fine Dining,Fusion,1035.0,6.0,24.5,4.4,124.0
2024-01-19,Faisalabad,Cloud Kitchen,Biryani,1275.0,11.0,37.8,5.0,140.0
2024-01-19,Lahore,Cloud Kitchen,Biryani,801.0,13.9,30.2,4.7,96.0
2024-01-19,Islamabad,Fast Food,Fried Chicken,740.0,6.8,42.8,4.8,167.0
2024-01-19,Lahore,Fast Food,Fried Chicken,373.0,9.6,40.7,4.2,-2.0
2024-01-19,Lahore,Dessert,Ice Cream,455.0,5.5,16.9,5.0,107.0
2024-01-20,Karachi,Fast Food,Burgers,700.0,20.0,34.7,4.1,74.0
2024-01-20,Lahore,Fine Dining,Steakhouse,3953.0,5.4,35.4,5.0,643.0
2024-01-20,Islamabad,Fine Dining,Seafood,1316.0,1.2,33.0,4.7,249.0
2024-01-21,Islamabad,Cloud Kitchen,Chinese,14093.81299851112,1.8,37.0,4.8,-4271.088232244139
2024-01-21,Faisalabad,Fast Food,Sandwiches,403.0,19.5,61.5,3.6,-35.0
2024-01-21,Multan,Dessert,Bakery,216.0,7.7,30.6,4.3,-6.0
2024-01-21,Lahore,Fast Food,Sandwiches,704.0,4.4,104.1,5.0,70.0
2024-01-21,Islamabad,Cloud Kitchen,Biryani,894.0,5.9,44.0,4.4,151.0
2024-01-21,Karachi,Fast Food,Sandwiches,1405.0,4.9,33.2,4.5,305.0
2024-01-21,Lahore,Cloud Kitchen,Indian,1410.0,22.5,55.1,4.2,97.0
2024-01-21,Faisalabad,Fast Food,Sandwiches,690.0,12.5,13.3,4.5,116.0
2024-01-22,Islamabad,Cafe,Bakery,353.0,13.9,29.8,4.8,3.0
2024-01-22,Faisalabad,Dessert,Bakery,352.0,14.3,40.1,4.1,18.0
2024-01-22,Islamabad,Cloud Kitchen,Chinese,2464.0,10.6,22.9,4.3,384.0
2024-01-22,Karachi,Cafe,Breakfast,844.0,8.8,26.1,4.5,101.0
2024-01-22,Karachi,Fast Food,Fried Chicken,1025.0,6.4,48.8,4.2,157.0
2024-01-22,Islamabad,Dessert,Cakes,350.0,3.3,35.4,4.0,40.0
2024-01-23,Lahore,Fast Food,Fried Chicken,385.0,23.0,31.2,4.3,-28.0
2024-01-23,Karachi,Fast Food,Fried Chicken,682.0,23.5,33.7,4.1,61.0
2024-01-23,Karachi,Cafe,Breakfast,604.0,8.3,28.8,4.7,115.0
2024-01-23,Faisalabad,Cafe,Sandwiches,754.0,22.3,25.3,5.0,33.0
2024-01-23,Faisalabad,Fast Food,Fried Chicken,340.0,5.9,34.1,3.9,-3.0
2024-01-23,Karachi,Cloud Kitchen,Indian,983.0,14.9,41.1,4.8,94.0
2024-01-23,Islamabad,Dessert,Ice Cream,394.0,10.3,24.6,4.5,51.0
2024-01-24,Islamabad,Fine Dining,Steakhouse,3837.0,7.5,35.8,5.0,627.0
2024-01-24,Islamabad,Cloud Kitchen,Italian,838.0,10.2,42.3,4.8,72.0
2024-01-24,Lahore,Fast Food,Fried Chicken,215.0,15.4,36.4,4.5,12.0
2024-01-24,Islamabad,Fast Food,Fried Chicken,303.0,9.6,30.0,4.6,4.0
2024-01-24,Multan,Fast Food,Sandwiches,240.0,3.6,27.6,4.3,-25.0
2024-01-24,Karachi,Cloud Kitchen,Italian,873.0,19.3,32.0,4.2,-33.0
2024-01-24,Faisalabad,Fast Food,Sandwiches,432.0,3.3,41.3,4.3,13.0
2024-01-24,Islamabad,Fine Dining,Seafood,6523.0,1.5,38.0,4.0,1313.0
2024-01-24,Islamabad,Cloud Kitchen,Indian,603.0,14.6,45.8,3.9,9.0
2024-01-25,Lahore,Cloud Kitchen,Indian,1462.0,8.1,30.3,5.0,212.0
2024-01-25,Faisalabad,Fast Food,Fried Chicken,878.0,4.8,18.2,4.6,121.0
2024-01-25,Lahore,Cafe,Breakfast,500.0,5.0,27.5,4.5,70.0
2024-01-25,Faisalabad,Fast Food,Burgers,497.0,8.2,44.4,4.1,12.0
2024-01-25,Islamabad,Fine Dining,Fusion,2207.0,24.7,35.6,4.1,48.0
2024-01-25,Karachi,Fast Food,Sandwiches,801.0,5.7,44.4,4.4,85.0
2024-01-25,Karachi,Cloud Kitchen,Italian,906.0,36.0,25.5,4.3,6.0
2024-01-26,Islamabad,Cloud Kitchen,Chinese,986.0,12.3,23.3,5.0,55.0
2024-01-26,Karachi,Fast Food,Burgers,962.0,0.7,39.9,4.0,215.0
2024-01-26,Karachi,Cloud Kitchen,Italian,618.0,4.7,39.0,3.9,9.0
2024-01-26,Islamabad,Fine Dining,Seafood,1741.0,6.1,37.4,4.2,225.0
2024-01-26,Islamabad,Cafe,Coffee & Snacks,448.0,6.9,10.0,5.0,174.0
2024-01-26,Karachi,Fast Food,Pizza,916.0,26.8,30.0,4.7,11.0
2024-01-27,Islamabad,Cafe,Breakfast,467.0,10.1,31.3,5.0,4.0
2024-01-27,Lahore,Fast Food,Sandwiches,720.0,5.1,40.2,4.2,83.0
2024-01-27,Islamabad,Cafe,Bakery,362.0,1.2,38.1,4.1,71.0
2024-01-28,Karachi,Cloud Kitchen,Indian,1825.0,6.3,46.7,3.9,334.0
2024-01-28,Lahore,Fast Food,Burgers,1338.0,13.6,24.6,5.0,195.0
2024-01-28,Lahore,Dessert,Cakes,578.0,7.8,33.3,5.0,171.0
2024-01-28,Lahore,Cloud Kitchen,Italian,1101.0,10.6,27.4,5.0,133.0
2024-01-28,Multan,Fast Food,Fried Chicken,434.0,4.3,12.5,5.0,43.0
2024-01-28,Lahore,Cafe,Breakfast,1296.0,1.9,24.6,5.0,290.0
2024-01-28,Faisalabad,Cloud Kitchen,Indian,3483.0,6.2,21.0,4.3,710.0
2024-01-28,Islamabad,Cafe,Breakfast,843.0,6.5,41.6,3.6,129.0
2024-01-28,Karachi,Dessert,Sweets,489.0,24.8,35.9,4.3,88.0
2024-01-29,Lahore,Cloud Kitchen,Chinese,1574.0,5.5,40.6,4.3,258.0
2024-01-29,Islamabad,Fast Food,Fried Chicken,569.0,3.0,34.3,4.7,71.0
2024-01-29,Karachi,Fine Dining,Continental,1656.0,9.6,22.2,4.4,146.0
2024-01-29,Lahore,Dessert,Ice Cream,627.0,21.6,86.2,3.8,57.0
2024-01-29,Faisalabad,Cafe,Coffee & Snacks,379.0,8.5,38.1,4.5,65.0
2024-01-29,Lahore,Cafe,Bakery,594.0,8.5,13.7,5.0,157.0
2024-01-29,Karachi,Fast Food,Fried Chicken,663.0,13.4,40.8,4.6,116.0
2024-01-29,Faisalabad,Fast Food,Fried Chicken,353.0,1.2,33.9,4.3,-57.0
2024-01-29,Multan,Cafe,Breakfast,434.0,10.8,23.1,4.7,68.0
2024-01-30,Karachi,Cafe,Bakery,253.0,17.0,42.6,4.1,-20.0
2024-01-30,Islamabad,Cloud Kitchen,Indian,1154.0,5.8,46.3,4.5,166.0
2024-01-30,Lahore,Fast Food,Sandwiches,297.0,12.1,38.9,3.8,55.0
2024-01-30,Islamabad,Dessert,Cakes,610.0,4.8,30.2,3.9,148.0
2024-01-30,Lahore,Fine Dining,Continental,10243.177404711469,5.3,37.2,5.0,-4311.153993857694
2024-01-30,Islamabad,Cafe,Coffee & Snacks,262.0,17.3,82.3,4.0,-71.0
2024-01-30,Lahore,Dessert,Sweets,672.0,15.6,22.3,4.2,146.0
2024-01-30,Lahore,Cloud Kitchen,Indian,464.0,12.3,44.7,4.9,32.0
2024-01-30,Lahore,Fast Food,Fried Chicken,1107.0,22.4,30.8,4.6,130.0
2024-01-31,Lahore,Cafe,Bakery,438.0,19.1,21.6,4.5,5.0
2024-01-31,Faisalabad,Cafe,Breakfast,633.0,1.1,31.5,4.7,145.0
2024-01-31,Islamabad,Cloud Kitchen,Chinese,1087.0,18.7,20.7,4.4,98.0
2024-01-31,Lahore,Cafe,Bakery,1187.0,3.2,36.6,4.7,268.0
2024-01-31,Lahore,Cloud Kitchen,Chinese,1390.0,6.3,26.1,4.3,214.0
2024-01-31,Lahore,Fine Dining,Fusion,1410.0,15.1,22.9,5.0,149.0
2024-01-31,Islamabad,Fast Food,Pizza,1097.0,5.8,27.1,4.7,150.0
2024-01-31,Karachi,Fast Food,Pizza,914.0,6.4,27.9,5.0,170.0
2024-01-31,Karachi,Fast Food,Burgers,348.0,12.9,34.6,4.5,-3.0
2024-02-01,Lahore,Fast Food,Sandwiches,859.0,17.8,34.1,4.1,72.0
2024-02-01,Karachi,Fast Food,Burgers,228.0,21.2,33.8,4.2,-60.0
2024-02-01,Islamabad,Fast Food,Burgers,293.0,12.6,35.2,3.7,8.0
2024-02-01,Karachi,Cloud Kitchen,Biryani,859.0,4.7,30.2,5.0,143.0
2024-02-01,Lahore,Fast Food,Fried Chicken,519.0,4.5,30.4,4.4,28.0
2024-02-01,Karachi,Fast Food,Fried Chicken,348.0,14.5,41.0,4.0,50.0
2024-02-01,Karachi,Fast Food,Burgers,882.0,25.2,27.9,4.3,61.0
2024-02-01,Multan,Fast Food,Pizza,713.0,6.2,42.1,4.2,138.0
2024-02-02,Karachi,Cloud Kitchen,Chinese,2188.0,22.0,28.4,4.7,130.0
2024-02-02,Islamabad,Fast Food,Burgers,772.0,6.9,38.0,4.7,48.0
2024-02-02,Karachi,Fast Food,Fried Chicken,370.0,1.1,25.0,4.7,31.0
2024-02-02,Karachi,Cafe,Sandwiches,397.0,1.6,49.0,4.6,-2.0
2024-02-02,Faisalabad,Cloud Kitchen,Italian,875.0,8.7,38.8,4.4,132.0
2024-02-02,Multan,Fast Food,Sandwiches,801.0,16.4,16.7,4.8,110.0
2024-02-03,Faisalabad,Fine Dining,Fusion,5108.0,10.2,27.3,4.7,702.0
2024-02-03,Islamabad,Fast Food,Burgers,461.0,8.3,30.1,4.6,-85.0
2024-02-03,Lahore,Fast Food,Fried Chicken,1460.0,21.3,34.2,4.7,100.0
2024-02-03,Islamabad,Cafe,Coffee & Snacks,421.0,7.8,22.7,5.0,60.0
2024-02-03,Lahore,Cafe,Bakery,898.0,7.2,32.9,5.0,224.0
2024-02-03,Karachi,Cloud Kitchen,Indian,1822.0,11.9,23.2,5.0,218.0
2024-02-03,Faisalabad,Cloud Kitchen,Chinese,838.0,10.3,26.5,5.0,77.0
2024-02-03,Lahore,Dessert,Bakery,942.0,2.6,17.0,4.6,267.0
2024-02-04,Faisalabad,Fast Food,Burgers,638.0,2.6,38.9,4.6,109.0
2024-02-04,Karachi,Fine Dining,Fusion,3629.0,33.0,42.6,4.3,-90.0
2024-02-04,Lahore,Fine Dining,Steakhouse,1504.0,12.4,38.2,4.5,160.0
2024-02-04,Lahore,Fine Dining,Seafood,3077.0,38.5,36.7,4.6,-147.0
2024-02-04,Faisalabad,Fast Food,Sandwiches,641.0,7.6,46.5,4.6,21.0
2024-02-04,Lahore,Fine Dining,Seafood,2851.0,12.0,47.0,4.4,301.0
2024-02-04,Lahore,Fast Food,Pizza,394.0,11.8,41.3,4.7,79.0
2024-02-04,Karachi,Dessert,Ice Cream,860.0,2.1,33.3,3.7,208.0
2024-02-04,Lahore,Fast Food,Burgers,940.0,9.2,32.4,4.0,134.0
2024-02-04,Islamabad,Fast Food,Burgers,1272.0,6.4,33.7,4.3,279.0
2024-02-05,Lahore,Dessert,Bakery,1423.0,14.4,40.8,4.2,245.0
2024-02-05,Lahore,Cloud Kitchen,Indian,791.0,8.3,35.8,5.0,101.0
2024-02-05,Lahore,Dessert,Bakery,971.0,3.9,35.3,4.5,242.0
2024-02-05,Islamabad,Cafe,Breakfast,661.0,9.1,41.9,4.2,61.0
2024-02-06,Lahore,Fine Dining,Steakhouse,1381.0,2.9,21.8,5.0,155.0
2024-02-06,Karachi,Cafe,Breakfast,575.0,18.3,33.3,4.3,64.0
2024-02-06,Karachi,Dessert,Bakery,714.0,8.8,44.5,4.7,137.0
2024-02-06,Lahore,Fast Food,Sandwiches,363.0,4.0,39.0,4.4,3.0
2024-02-06,Karachi,Cafe,Sandwiches,570.0,4.7,39.9,4.4,76.0
2024-02-06,Islamabad,Fast Food,Sandwiches,561.0,11.8,24.3,4.5,-9.0
2024-02-06,Karachi,Fast Food,Sandwiches,607.0,20.9,42.6,4.0,40.0
2024-02-06,Multan,Dessert,Cakes,396.0,2.8,38.9,4.0,131.0
2024-02-06,Multan,Fast Food,Fried Chicken,871.0,3.5,93.2,3.2,-0.0
2024-02-06,Lahore,Fine Dining,Seafood,2304.0,9.4,28.7,4.3,320.0
2024-02-06,Lahore,Fast Food,Pizza,567.0,4.8,18.7,4.5,107.0
2024-02-06,Lahore,Fast Food,Pizza,757.0,9.7,14.4,5.0,103.0
2024-02-06,Karachi,Cloud Kitchen,Biryani,3257.0,5.5,19.9,5.0,627.0
2024-02-06,Multan,Fast Food,Sandwiches,383.0,10.3,39.1,4.6,-8.0
2024-02-06,Karachi,Fine Dining,Fusion,4113.0,8.5,40.7,4.3,577.0
2024-02-06,Lahore,Fast Food,Fried Chicken,1437.0,6.2,30.5,4.8,281.0
2024-02-07,Karachi,Fast Food,Pizza,1531.0,11.5,36.8,4.8,262.0
2024-02-07,Multan,Cafe,Coffee & Snacks,959.0,21.5,43.0,5.0,75.0
2024-02-07,Lahore,Dessert,Cakes,447.0,1.3,23.5,4.6,28.0
2024-02-07,Lahore,Cloud Kitchen,Chinese,1249.0,9.4,22.1,5.0,158.0
2024-02-07,Lahore,Cafe,Breakfast,992.0,16.0,41.9,4.0,88.0
2024-02-07,Lahore,Cafe,Breakfast,766.0,7.9,35.9,4.3,113.0
2024-02-07,Karachi,Fine Dining,Fusion,1498.0,8.0,28.9,4.5,194.0
2024-02-07,Lahore,Cloud Kitchen,Chinese,1207.0,2.7,36.1,4.5,217.0
2024-02-08,Karachi,Cloud Kitchen,Italian,669.0,19.8,44.6,4.2,21.0
2024-02-08,Karachi,Fast Food,Sandwiches,575.0,5.5,29.4,4.8,59.0
2024-02-08,Faisalabad,Dessert,Bakery,646.0,13.3,29.6,5.0,117.0
2024-02-08,Islamabad,Cloud Kitchen,Biryani,2785.0,17.8,17.2,4.4,266.0
2024-02-08,Lahore,Fast Food,Fried Chicken,667.0,5.7,33.6,4.5,107.0
2024-02-08,Karachi,Fast Food,Burgers,313.0,17.2,32.6,4.3,-34.0
2024-02-08,Multan,Cafe,Bakery,456.0,14.8,31.2,4.5,-53.0
2024-02-08,Lahore,Fine Dining,Steakhouse,3591.0,4.4,29.3,4.9,592.0
2024-02-08,Karachi,Cloud Kitchen,Italian,1141.0,2.4,28.8,4.3,196.0
2024-02-08,Karachi,Cafe,Breakfast,380.0,20.8,38.6,4.4,-34.0
2024-02-08,Multan,Fast Food,Fried Chicken,460.0,6.9,25.7,4.5,34.0
2024-02-08,Karachi,Fast Food,Fried Chicken,834.0,8.8,23.8,4.5,164.0
2024-02-08,Lahore,Fast Food,Sandwiches,831.0,11.2,25.2,4.4,162.0
2024-02-09,Lahore,Fast Food,Burgers,640.0,5.9,86.8,3.1,32.0
2024-02-09,Islamabad,Cafe,Bakery,980.0,18.1,34.2,3.9,78.0
2024-02-09,Lahore,Fast Food,Sandwiches,661.0,22.2,29.4,4.3,-30.0
2024-02-09,Islamabad,Fast Food,Fried Chicken,962.0,15.6,18.7,4.8,143.0
2024-02-09,Karachi,Fine Dining,Seafood,4575.0,20.6,51.7,4.2,390.0
2024-02-09,Karachi,Dessert,Cakes,616.0,11.5,32.8,4.6,141.0
2024-02-09,Faisalabad,Cloud Kitchen,Chinese,1220.0,14.0,40.7,4.4,135.0
2024-02-09,Lahore,Dessert,Sweets,702.0,3.2,34.0,4.9,167.0
2024-02-09,Lahore,Fine Dining,Fusion,3839.0,3.0,38.6,4.3,671.0
2024-02-10,Lahore,Fast Food,Burgers,938.0,19.4,26.2,4.9,25.0
2024-02-10,Karachi,Fast Food,Pizza,479.0,20.6,35.4,4.5,-27.0
2024-02-10,Karachi,Fine Dining,Fusion,4286.0,4.4,35.8,4.5,738.0
2024-02-10,Multan,Cloud Kitchen,Italian,1957.0,12.1,39.6,4.7,242.0
2024-02-10,Islamabad,Fast Food,Sandwiches,555.0,12.9,24.0,5.0,34.0
2024-02-10,Faisalabad,Cloud Kitchen,Biryani,1521.0,7.5,95.5,3.9,212.0
2024-02-11,Islamabad,Fast Food,Burgers,418.0,3.5,28.3,4.1,50.0
2024-02-11,Lahore,Fast Food,Fried Chicken,1301.0,26.7,35.1,4.6,96.0
2024-02-11,Lahore,Cafe,Breakfast,493.0,8.4,33.9,4.3,72.0
2024-02-11,Karachi,Cafe,Breakfast,337.0,9.7,14.5,5.0,35.0
2024-02-11,Lahore,Fast Food,Burgers,393.0,11.3,30.8,4.5,65.0
2024-02-11,Karachi,Fast Food,Fried Chicken,729.0,19.3,45.0,4.2,32.0
2024-02-11,Islamabad,Fine Dining,Continental,1902.0,17.0,44.0,4.0,120.0
2024-02-11,Islamabad,Dessert,Cakes,339.0,38.2,19.0,3.9,-15.0
2024-02-11,Faisalabad,Cloud Kitchen,Biryani,1109.0,9.7,82.9,3.8,72.0
2024-02-11,Islamabad,Cloud Kitchen,Chinese,1201.0,6.6,27.0,4.5,223.0
2024-02-12,Karachi,Cloud Kitchen,Italian,919.0,13.3,21.5,5.0,48.0
2024-02-12,Islamabad,Cloud Kitchen,Chinese,1621.0,13.9,29.7,4.8,229.0
2024-02-12,Lahore,Fine Dining,Continental,2258.0,7.4,39.4,4.7,291.0
2024-02-12,Lahore,Cloud Kitchen,Chinese,847.0,13.3,36.4,4.4,75.0
2024-02-12,Karachi,Fast Food,Pizza,655.0,24.3,24.2,4.8,55.0
2024-02-12,Lahore,Dessert,Sweets,296.0,6.6,25.4,5.0,5.0
2024-02-13,Faisalabad,Cloud Kitchen,Indian,778.0,2.1,45.1,4.1,55.0
2024-02-13,Faisalabad,Fast Food,Pizza,617.0,24.0,45.6,4.0,-12.0
2024-02-13,Multan,Cafe,Breakfast,872.0,4.3,42.6,4.3,134.0
2024-02-13,Islamabad,Fast Food,Sandwiches,354.0,9.4,23.5,4.2,24.0
2024-02-13,Lahore,Dessert,Cakes,568.0,9.3,24.1,4.5,95.0
2024-02-13,Karachi,Cafe,Bakery,493.0,6.7,34.1,4.1,83.0
2024-02-13,Lahore,Dessert,Sweets,648.0,17.2,92.1,4.6,-23.0
2024-02-13,Islamabad,Fine Dining,Continental,3103.0,38.3,19.7,5.0,-134.0
2024-02-13,Lahore,Cloud Kitchen,Chinese,1097.0,8.5,33.7,4.3,128.0
2024-02-13,Islamabad,Fast Food,Fried Chicken,651.0,14.3,27.5,4.6,11.0
2024-02-13,Lahore,Fast Food,Burgers,555.0,9.0,94.4,3.2,11.0
2024-02-13,Multan,Cloud Kitchen,Italian,1386.0,28.4,38.1,4.3,-20.0
2024-02-14,Karachi,Cafe,Bakery,492.0,4.9,29.1,4.5,72.0
2024-02-14,Islamabad,Cloud Kitchen,Indian,2967.0,8.3,29.6,5.0,476.0
2024-02-14,Karachi,Fast Food,Burgers,305.0,10.4,102.8,2.9,-44.0
2024-02-14,Islamabad,Cloud Kitchen,Chinese,532.0,1.9,21.4,5.0,84.0
2024-02-14,Karachi,Cloud Kitchen,Indian,1132.0,8.1,37.5,4.8,149.0
2024-02-14,Islamabad,Cafe,Breakfast,535.0,5.7,42.4,5.0,95.0
2024-02-14,Faisalabad,Dessert,Cakes,629.0,16.5,27.3,4.3,166.0
2024-02-14,Lahore,Fast Food,Fried Chicken,1146.0,14.6,41.6,4.2,129.0
2024-02-15,Lahore,Cafe,Coffee & Snacks,150.0,18.7,105.0,3.8,-152.0
2024-02-15,Karachi,Fine Dining,Seafood,2259.0,2.6,32.5,4.5,360.0
2024-02-15,Lahore,Fast Food,Burgers,873.0,19.0,35.5,4.1,98.0
2024-02-15,Lahore,Fine Dining,Continental,2259.0,22.5,40.1,4.5,90.0
2024-02-15,Karachi,Dessert,Bakery,420.0,10.4,37.6,4.6,18.0
2024-02-15,Karachi,Cafe,Coffee & Snacks,948.0,17.2,14.8,5.0,143.0
2024-02-15,Karachi,Fine Dining,Continental,1917.0,0.7,37.3,4.1,307.0
2024-02-15,Karachi,Fast Food,Fried Chicken,915.0,14.4,23.8,4.8,70.0
2024-02-15,Lahore,Cloud Kitchen,Chinese,1219.0,10.1,34.6,3.7,193.0
2024-02-15,Islamabad,Fast Food,Pizza,766.0,17.2,27.3,4.7,62.0
2024-02-15,Multan,Cloud Kitchen,Biryani,1131.0,5.4,30.0,4.5,145.0
2024-02-16,Karachi,Cafe,Sandwiches,624.0,5.8,35.5,5.0,116.0
2024-02-16,Karachi,Fast Food,Fried Chicken,423.0,5.3,33.0,4.7,20.0
2024-02-16,Islamabad,Fast Food,Fried Chicken,1132.0,12.7,21.7,4.8,160.0
2024-02-16,Multan,Dessert,Bakery,316.0,3.0,22.9,4.6,57.0
2024-02-16,Multan,Fast Food,Burgers,328.0,7.0,41.6,4.3,54.0
2024-02-16,Karachi,Fast Food,Sandwiches,578.0,14.5,37.4,4.2,2.0
2024-02-16,Multan,Cloud Kitchen,Biryani,2058.0,2.2,40.2,4.5,361.0
2024-02-16,Karachi,Fast Food,Pizza,416.0,14.2,46.4,4.0,18.0
2024-02-17,Lahore,Fast Food,Burgers,639.0,1.2,23.7,4.9,122.0
2024-02-17,Karachi,Cloud Kitchen,Italian,2317.0,5.0,94.5,3.1,398.0
2024-02-17,Lahore,Cloud Kitchen,Italian,1873.0,4.4,21.0,4.9,397.0
2024-02-17,Lahore,Fast Food,Sandwiches,333.0,8.5,41.6,4.3,4.0
2024-02-17,Lahore,Fast Food,Fried Chicken,587.0,12.0,20.7,4.4,44.0
2024-02-17,Islamabad,Fast Food,Pizza,659.0,15.3,33.2,4.0,56.0
2024-02-17,Lahore,Dessert,Bakery,203.0,5.2,43.0,4.5,-28.0
2024-02-17,Islamabad,Dessert,Ice Cream,332.0,9.6,25.6,4.5,52.0
2024-02-18,Faisalabad,Cloud Kitchen,Indian,1231.0,21.3,25.1,5.0,101.0
2024-02-18,Islamabad,Fast Food,Fried Chicken,9245.372509553004,1.1,89.4,3.2,-3024.5116905031114
2024-02-18,Faisalabad,Fast Food,Burgers,590.0,11.6,32.5,4.1,-26.0
2024-02-18,Lahore,Fast Food,Fried Chicken,493.0,7.9,29.1,4.5,-5.0
2024-02-18,Lahore,Fast Food,Pizza,770.0,5.1,22.7,4.5,170.0
2024-02-18,Islamabad,Cafe,Bakery,11793.421551318086,4.6,42.9,4.4,-5119.487390588281
2024-02-19,Lahore,Fast Food,Pizza,173.0,8.5,27.2,4.3,-47.0
2024-02-19,Karachi,Cafe,Breakfast,653.0,15.5,36.8,4.3,90.0
2024-02-19,Karachi,Cloud Kitchen,Italian,1062.0,17.9,39.6,4.3,41.0
2024-02-19,Faisalabad,Fast Food,Fried Chicken,548.0,7.9,36.3,4.1,122.0
2024-02-19,Lahore,Cloud Kitchen,Italian,1393.0,21.5,29.2,5.0,128.0
2024-02-19,Faisalabad,Fast Food,Burgers,343.0,26.2,20.6,5.0,-50.0
2024-02-20,Lahore,Cloud Kitchen,Italian,1130.0,20.3,32.2,4.0,69.0
2024-02-20,Lahore,Cloud Kitchen,Indian,1144.0,7.5,27.9,4.3,128.0
2024-02-20,Lahore,Fast Food,Sandwiches,1074.0,38.8,27.8,4.7,-28.0
2024-02-20,Karachi,Cafe,Coffee & Snacks,424.0,9.1,21.5,4.8,38.0
2024-02-20,Karachi,Cafe,Breakfast,292.0,25.2,37.0,4.5,-9.0
2024-02-20,Lahore,Fast Food,Burgers,629.0,6.5,107.6,3.5,9.0
2024-02-20,Islamabad,Cloud Kitchen,Chinese,1304.0,13.1,108.5,4.0,18.0
2024-02-20,Faisalabad,Fast Food,Sandwiches,1173.0,7.8,102.6,2.6,73.0
2024-02-20,Lahore,Cafe,Bakery,585.0,19.6,33.6,4.7,-15.0
2024-02-20,Multan,Cloud Kitchen,Indian,1187.0,3.5,30.2,4.9,105.0
2024-02-21,Islamabad,Fast Food,Burgers,474.0,11.0,45.1,4.5,-17.0
2024-02-21,Multan,Cafe,Coffee & Snacks,566.0,15.8,36.2,4.6,25.0
2024-02-21,Islamabad,Fast Food,Fried Chicken,870.0,4.2,23.1,4.8,175.0
2024-02-21,Karachi,Cloud Kitchen,Biryani,936.0,7.9,27.2,4.4,97.0
2024-02-22,Karachi,Cafe,Breakfast,453.0,10.4,36.9,4.0,-12.0
2024-02-22,Lahore,Dessert,Sweets,1260.0,4.6,20.3,4.7,343.0
2024-02-22,Lahore,Fine Dining,Seafood,1535.0,15.6,36.0,4.3,105.0
2024-02-22,Multan,Dessert,Sweets,374.0,4.9,24.8,4.9,62.0
2024-02-22,Karachi,Fast Food,Fried Chicken,675.0,10.0,27.5,4.6,73.0
2024-02-22,Karachi,Fast Food,Fried Chicken,276.0,9.2,28.3,5.0,-30.0
2024-02-22,Lahore,Fast Food,Burgers,428.0,1.6,43.7,4.5,13.0
2024-02-22,Lahore,Fast Food,Sandwiches,1090.0,22.1,21.2,4.9,49.0
2024-02-22,Karachi,Dessert,Sweets,804.0,5.2,29.5,5.0,208.0
2024-02-22,Karachi,Fast Food,Fried Chicken,710.0,6.4,35.0,4.1,121.0
2024-02-22,Karachi,Fast Food,Pizza,666.0,17.0,32.5,5.0,114.0
2024-02-22,Karachi,Cafe,Bakery,1326.0,17.5,42.8,4.5,184.0
2024-02-23,Faisalabad,Cafe,Coffee & Snacks,507.0,3.7,43.6,4.1,54.0
2024-02-23,Lahore,Fast Food,Sandwiches,694.0,6.1,41.4,3.9,167.0
2024-02-23,Lahore,Fine Dining,Continental,1862.0,15.7,92.3,4.2,94.0
2024-02-23,Karachi,Cafe,Coffee & Snacks,752.0,3.1,19.2,4.6,115.0
2024-02-23,Karachi,Fast Food,Fried Chicken,550.0,7.8,27.5,5.0,54.0
2024-02-23,Faisalabad,Fast Food,Sandwiches,433.0,17.9,32.4,4.4,-65.0
2024-02-23,Karachi,Cloud Kitchen,Italian,599.0,25.3,26.0,4.5,-19.0
2024-02-23,Islamabad,Fast Food,Sandwiches,857.0,16.1,38.7,4.8,113.0
2024-02-23,Karachi,Cloud Kitchen,Chinese,1087.0,6.1,26.5,4.5,135.0
2024-02-23,Faisalabad,Dessert,Bakery,497.0,24.8,29.5,4.8,38.0
2024-02-24,Karachi,Fine Dining,Fusion,1227.0,7.9,19.6,5.0,189.0
2024-02-24,Faisalabad,Fine Dining,Fusion,3093.0,6.8,41.6,4.1,424.0
2024-02-24,Faisalabad,Fast Food,Sandwiches,955.0,11.7,40.9,4.6,147.0
2024-02-24,Islamabad,Dessert,Sweets,579.0,21.1,38.1,4.1,-8.0
2024-02-25,Faisalabad,Fine Dining,Steakhouse,3112.0,35.9,25.2,4.5,-131.0
2024-02-25,Multan,Cloud Kitchen,Indian,1209.0,2.9,32.2,4.7,225.0
2024-02-25,Lahore,Fast Food,Pizza,936.0,8.6,31.1,5.0,154.0
2024-02-25,Lahore,Cloud Kitchen,Indian,1005.0,11.8,29.1,4.3,78.0
2024-02-25,Karachi,Cloud Kitchen,Indian,631.0,6.1,27.4,4.9,56.0
2024-02-25,Islamabad,Dessert,Cakes,328.0,13.1,38.3,4.5,-29.0
2024-02-25,Multan,Fast Food,Pizza,468.0,5.7,46.3,4.1,51.0
2024-02-26,Faisalabad,Fine Dining,Steakhouse,1640.0,14.0,35.1,5.0,131.0
2024-02-26,Islamabad,Fast Food,Burgers,479.0,9.5,18.8,5.0,55.0
2024-02-26,Karachi,Fine Dining,Continental,1675.0,14.0,14.6,5.0,124.0
2024-02-26,Multan,Fast Food,Sandwiches,648.0,19.9,31.7,4.5,37.0
2024-02-26,Faisalabad,Fine Dining,Continental,2109.0,11.1,43.9,4.2,230.0
2024-02-26,Lahore,Cafe,Sandwiches,279.0,9.6,32.3,4.3,-17.0
2024-02-26,Faisalabad,Fast Food,Burgers,933.0,10.8,36.6,4.0,140.0
2024-02-26,Multan,Cafe,Coffee & Snacks,376.0,18.8,33.2,4.9,53.0
2024-02-26,Islamabad,Dessert,Ice Cream,809.0,10.2,26.5,4.4,145.0
2024-02-27,Lahore,Cafe,Sandwiches,507.0,12.8,30.3,4.1,76.0
2024-02-27,Islamabad,Fast Food,Fried Chicken,285.0,8.8,51.8,4.0,22.0
2024-02-27,Lahore,Fine Dining,Seafood,3031.0,4.3,35.5,4.6,513.0
2024-02-27,Lahore,Fast Food,Burgers,351.0,6.3,44.6,4.2,-7.0
2024-02-27,Islamabad,Cloud Kitchen,Italian,828.0,3.6,23.1,4.4,153.0
2024-02-27,Lahore,Cloud Kitchen,Biryani,1384.0,12.8,10.2,5.0,209.0
2024-02-27,Karachi,Fast Food,Pizza,312.0,45.0,44.7,4.3,-148.0
2024-02-27,Lahore,Cafe,Breakfast,641.0,16.9,53.8,3.9,43.0
2024-02-27,Lahore,Fast Food,Pizza,679.0,14.2,44.6,4.3,80.0
2024-02-27,Islamabad,Cloud Kitchen,Biryani,1705.0,6.0,40.7,4.2,233.0
2024-02-27,Karachi,Cloud Kitchen,Indian,1074.0,13.8,38.5,4.1,69.0
2024-02-28,Faisalabad,Cafe,Coffee & Snacks,346.0,8.0,32.1,4.0,28.0
2024-02-28,Multan,Fast Food,Pizza,1083.0,7.0,34.9,4.3,164.0
2024-02-28,Karachi,Dessert,Ice Cream,489.0,12.3,40.4,4.5,28.0
2024-02-28,Lahore,Cafe,Bakery,652.0,12.3,43.0,4.4,98.0
2024-02-28,Faisalabad,Fast Food,Burgers,479.0,3.0,42.3,4.9,10.0
2024-02-28,Karachi,Dessert,Cakes,221.0,25.5,39.7,4.5,-48.0
2024-02-28,Faisalabad,Cloud Kitchen,Indian,1048.0,19.2,44.0,4.7,72.0
2024-02-28,Karachi,Fine Dining,Continental,1143.0,10.9,43.7,5.0,91.0
2024-02-28,Multan,Dessert,Ice Cream,369.0,5.0,30.5,4.6,5.0
2024-02-29,Faisalabad,Cloud Kitchen,Chinese,813.0,7.5,26.2,4.7,40.0
2024-02-29,Lahore,Cafe,Bakery,278.0,17.2,44.3,4.4,-29.0
2024-02-29,Faisalabad,Fast Food,Burgers,1180.0,15.6,94.6,3.7,122.0
2024-02-29,Lahore,Cafe,Bakery,235.0,27.4,25.7,5.0,-15.0
2024-02-29,Karachi,Dessert,Sweets,731.0,4.4,30.3,5.0,173.0
2024-02-29,Lahore,Cloud Kitchen,Biryani,1408.0,22.3,13.1,4.5,99.0
2024-03-01,Lahore,Dessert,Cakes,385.0,8.1,22.0,5.0,46.0
2024-03-01,Islamabad,Dessert,Cakes,327.0,10.2,38.7,3.8,-54.0
2024-03-01,Karachi,Cafe,Breakfast,440.0,17.2,30.5,4.4,44.0
2024-03-01,Islamabad,Cloud Kitchen,Chinese,2026.0,12.3,31.4,4.8,299.0
2024-03-01,Faisalabad,Cloud Kitchen,Indian,877.0,0.6,27.1,4.8,211.0
2024-03-01,Karachi,Cafe,Bakery,10348.11175984245,0.4,23.5,4.7,-5325.868398429137
2024-03-01,Karachi,Cloud Kitchen,Italian,2279.0,3.8,23.4,4.4,513.0
2024-03-01,Faisalabad,Fine Dining,Fusion,6403.0,27.8,35.8,4.7,161.0
2024-03-01,Faisalabad,Cafe,Bakery,759.0,10.8,38.8,4.7,106.0
2024-03-01,Lahore,Cafe,Coffee & Snacks,1030.0,21.6,30.0,4.0,85.0
2024-03-01,Karachi,Cloud Kitchen,Indian,1721.0,17.4,39.5,3.7,123.0
2024-03-02,Lahore,Cloud Kitchen,Italian,2251.0,8.5,21.4,4.4,359.0
2024-03-02,Karachi,Dessert,Cakes,491.0,31.5,30.4,5.0,-7.0
2024-03-02,Karachi,Cafe,Coffee & Snacks,492.0,21.5,35.9,4.0,-5.0
2024-03-02,Lahore,Fast Food,Fried Chicken,297.0,2.5,19.4,5.0,18.0
2024-03-02,Faisalabad,Cloud Kitchen,Chinese,940.0,5.4,38.0,4.6,149.0
2024-03-02,Faisalabad,Cafe,Breakfast,627.0,8.2,38.2,4.6,122.0
2024-03-02,Multan,Cafe,Bakery,396.0,2.7,18.8,5.0,39.0
2024-03-02,Karachi,Cloud Kitchen,Italian,1852.0,7.8,42.4,4.2,270.0
2024-03-02,Islamabad,Cloud Kitchen,Italian,1523.0,4.4,37.0,4.3,227.0
2024-03-02,Lahore,Fast Food,Sandwiches,901.0,16.1,28.8,4.8,67.0
2024-03-02,Islamabad,Cloud Kitchen,Biryani,1028.0,26.5,22.4,4.4,8.0
2024-03-03,Karachi,Cafe,Coffee & Snacks,775.0,11.9,32.6,4.7,124.0
2024-03-03,Islamabad,Fast Food,Pizza,1163.0,30.6,42.4,4.0,37.0
2024-03-03,Multan,Cafe,Coffee & Snacks,987.0,5.9,80.5,3.8,163.0
2024-03-03,Lahore,Cloud Kitchen,Indian,1170.0,11.0,28.6,3.9,136.0
2024-03-03,Karachi,Cafe,Sandwiches,498.0,12.5,28.0,4.6,57.0
2024-03-03,Karachi,Cloud Kitchen,Italian,1462.0,4.6,26.2,4.8,173.0
2024-03-03,Lahore,Fast Food,Fried Chicken,591.0,25.9,26.7,4.6,32.0
2024-03-03,Karachi,Cafe,Bakery,9923.05307763089,2.8,39.0,4.4,-3542.300196359267
2024-03-04,Lahore,Dessert,Bakery,708.0,4.8,41.2,4.4,171.0
2024-03-04,Karachi,Cafe,Sandwiches,250.0,13.7,34.3,4.8,-94.0
2024-03-04,Islamabad,Dessert,Ice Cream,212.0,17.1,28.3,5.0,1.0
2024-03-04,Islamabad,Fast Food,Fried Chicken,410.0,16.0,30.2,4.2,17.0
2024-03-04,Lahore,Dessert,Ice Cream,285.0,14.3,30.3,4.7,28.0
2024-03-04,Karachi,Dessert,Ice Cream,611.0,19.1,28.8,4.3,18.0
2024-03-04,Karachi,Fast Food,Burgers,9342.68663162972,3.9,44.1,4.2,-4741.427715218908
2024-03-04,Islamabad,Cloud Kitchen,Indian,3121.0,7.4,27.0,4.3,524.0
2024-03-04,Karachi,Fast Food,Sandwiches,629.0,11.2,38.3,4.4,62.0
2024-03-05,Multan,Cafe,Coffee & Snacks,380.0,4.3,34.6,4.6,50.0
2024-03-05,Multan,Fast Food,Sandwiches,735.0,11.9,29.2,5.0,116.0
2024-03-05,Islamabad,Fine Dining,Steakhouse,1270.0,9.5,45.4,4.5,68.0
2024-03-05,Karachi,Cafe,Sandwiches,595.0,14.5,33.7,4.3,68.0
2024-03-05,Islamabad,Cafe,Sandwiches,502.0,15.6,25.5,4.3,-22.0
2024-03-06,Lahore,Cloud Kitchen,Italian,1306.0,21.2,24.1,5.0,84.0
2024-03-06,Faisalabad,Cloud Kitchen,Biryani,2359.0,6.8,24.7,4.9,397.0
2024-03-06,Multan,Fine Dining,Fusion,1174.0,7.3,25.8,4.5,140.0
2024-03-06,Islamabad,Dessert,Cakes,207.0,7.3,32.6,4.6,-2.0
2024-03-06,Islamabad,Cloud Kitchen,Indian,1036.0,7.6,25.0,4.7,179.0
2024-03-06,Lahore,Dessert,Cakes,545.0,14.7,29.1,4.8,101.0
2024-03-06,Karachi,Fast Food,Burgers,1422.0,9.0,39.9,4.8,203.0
2024-03-06,Lahore,Dessert,Ice Cream,317.0,20.9,29.8,4.7,44.0
2024-03-06,Karachi,Fast Food,Burgers,352.0,2.0,33.9,4.8,63.0
2024-03-06,Multan,Fast Food,Sandwiches,507.0,6.0,39.2,4.9,63.0
2024-03-06,Islamabad,Dessert,Sweets,268.0,16.0,28.2,4.7,-15.0
2024-03-06,Lahore,Fast Food,Fried Chicken,732.0,19.8,34.0,5.0,40.0
2024-03-07,Lahore,Dessert,Cakes,353.0,11.0,22.1,4.5,16.0
2024-03-07,Karachi,Fast Food,Pizza,394.0,10.4,38.3,4.4,49.0
2024-03-07,Karachi,Cafe,Sandwiches,392.0,11.2,37.8,4.8,-27.0
2024-03-08,Islamabad,Fine Dining,Continental,3748.0,30.9,31.4,4.6,-4.0
2024-03-08,Islamabad,Cloud Kitchen,Italian,1456.0,17.6,35.4,4.6,59.0
2024-03-08,Lahore,Cloud Kitchen,Chinese,1768.0,11.0,41.6,4.3,301.0
2024-03-08,Lahore,Fast Food,Burgers,345.0,1.4,37.7,4.6,-4.0
2024-03-08,Karachi,Dessert,Ice Cream,771.0,8.4,33.9,5.0,226.0
2024-03-09,Islamabad,Cloud Kitchen,Indian,1790.0,5.0,43.2,4.2,311.0
2024-03-09,Lahore,Fast Food,Burgers,636.0,10.8,24.1,3.6,59.0
2024-03-09,Faisalabad,Dessert,Bakery,548.0,24.4,62.0,3.9,16.0
2024-03-09,Islamabad,Fast Food,Fried Chicken,333.0,8.6,24.8,4.6,14.0
2024-03-09,Multan,Fast Food,Fried Chicken,584.0,7.9,36.4,4.8,41.0
2024-03-09,Karachi,Fast Food,Fried Chicken,208.0,45.0,26.2,4.6,-44.0
2024-03-10,Karachi,Dessert,Bakery,455.0,6.1,42.1,4.5,6.0
2024-03-10,Islamabad,Cafe,Breakfast,302.0,15.9,30.6,4.8,60.0
2024-03-10,Lahore,Fast Food,Sandwiches,688.0,13.3,40.1,4.6,86.0
2024-03-10,Karachi,Fine Dining,Seafood,2338.0,9.7,31.0,4.1,272.0
2024-03-10,Faisalabad,Cafe,Breakfast,613.0,4.2,16.7,4.8,90.0
2024-03-10,Lahore,Fine Dining,Steakhouse,3249.0,10.6,30.2,4.7,438.0
2024-03-10,Lahore,Fast Food,Burgers,1070.0,1.2,41.4,4.7,247.0
2024-03-10,Karachi,Fast Food,Pizza,628.0,9.0,35.1,4.8,34.0
2024-03-10,Lahore,Cloud Kitchen,Indian,922.0,1.7,35.9,4.5,141.0
2024-03-10,Multan,Cloud Kitchen,Italian,1077.0,14.3,26.6,5.0,84.0
2024-03-10,Islamabad,Cloud Kitchen,Indian,1374.0,39.3,18.5,4.6,-72.0
2024-03-10,Multan,Fast Food,Burgers,454.0,5.6,33.6,4.2,93.0
2024-03-10,Karachi,Cloud Kitchen,Indian,794.0,6.8,16.1,4.4,121.0
2024-03-11,Karachi,Cloud Kitchen,Italian,1094.0,20.8,38.4,4.2,69.0
2024-03-11,Lahore,Dessert,Sweets,386.0,16.6,31.5,4.9,-2.0
2024-03-11,Karachi,Fast Food,Burgers,391.0,13.7,34.3,3.6,-52.0
2024-03-11,Lahore,Cloud Kitchen,Biryani,762.0,26.5,54.6,4.0,-22.0
2024-03-11,Lahore,Fast Food,Sandwiches,622.0,6.1,89.6,3.6,12.0
2024-03-11,Karachi,Dessert,Sweets,333.0,3.7,21.8,5.0,112.0
2024-03-11,Multan,Dessert,Ice Cream,597.0,8.4,28.6,5.0,56.0
2024-03-11,Islamabad,Dessert,Cakes,452.0,22.6,22.0,4.6,56.0
2024-03-11,Lahore,Cloud Kitchen,Italian,1900.0,15.9,14.4,4.1,215.0
2024-03-11,Karachi,Cafe,Sandwiches,402.0,14.5,22.9,4.6,-28.0
2024-03-11,Karachi,Fast Food,Fried Chicken,359.0,2.5,31.3,4.3,24.0
2024-03-12,Faisalabad,Cloud Kitchen,Indian,1742.0,3.5,36.3,4.7,323.0
2024-03-12,Faisalabad,Fast Food,Burgers,956.0,7.1,33.9,4.7,122.0
2024-03-12,Multan,Cloud Kitchen,Italian,1080.0,5.7,47.5,4.4,130.0
2024-03-12,Lahore,Fast Food,Pizza,1040.0,12.8,32.5,3.7,169.0
2024-03-12,Faisalabad,Fast Food,Fried Chicken,687.0,25.0,22.4,4.8,33.0
2024-03-12,Karachi,Cloud Kitchen,Italian,1403.0,4.9,44.7,4.8,209.0
2024-03-13,Karachi,Cloud Kitchen,Chinese,255.0,9.1,40.2,4.5,-5.0
2024-03-13,Faisalabad,Fast Food,Burgers,462.0,17.3,100.6,4.9,-21.0
2024-03-13,Karachi,Cloud Kitchen,Indian,708.0,12.4,30.3,4.9,35.0
2024-03-13,Islamabad,Fast Food,Burgers,2292.0,2.9,28.8,4.3,560.0
2024-03-13,Multan,Dessert,Bakery,390.0,5.8,23.0,5.0,40.0
2024-03-13,Islamabad,Fast Food,Pizza,334.0,0.7,31.1,4.2,89.0
2024-03-13,Lahore,Fast Food,Burgers,1549.0,14.9,36.2,4.9,211.0
2024-03-13,Islamabad,Cloud Kitchen,Italian,1089.0,3.5,32.9,5.0,193.0
2024-03-14,Karachi,Cloud Kitchen,Chinese,2933.0,3.1,25.9,4.6,604.0
2024-03-14,Lahore,Cafe,Breakfast,369.0,2.2,105.0,2.8,34.0
2024-03-14,Islamabad,Fine Dining,Continental,2135.0,23.5,32.8,4.0,4.0
2024-03-14,Karachi,Cafe,Breakfast,322.0,5.5,18.7,4.4,22.0
2024-03-14,Karachi,Cloud Kitchen,Indian,888.0,14.5,30.0,4.9,100.0
2024-03-14,Islamabad,Dessert,Ice Cream,733.0,7.1,26.9,4.3,128.0
2024-03-14,Islamabad,Cafe,Coffee & Snacks,201.0,6.1,24.1,4.2,-50.0
2024-03-14,Karachi,Cafe,Breakfast,523.0,5.4,33.9,4.4,120.0
2024-03-14,Multan,Fast Food,Pizza,1319.0,1.7,17.4,4.9,335.0
2024-03-14,Lahore,Cafe,Bakery,537.0,13.0,39.0,3.8,33.0
2024-03-14,Lahore,Fast Food,Pizza,691.0,4.1,32.9,4.0,117.0
2024-03-14,Karachi,Cloud Kitchen,Biryani,2710.0,1.9,38.9,4.4,534.0
2024-03-14,Islamabad,Dessert,Ice Cream,582.0,12.3,40.0,4.4,22.0
2024-03-14,Karachi,Cloud Kitchen,Chinese,891.0,21.2,28.7,4.3,9.0
2024-03-14,Islamabad,Cloud Kitchen,Italian,2741.0,13.5,28.6,4.2,429.0
2024-03-15,Islamabad,Cafe,Breakfast,963.0,13.4,33.0,4.9,203.0
2024-03-15,Multan,Cloud Kitchen,Biryani,852.0,19.2,32.3,5.0,53.0
2024-03-15,Lahore,Cafe,Breakfast,988.0,12.5,26.8,4.7,161.0
2024-03-15,Karachi,Dessert,Cakes,258.0,12.0,37.5,4.6,58.0
2024-03-15,Karachi,Cafe,Bakery,569.0,5.5,42.1,4.4,39.0
2024-03-15,Multan,Fast Food,Burgers,468.0,15.1,31.6,4.2,-13.0
2024-03-16,Lahore,Cafe,Sandwiches,524.0,13.3,29.2,4.9,104.0
2024-03-16,Karachi,Cafe,Coffee & Snacks,555.0,14.4,34.2,4.3,76.0
2024-03-16,Faisalabad,Fast Food,Burgers,409.0,16.2,31.6,4.3,-22.0
2024-03-16,Karachi,Dessert,Cakes,610.0,39.1,31.5,3.9,44.0
2024-03-16,Karachi,Cafe,Sandwiches,319.0,22.1,28.4,4.9,-4.0
2024-03-16,Lahore,Cloud Kitchen,Chinese,1195.0,26.7,93.7,3.4,-34.0
2024-03-16,Lahore,Cloud Kitchen,Biryani,1667.0,15.5,31.8,4.2,123.0
2024-03-16,Lahore,Dessert,Sweets,225.0,5.6,24.9,4.2,-31.0
2024-03-17,Lahore,Fast Food,Pizza,355.0,6.2,40.9,4.3,5.0
2024-03-17,Islamabad,Fast Food,Sandwiches,591.0,13.3,22.6,4.2,86.0
2024-03-17,Lahore,Cafe,Coffee & Snacks,441.0,3.6,50.8,4.1,29.0
2024-03-17,Islamabad,Fast Food,Pizza,333.0,4.3,42.0,4.5,-42.0
2024-03-17,Islamabad,Fast Food,Burgers,1408.0,21.5,45.2,4.4,115.0
2024-03-18,Islamabad,Fine Dining,Continental,3255.0,12.1,29.7,4.3,383.0
2024-03-18,Karachi,Cafe,Breakfast,514.0,10.3,20.8,5.0,51.0
2024-03-18,Lahore,Fast Food,Burgers,508.0,14.9,30.9,4.2,41.0
2024-03-18,Multan,Fast Food,Burgers,561.0,13.2,93.7,3.3,10.0
2024-03-18,Multan,Cloud Kitchen,Chinese,1544.0,14.3,23.2,4.8,127.0
2024-03-18,Karachi,Fast Food,Sandwiches,396.0,5.5,32.3,5.0,-5.0
2024-03-18,Multan,Cafe,Coffee & Snacks,719.0,7.4,29.2,4.4,27.0
2024-03-18,Lahore,Fine Dining,Continental,3053.0,1.4,26.7,4.9,550.0
2024-03-19,Lahore,Cloud Kitchen,Italian,1913.0,8.0,43.9,4.4,270.0
2024-03-19,Lahore,Fast Food,Burgers,737.0,7.1,39.2,4.6,86.0
2024-03-19,Islamabad,Cloud Kitchen,Italian,1705.0,19.6,10.0,5.0,178.0
2024-03-19,Lahore,Dessert,Sweets,347.0,10.6,43.7,4.3,10.0
2024-03-20,Lahore,Fast Food,Sandwiches,476.0,9.8,22.2,5.0,34.0
2024-03-20,Islamabad,Fast Food,Burgers,679.0,2.7,19.8,5.0,82.0
2024-03-20,Lahore,Fast Food,Sandwiches,625.0,3.6,22.5,4.8,59.0
2024-03-20,Faisalabad,Dessert,Ice Cream,171.0,7.1,27.7,4.8,6.0
2024-03-20,Karachi,Fast Food,Sandwiches,342.0,20.8,26.4,4.7,-44.0
2024-03-20,Multan,Dessert,Sweets,486.0,4.0,31.7,3.9,54.0
2024-03-21,Karachi,Fine Dining,Steakhouse,2634.0,2.9,14.3,4.2,485.0
2024-03-21,Lahore,Fast Food,Fried Chicken,480.0,12.4,25.6,4.9,-15.0
2024-03-21,Lahore,Fast Food,Fried Chicken,1207.0,5.1,22.0,4.8,256.0
2024-03-21,Lahore,Fast Food,Fried Chicken,445.0,11.2,35.8,4.1,84.0
2024-03-21,Lahore,Cloud Kitchen,Indian,1108.0,18.5,30.7,4.6,107.0
2024-03-22,Karachi,Cafe,Bakery,861.0,1.4,30.6,5.0,193.0
2024-03-22,Lahore,Dessert,Bakery,1636.0,7.6,24.9,4.6,472.0
2024-03-22,Islamabad,Fast Food,Sandwiches,349.0,10.6,35.1,4.0,-13.0
2024-03-22,Lahore,Fast Food,Sandwiches,445.0,22.5,34.9,4.6,-21.0
2024-03-22,Faisalabad,Dessert,Sweets,213.0,20.1,29.9,5.0,-11.0
2024-03-22,Islamabad,Cafe,Breakfast,349.0,13.9,31.2,5.0,2.0
2024-03-23,Islamabad,Cafe,Breakfast,367.0,17.6,24.4,4.9,-26.0
2024-03-23,Islamabad,Cloud Kitchen,Indian,416.0,5.0,23.8,5.0,10.0
2024-03-23,Karachi,Fast Food,Burgers,1224.0,13.2,36.2,4.3,200.0
2024-03-24,Karachi,Fine Dining,Continental,3796.0,13.0,25.1,4.9,460.0
2024-03-24,Karachi,Dessert,Ice Cream,474.0,6.9,30.6,4.6,150.0
2024-03-24,Lahore,Fast Food,Pizza,497.0,19.9,30.4,4.3,4.0
2024-03-24,Multan,Dessert,Cakes,468.0,6.7,26.6,3.7,57.0
2024-03-24,Lahore,Fine Dining,Steakhouse,1977.0,25.6,37.5,4.1,9.0
2024-03-24,Islamabad,Cloud Kitchen,Italian,2122.0,10.9,37.8,4.8,322.0
2024-03-25,Multan,Fast Food,Burgers,694.0,5.1,31.9,4.6,24.0
2024-03-25,Lahore,Fast Food,Pizza,714.0,9.8,35.5,4.9,69.0
2024-03-25,Multan,Cafe,Sandwiches,654.0,3.5,35.3,4.3,83.0
2024-03-25,Lahore,Cafe,Breakfast,267.0,10.3,23.8,5.0,7.0
2024-03-25,Karachi,Dessert,Sweets,442.0,8.6,91.4,3.6,17.0
2024-03-25,Lahore,Fine Dining,Seafood,2440.0,11.6,42.5,4.1,259.0
2024-03-25,Lahore,Dessert,Cakes,979.0,29.7,31.1,4.7,120.0
2024-03-25,Islamabad,Cafe,Bakery,288.0,23.0,28.2,4.7,36.0
2024-03-26,Karachi,Fast Food,Fried Chicken,633.0,13.7,30.9,4.6,-43.0
2024-03-26,Karachi,Fast Food,Pizza,744.0,6.7,34.0,4.6,126.0
2024-03-26,Karachi,Dessert,Sweets,999.0,8.6,48.4,4.0,225.0
2024-03-26,Lahore,Fine Dining,Fusion,3914.0,20.5,44.4,4.4,268.0
2024-03-26,Karachi,Fast Food,Pizza,1029.0,18.0,33.3,4.7,110.0
2024-03-26,Karachi,Cafe,Bakery,506.0,11.8,30.1,4.8,63.0
2024-03-27,Islamabad,Cafe,Coffee & Snacks,723.0,3.7,28.6,5.0,155.0
2024-03-27,Faisalabad,Fast Food,Fried Chicken,473.0,5.5,34.8,4.0,25.0
2024-03-27,Multan,Fast Food,Fried Chicken,887.0,32.2,41.8,4.8,-34.0
2024-03-27,Karachi,Cloud Kitchen,Indian,1148.0,7.7,21.9,5.0,98.0
2024-03-27,Karachi,Fine Dining,Seafood,3420.0,23.9,39.2,4.6,176.0
2024-03-27,Islamabad,Cloud Kitchen,Biryani,2255.0,45.0,31.1,4.4,-121.0
2024-03-27,Islamabad,Cloud Kitchen,Chinese,12958.950409031868,4.0,19.3,4.9,-3279.02697186967
2024-03-27,Karachi,Cloud Kitchen,Chinese,1230.0,8.4,28.5,4.9,192.0
2024-03-28,Faisalabad,Cloud Kitchen,Biryani,2524.0,8.5,30.0,4.8,415.0
2024-03-28,Islamabad,Cafe,Breakfast,304.0,7.5,21.3,5.0,61.0
2024-03-28,Karachi,Cloud Kitchen,Indian,456.0,4.0,20.2,5.0,32.0
2024-03-28,Karachi,Fine Dining,Fusion,1892.0,10.6,40.7,4.3,195.0
2024-03-28,Islamabad,Fine Dining,Seafood,2969.0,5.4,31.9,4.5,481.0
2024-03-28,Karachi,Fast Food,Fried Chicken,1181.0,18.2,40.5,4.6,104.0
2024-03-28,Islamabad,Cafe,Sandwiches,472.0,7.1,26.4,4.5,56.0
2024-03-28,Karachi,Cloud Kitchen,Biryani,1612.0,10.7,35.6,4.8,265.0
2024-03-29,Karachi,Cafe,Sandwiches,1205.0,3.3,40.0,4.1,274.0
2024-03-29,Lahore,Dessert,Sweets,361.0,32.3,35.8,4.2,-32.0
2024-03-29,Faisalabad,Dessert,Cakes,173.0,9.2,37.2,4.8,-60.0
2024-03-29,Karachi,Cafe,Bakery,498.0,9.5,22.4,4.4,50.0
2024-03-29,Karachi,Cafe,Coffee & Snacks,554.0,1.0,40.4,4.6,122.0
2024-03-29,Karachi,Dessert,Ice Cream,377.0,19.8,28.1,4.9,36.0
2024-03-29,Faisalabad,Fine Dining,Fusion,1684.0,8.1,28.8,4.2,209.0
2024-03-29,Lahore,Cafe,Breakfast,453.0,18.8,15.6,5.0,52.0
2024-03-30,Lahore,Cafe,Coffee & Snacks,660.0,18.8,21.8,4.6,88.0
2024-03-30,Faisalabad,Cloud Kitchen,Biryani,1034.0,2.9,38.7,4.9,160.0
2024-03-30,Lahore,Fast Food,Sandwiches,759.0,13.4,33.1,4.4,112.0
2024-03-30,Lahore,Cloud Kitchen,Italian,1938.0,27.9,32.0,5.0,100.0
2024-03-31,Lahore,Fast Food,Fried Chicken,1107.0,13.3,81.0,3.4,43.0
2024-03-31,Lahore,Fast Food,Pizza,601.0,18.2,28.8,4.8,102.0
2024-03-31,Faisalabad,Dessert,Cakes,399.0,1.5,31.9,3.8,33.0
2024-03-31,Lahore,Cafe,Coffee & Snacks,343.0,14.1,22.1,4.8,-44.0
2024-03-31,Multan,Fast Food,Burgers,677.0,22.6,27.3,4.7,-22.0
2024-03-31,Lahore,Cafe,Bakery,365.0,5.7,36.5,5.0,17.0
2024-03-31,Multan,Fine Dining,Steakhouse,1682.0,5.4,25.7,4.5,288.0
2024-03-31,Faisalabad,Fast Food,Pizza,601.0,24.5,30.8,5.0,-38.0
2024-03-31,Lahore,Cloud Kitchen,Chinese,1061.0,12.6,37.5,4.3,131.0
2024-03-31,Multan,Cafe,Bakery,566.0,5.3,35.5,4.6,27.0
2024-04-01,Karachi,Fine Dining,Continental,1787.0,21.8,34.0,4.0,31.0
2024-04-01,Islamabad,Cloud Kitchen,Italian,1095.0,12.7,33.8,4.0,123.0
2024-04-01,Karachi,Dessert,Bakery,631.0,11.1,35.7,4.5,75.0
2024-04-01,Karachi,Fast Food,Fried Chicken,934.0,14.2,52.0,4.0,122.0
2024-04-01,Multan,Dessert,Sweets,335.0,4.9,35.9,4.6,20.0
2024-04-01,Islamabad,Cloud Kitchen,Chinese,1640.0,10.5,38.8,4.1,219.0
2024-04-01,Karachi,Fast Food,Burgers,527.0,14.2,31.6,4.6,85.0
2024-04-01,Multan,Cafe,Coffee & Snacks,628.0,4.7,23.5,5.0,122.0
2024-04-01,Karachi,Fine Dining,Steakhouse,1791.0,13.3,37.2,4.6,207.0
2024-04-02,Islamabad,Cloud Kitchen,Indian,1822.0,3.9,25.9,4.1,454.0
2024-04-02,Lahore,Cloud Kitchen,Biryani,1108.0,14.3,28.9,4.5,183.0
2024-04-02,Lahore,Cafe,Coffee & Snacks,423.0,12.7,88.8,3.0,-22.0
2024-04-02,Karachi,Fine Dining,Fusion,1654.0,13.4,29.0,4.4,184.0
2024-04-02,Lahore,Cloud Kitchen,Biryani,1283.0,3.8,44.7,3.9,176.0
2024-04-02,Lahore,Dessert,Cakes,254.0,9.9,30.8,4.5,-5.0
2024-04-02,Lahore,Cafe,Coffee & Snacks,505.0,12.8,24.9,5.0,79.0
2024-04-03,Karachi,Fast Food,Burgers,379.0,0.5,41.3,4.7,35.0
2024-04-03,Karachi,Fast Food,Pizza,245.0,14.8,44.7,4.6,-33.0
2024-04-03,Multan,Fast Food,Sandwiches,474.0,17.0,38.9,4.3,-53.0
2024-04-03,Lahore,Fast Food,Fried Chicken,765.0,12.0,25.9,4.9,90.0
2024-04-03,Islamabad,Fast Food,Fried Chicken,280.0,2.0,35.3,4.7,-3.0
2024-04-03,Lahore,Cloud Kitchen,Indian,743.0,14.7,40.8,4.2,32.0
2024-04-04,Lahore,Cafe,Sandwiches,597.0,7.9,96.5,2.6,64.0
2024-04-04,Karachi,Fine Dining,Continental,2720.0,8.9,82.4,5.0,329.0
2024-04-04,Lahore,Dessert,Cakes,761.0,45.0,27.7,5.0,-15.0
2024-04-04,Lahore,Dessert,Ice Cream,541.0,5.7,32.3,4.5,154.0
2024-04-04,Multan,Fine Dining,Seafood,3870.0,6.9,28.7,4.3,581.0
2024-04-04,Karachi,Fast Food,Sandwiches,427.0,2.6,32.3,4.5,80.0
2024-04-04,Lahore,Cafe,Breakfast,616.0,10.1,30.3,5.0,71.0
2024-04-04,Islamabad,Fast Food,Pizza,990.0,7.1,36.9,4.9,124.0
2024-04-04,Karachi,Fine Dining,Seafood,3465.0,3.4,38.4,4.7,595.0
2024-04-04,Multan,Dessert,Sweets,236.0,36.4,33.9,4.6,-76.0
2024-04-05,Karachi,Cloud Kitchen,Italian,2321.0,26.4,39.6,5.0,122.0
2024-04-05,Karachi,Fast Food,Fried Chicken,950.0,8.0,25.8,4.5,142.0
2024-04-05,Karachi,Cloud Kitchen,Italian,2450.0,16.1,32.6,4.1,278.0
2024-04-05,Islamabad,Cafe,Sandwiches,13838.04350119248,4.1,34.0,4.5,-5994.457890780826
2024-04-05,Islamabad,Fast Food,Fried Chicken,308.0,11.0,31.0,5.0,-83.0
2024-04-05,Islamabad,Fast Food,Pizza,313.0,10.5,34.5,3.9,-39.0
2024-04-05,Faisalabad,Cloud Kitchen,Biryani,1315.0,7.5,22.6,4.8,214.0
2024-04-05,Lahore,Cafe,Breakfast,348.0,7.6,43.2,4.3,-21.0
2024-04-05,Lahore,Dessert,Sweets,395.0,17.2,31.2,4.1,19.0
2024-04-06,Lahore,Cloud Kitchen,Indian,2410.0,11.5,46.3,3.9,340.0
2024-04-06,Faisalabad,Fast Food,Burgers,297.0,3.8,31.4,4.2,12.0
2024-04-06,Faisalabad,Cafe,Bakery,475.0,14.4,43.6,4.4,-14.0
2024-04-06,Karachi,Fast Food,Sandwiches,787.0,7.9,39.4,4.6,39.0
2024-04-06,Karachi,Dessert,Ice Cream,414.0,17.0,43.8,4.1,-40.0
2024-04-06,Lahore,Fast Food,Burgers,614.0,22.9,18.3,4.7,8.0
2024-04-07,Lahore,Cloud Kitchen,Italian,607.0,11.1,23.8,5.0,37.0
2024-04-07,Lahore,Cloud Kitchen,Chinese,2828.0,8.2,36.8,4.2,444.0
2024-04-07,Islamabad,Fine Dining,Continental,1010.0,3.8,10.5,5.0,206.0
2024-04-07,Multan,Cloud Kitchen,Indian,2765.0,6.9,26.5,4.9,495.0
2024-04-07,Faisalabad,Fine Dining,Seafood,1669.0,6.3,38.4,4.7,184.0
2024-04-07,Lahore,Fine Dining,Steakhouse,3220.0,45.0,42.0,4.3,-313.0
2024-04-07,Karachi,Cafe,Coffee & Snacks,979.0,19.7,33.5,4.6,85.0
2024-04-07,Lahore,Cloud Kitchen,Indian,2917.0,14.2,32.8,5.0,349.0
2024-04-07,Lahore,Dessert,Bakery,896.0,15.7,25.4,4.9,146.0
2024-04-08,Karachi,Fine Dining,Seafood,5353.0,20.3,30.7,4.7,460.0
2024-04-08,Islamabad,Fine Dining,Continental,4659.0,12.0,34.3,4.3,550.0
2024-04-08,Lahore,Fine Dining,Steakhouse,1505.0,13.7,30.0,4.8,147.0
2024-04-08,Karachi,Cafe,Breakfast,612.0,1.3,38.4,4.5,100.0
2024-04-08,Faisalabad,Fast Food,Sandwiches,377.0,24.3,42.3,3.9,-28.0
2024-04-08,Lahore,Fast Food,Pizza,660.0,10.9,24.5,5.0,32.0
2024-04-08,Islamabad,Fast Food,Burgers,420.0,8.7,32.5,5.0,24.0
2024-04-08,Lahore,Fast Food,Sandwiches,583.0,16.6,38.5,4.4,12.0
2024-04-08,Karachi,Cafe,Breakfast,612.0,5.8,33.6,5.0,98.0
2024-04-08,Lahore,Fast Food,Fried Chicken,351.0,18.1,35.2,4.5,-12.0
2024-04-09,Karachi,Dessert,Cakes,316.0,6.9,28.9,4.3,29.0
2024-04-09,Faisalabad,Fast Food,Sandwiches,1265.0,13.5,22.6,4.6,209.0
2024-04-09,Faisalabad,Fast Food,Burgers,516.0,9.8,30.7,4.5,82.0
2024-04-09,Islamabad,Cloud Kitchen,Chinese,2613.0,12.5,41.4,3.9,373.0
2024-04-09,Islamabad,Fast Food,Burgers,1000.0,8.5,20.4,4.7,160.0
2024-04-09,Lahore,Cloud Kitchen,Chinese,1639.0,17.6,25.1,4.7,102.0
2024-04-09,Faisalabad,Fast Food,Fried Chicken,776.0,14.7,93.7,3.0,-17.0
2024-04-09,Karachi,Fine Dining,Steakhouse,3557.0,4.1,33.4,4.2,691.0
2024-04-09,Karachi,Fast Food,Burgers,357.0,4.0,32.9,4.6,26.0
2024-04-09,Lahore,Fast Food,Pizza,736.0,11.1,32.3,3.9,92.0
2024-04-10,Faisalabad,Cafe,Coffee & Snacks,175.0,13.3,22.0,4.8,42.0
2024-04-10,Lahore,Fast Food,Pizza,276.0,16.7,43.6,4.5,10.0
2024-04-10,Lahore,Cafe,Bakery,746.0,6.2,22.1,4.6,93.0
2024-04-10,Lahore,Fast Food,Pizza,331.0,17.6,47.7,4.2,-78.0
2024-04-10,Karachi,Cloud Kitchen,Biryani,1272.0,0.8,20.2,4.6,260.0
2024-04-10,Lahore,Cafe,Breakfast,932.0,6.6,46.6,4.4,153.0
2024-04-10,Lahore,Cloud Kitchen,Biryani,1570.0,8.5,38.6,4.3,261.0
2024-04-10,Karachi,Cloud Kitchen,Biryani,882.0,20.7,30.1,4.2,-18.0
2024-04-10,Lahore,Cloud Kitchen,Italian,1230.0,1.3,36.2,5.0,227.0
2024-04-10,Lahore,Fast Food,Sandwiches,934.0,13.1,29.2,5.0,121.0
2024-04-10,Karachi,Fast Food,Burgers,701.0,10.0,35.3,4.9,-11.0
2024-04-10,Multan,Cafe,Breakfast,519.0,9.3,24.7,4.3,45.0
2024-04-11,Islamabad,Cloud Kitchen,Biryani,1027.0,16.0,30.0,4.5,154.0
2024-04-11,Lahore,Cloud Kitchen,Biryani,2064.0,21.5,91.4,4.5,128.0
2024-04-11,Karachi,Cloud Kitchen,Chinese,972.0,9.0,33.8,4.5,97.0
2024-04-11,Lahore,Dessert,Cakes,217.0,10.0,34.0,4.6,-78.0
2024-04-11,Islamabad,Cloud Kitchen,Chinese,917.0,26.8,47.3,4.3,-50.0
2024-04-11,Karachi,Cafe,Sandwiches,347.0,12.3,104.5,3.1,-38.0
2024-04-11,Lahore,Cloud Kitchen,Chinese,1573.0,16.5,44.4,4.6,210.0
2024-04-11,Lahore,Fast Food,Pizza,419.0,3.0,25.4,4.2,72.0
2024-04-11,Multan,Dessert,Sweets,340.0,26.5,21.1,5.0,18.0
2024-04-11,Karachi,Cloud Kitchen,Indian,663.0,1.6,37.3,4.1,126.0
2024-04-11,Lahore,Fine Dining,Fusion,3604.0,14.5,40.6,3.6,419.0
2024-04-12,Lahore,Cafe,Sandwiches,389.0,8.8,43.2,4.3,23.0
2024-04-12,Islamabad,Cloud Kitchen,Biryani,1668.0,7.7,29.2,4.9,289.0
2024-04-12,Lahore,Dessert,Bakery,379.0,20.7,29.2,4.7,51.0
2024-04-12,Islamabad,Fast Food,Fried Chicken,427.0,6.4,32.8,4.5,-14.0
2024-04-12,Faisalabad,Cloud Kitchen,Italian,1271.0,13.5,40.6,4.3,137.0
2024-04-12,Islamabad,Cloud Kitchen,Indian,1354.0,27.3,30.5,3.9,21.0
2024-04-12,Multan,Fast Food,Burgers,691.0,12.8,34.8,4.6,7.0
2024-04-12,Faisalabad,Fast Food,Burgers,843.0,9.8,12.8,4.6,169.0
2024-04-12,Karachi,Fast Food,Sandwiches,357.0,11.6,20.2,4.6,67.0
2024-04-13,Karachi,Cloud Kitchen,Chinese,1771.0,22.3,34.9,4.1,122.0
2024-04-13,Lahore,Fast Food,Fried Chicken,314.0,17.6,43.2,4.1,-35.0
2024-04-13,Karachi,Cloud Kitchen,Italian,835.0,21.2,32.0,4.5,-17.0
2024-04-13,Karachi,Fine Dining,Fusion,2829.0,7.8,31.5,4.8,454.0
2024-04-13,Karachi,Fast Food,Burgers,832.0,32.0,28.1,4.4,-34.0
2024-04-13,Islamabad,Fast Food,Sandwiches,407.0,3.7,39.4,4.4,22.0
2024-04-13,Karachi,Fast Food,Fried Chicken,552.0,16.9,32.2,4.1,-13.0
2024-04-13,Lahore,Fast Food,Pizza,467.0,7.5,32.1,4.7,67.0
2024-04-14,Islamabad,Fast Food,Burgers,655.0,15.9,38.4,4.9,36.0
2024-04-14,Islamabad,Cloud Kitchen,Indian,1969.0,1.0,95.5,5.0,393.0
2024-04-14,Karachi,Cafe,Bakery,591.0,5.6,31.8,5.0,66.0
2024-04-14,Lahore,Dessert,Ice Cream,693.0,24.5,32.3,4.6,81.0
2024-04-14,Multan,Cafe,Bakery,493.0,4.7,40.7,4.3,51.0
2024-04-14,Karachi,Fine Dining,Steakhouse,905.0,7.7,49.2,4.1,72.0
2024-04-14,Lahore,Fast Food,Fried Chicken,201.0,18.0,39.9,4.3,-53.0
2024-04-14,Islamabad,Fine Dining,Seafood,1653.0,1.8,10.2,5.0,276.0
2024-04-15,Karachi,Cloud Kitchen,Italian,1949.0,27.4,32.2,4.0,38.0
2024-04-15,Lahore,Fine Dining,Seafood,2225.0,13.3,35.0,4.9,231.0
2024-04-15,Faisalabad,Cloud Kitchen,Chinese,1638.0,3.3,36.8,4.8,257.0
2024-04-15,Faisalabad,Cafe,Sandwiches,557.0,18.0,33.7,4.0,11.0
2024-04-15,Islamabad,Cloud Kitchen,Indian,1008.0,7.7,36.7,4.5,117.0
2024-04-15,Karachi,Cloud Kitchen,Italian,1373.0,20.7,33.4,4.3,121.0
2024-04-15,Lahore,Cloud Kitchen,Italian,1536.0,20.8,35.5,4.3,83.0
2024-04-15,Islamabad,Fast Food,Fried Chicken,554.0,7.1,36.3,4.3,49.0
2024-04-15,Multan,Cafe,Breakfast,638.0,14.3,39.2,4.8,57.0
2024-04-15,Faisalabad,Fast Food,Fried Chicken,804.0,8.2,46.2,4.2,45.0
2024-04-15,Lahore,Cafe,Coffee & Snacks,1062.0,4.9,32.7,4.6,178.0
2024-04-15,Lahore,Fast Food,Sandwiches,223.0,5.8,26.8,4.8,-25.0
2024-04-16,Faisalabad,Cloud Kitchen,Indian,2435.0,13.8,31.9,4.3,379.0
2024-04-16,Lahore,Fast Food,Burgers,14161.827239167844,4.2,40.8,4.0,-4376.1736648482565
2024-04-16,Islamabad,Fast Food,Sandwiches,729.0,12.3,53.8,4.4,41.0
2024-04-16,Islamabad,Dessert,Cakes,310.0,21.6,31.6,4.8,-42.0
2024-04-16,Multan,Dessert,Ice Cream,369.0,12.4,102.5,5.0,-50.0
2024-04-16,Islamabad,Fast Food,Fried Chicken,390.0,25.8,42.2,4.6,0.0
2024-04-17,Karachi,Cloud Kitchen,Biryani,3589.0,3.0,14.2,5.0,735.0
2024-04-17,Islamabad,Cafe,Sandwiches,415.0,6.8,91.2,4.9,-50.0
2024-04-17,Islamabad,Dessert,Sweets,313.0,9.4,19.5,5.0,56.0
2024-04-17,Karachi,Cloud Kitchen,Italian,1270.0,3.0,31.0,4.5,165.0
2024-04-17,Lahore,Cloud Kitchen,Indian,1439.0,3.1,35.3,3.7,227.0
2024-04-17,Multan,Fast Food,Sandwiches,1563.0,1.0,36.1,3.9,359.0
2024-04-17,Multan,Fast Food,Pizza,716.0,25.5,22.6,4.4,-17.0
2024-04-18,Karachi,Cloud Kitchen,Italian,889.0,12.3,29.3,4.6,89.0
2024-04-18,Karachi,Cloud Kitchen,Italian,1060.0,1.6,36.3,4.9,177.0
2024-04-18,Karachi,Fast Food,Burgers,452.0,14.7,44.4,4.1,39.0
2024-04-18,Multan,Fine Dining,Continental,1662.0,7.6,43.0,5.0,132.0
2024-04-18,Lahore,Fine Dining,Steakhouse,1953.0,18.3,34.0,4.4,82.0
2024-04-18,Lahore,Cloud Kitchen,Chinese,2678.0,13.4,23.1,4.7,317.0
2024-04-18,Faisalabad,Cafe,Breakfast,568.0,15.6,38.2,4.3,9.0
2024-04-19,Faisalabad,Fast Food,Sandwiches,774.0,31.3,32.5,4.2,-43.0
2024-04-19,Islamabad,Fine Dining,Steakhouse,2488.0,6.6,34.2,4.4,388.0
2024-04-19,Lahore,Dessert,Sweets,385.0,8.5,34.7,3.8,49.0
2024-04-19,Faisalabad,Fine Dining,Seafood,4387.0,8.7,25.0,4.8,585.0
2024-04-19,Lahore,Cloud Kitchen,Indian,2355.0,9.2,43.9,5.0,351.0
2024-04-19,Islamabad,Dessert,Cakes,924.0,10.1,32.7,4.9,221.0
2024-04-19,Islamabad,Cafe,Bakery,448.0,12.1,22.5,4.8,-35.0
2024-04-19,Lahore,Fast Food,Fried Chicken,398.0,16.6,35.8,4.9,-10.0
2024-04-20,Karachi,Fine Dining,Seafood,3652.0,2.4,30.6,4.5,700.0
2024-04-21,Multan,Cloud Kitchen,Biryani,2016.0,7.3,30.0,4.3,379.0
2024-04-21,Islamabad,Fast Food,Sandwiches,404.0,12.2,35.8,5.0,1.0
2024-04-21,Faisalabad,Cloud Kitchen,Italian,2216.0,20.3,54.4,4.2,224.0
2024-04-21,Islamabad,Cloud Kitchen,Chinese,763.0,23.7,34.6,4.3,-36.0
2024-04-21,Lahore,Cafe,Sandwiches,546.0,13.2,28.4,4.1,96.0
2024-04-22,Lahore,Cloud Kitchen,Chinese,1074.0,3.2,24.9,4.8,171.0
2024-04-22,Karachi,Fast Food,Pizza,713.0,11.1,30.8,5.0,28.0
2024-04-22,Lahore,Dessert,Sweets,914.0,12.6,38.6,4.3,208.0
2024-04-22,Karachi,Cloud Kitchen,Chinese,1711.0,22.2,20.9,4.4,100.0
2024-04-23,Lahore,Fast Food,Sandwiches,503.0,2.0,24.8,3.9,50.0
2024-04-23,Karachi,Fast Food,Fried Chicken,12159.440171494856,19.8,37.8,3.9,-4756.597242374235
2024-04-23,Karachi,Cafe,Bakery,1375.0,8.7,33.1,4.8,288.0
2024-04-23,Lahore,Fast Food,Pizza,537.0,12.0,31.0,4.9,43.0
2024-04-23,Karachi,Fast Food,Fried Chicken,356.0,11.8,84.3,3.3,-15.0
2024-04-23,Lahore,Cloud Kitchen,Indian,837.0,7.7,30.1,4.6,61.0
2024-04-23,Karachi,Fine Dining,Seafood,2877.0,13.5,35.1,4.8,351.0
2024-04-23,Faisalabad,Cafe,Coffee & Snacks,727.0,31.1,42.8,4.3,-40.0
2024-04-23,Faisalabad,Fast Food,Sandwiches,486.0,12.2,41.2,5.0,25.0
2024-04-23,Karachi,Fast Food,Burgers,714.0,15.2,31.5,4.5,73.0
2024-04-23,Lahore,Fast Food,Burgers,454.0,16.9,37.6,4.7,-21.0
2024-04-24,Multan,Fast Food,Burgers,1291.0,26.8,36.6,5.0,79.0
2024-04-24,Islamabad,Fast Food,Pizza,1527.0,32.2,29.5,4.8,37.0
2024-04-25,Karachi,Cafe,Bakery,534.0,9.3,32.4,5.0,82.0
2024-04-25,Lahore,Cloud Kitchen,Indian,785.0,1.4,24.1,4.5,128.0
2024-04-25,Lahore,Cloud Kitchen,Indian,1521.0,17.5,28.7,4.1,177.0
2024-04-25,Lahore,Cloud Kitchen,Indian,2747.0,14.0,37.2,4.9,406.0
2024-04-25,Lahore,Fast Food,Pizza,571.0,11.0,54.0,4.5,75.0
2024-04-25,Karachi,Fast Food,Sandwiches,480.0,25.2,35.4,3.9,9.0
2024-04-25,Lahore,Cafe,Coffee & Snacks,662.0,10.5,25.2,4.2,70.0
2024-04-25,Multan,Cafe,Breakfast,423.0,13.8,30.0,4.6,38.0
2024-04-25,Lahore,Dessert,Cakes,410.0,10.8,36.9,4.7,9.0
2024-04-25,Lahore,Cloud Kitchen,Italian,1757.0,1.7,31.3,4.9,342.0
2024-04-26,Islamabad,Fast Food,Fried Chicken,775.0,31.0,28.8,4.3,-39.0
2024-04-26,Karachi,Fast Food,Pizza,391.0,2.3,41.0,4.2,60.0
2024-04-26,Faisalabad,Cloud Kitchen,Italian,1718.0,11.4,44.1,4.7,238.0
2024-04-26,Karachi,Cloud Kitchen,Chinese,2059.0,25.6,18.6,4.7,97.0
2024-04-26,Lahore,Fast Food,Fried Chicken,374.0,2.8,30.1,4.3,29.0
2024-04-26,Karachi,Dessert,Cakes,515.0,9.7,36.7,5.0,62.0
2024-04-27,Islamabad,Fast Food,Fried Chicken,1108.0,22.0,40.9,4.3,79.0
2024-04-27,Faisalabad,Fast Food,Pizza,793.0,18.6,40.9,4.2,18.0
2024-04-27,Lahore,Dessert,Sweets,197.0,41.3,25.6,5.0,-8.0
2024-04-27,Faisalabad,Dessert,Sweets,218.0,9.7,35.6,4.3,-33.0
2024-04-27,Faisalabad,Cafe,Bakery,386.0,6.5,28.7,4.6,27.0
2024-04-27,Lahore,Fine Dining,Continental,2270.0,12.9,30.1,4.5,234.0
2024-04-27,Karachi,Cloud Kitchen,Italian,755.0,10.9,21.5,4.6,100.0
2024-04-27,Faisalabad,Cloud Kitchen,Italian,3179.0,16.4,30.4,5.0,402.0
2024-04-28,Lahore,Fast Food,Sandwiches,598.0,2.6,35.4,4.1,100.0
2024-04-28,Karachi,Dessert,Ice Cream,722.0,8.7,40.9,5.0,154.0
2024-04-28,Karachi,Fast Food,Fried Chicken,796.0,4.9,26.3,4.2,105.0
2024-04-28,Islamabad,Cloud Kitchen,Italian,1317.0,4.2,32.3,5.0,221.0
2024-04-29,Karachi,Cafe,Coffee & Snacks,618.0,4.4,26.4,4.7,123.0
2024-04-29,Faisalabad,Fast Food,Burgers,1563.0,1.3,22.4,5.0,412.0
2024-04-29,Islamabad,Cafe,Coffee & Snacks,531.0,7.0,26.7,4.3,75.0
2024-04-29,Karachi,Dessert,Sweets,806.0,7.1,27.6,5.0,219.0
2024-04-29,Karachi,Fast Food,Fried Chicken,430.0,17.2,31.5,5.0,40.0
2024-04-29,Faisalabad,Cafe,Breakfast,906.0,3.1,29.0,4.6,201.0
2024-04-30,Lahore,Dessert,Cakes,871.0,12.3,28.7,4.8,195.0
2024-04-30,Lahore,Cloud Kitchen,Biryani,1780.0,21.2,37.6,4.5,138.0
2024-04-30,Lahore,Cafe,Bakery,771.0,35.4,28.6,4.7,14.0
2024-04-30,Karachi,Cloud Kitchen,Italian,802.0,10.4,33.8,3.9,64.0
2024-04-30,Karachi,Dessert,Bakery,189.0,5.2,23.2,4.7,31.0
2024-04-30,Lahore,Cloud Kitchen,Biryani,1225.0,26.3,29.4,4.4,37.0
2024-04-30,Karachi,Cafe,Bakery,507.0,17.7,114.1,5.0,-116.0
2024-05-01,Karachi,Cafe,Breakfast,328.0,12.3,37.7,4.5,-2.0
2024-05-01,Karachi,Cloud Kitchen,Indian,1658.0,4.2,26.3,5.0,292.0
2024-05-01,Islamabad,Fast Food,Sandwiches,778.0,3.1,39.8,4.7,141.0
2024-05-01,Lahore,Fast Food,Sandwiches,495.0,16.6,16.8,5.0,20.0
2024-05-01,Karachi,Cloud Kitchen,Indian,1942.0,11.5,18.2,5.0,332.0
2024-05-01,Islamabad,Fine Dining,Continental,1234.0,3.1,35.4,4.0,205.0
2024-05-02,Islamabad,Cloud Kitchen,Chinese,3870.0,20.9,43.1,5.0,319.0
2024-05-02,Lahore,Cafe,Coffee & Snacks,235.0,4.8,28.5,4.6,29.0
2024-05-02,Lahore,Fine Dining,Steakhouse,2732.0,0.7,41.9,3.9,530.0
2024-05-02,Lahore,Cloud Kitchen,Indian,1231.0,8.0,23.2,4.2,191.0
2024-05-02,Lahore,Cloud Kitchen,Biryani,761.0,2.7,28.7,4.7,143.0
2024-05-03,Karachi,Cafe,Bakery,531.0,7.2,38.6,4.2,106.0
2024-05-03,Islamabad,Fine Dining,Fusion,1891.0,13.0,37.9,4.6,131.0
2024-05-03,Multan,Dessert,Bakery,536.0,18.7,39.1,5.0,30.0
2024-05-03,Islamabad,Dessert,Cakes,851.0,5.1,36.7,4.5,156.0
2024-05-03,Karachi,Fast Food,Sandwiches,309.0,23.1,85.1,3.4,-86.0
2024-05-03,Islamabad,Cloud Kitchen,Italian,1479.0,2.5,51.2,4.3,222.0
2024-05-03,Lahore,Fast Food,Fried Chicken,353.0,4.6,24.2,4.2,1.0
2024-05-04,Multan,Cafe,Bakery,338.0,11.6,23.4,5.0,-20.0
2024-05-04,Multan,Cafe,Coffee & Snacks,461.0,7.9,34.5,4.8,49.0
2024-05-04,Lahore,Fine Dining,Seafood,1362.0,19.5,23.9,4.8,35.0
2024-05-04,Karachi,Fast Food,Fried Chicken,328.0,14.8,10.6,4.6,-35.0
2024-05-05,Karachi,Cloud Kitchen,Biryani,1142.0,0.3,27.1,5.0,259.0
2024-05-05,Lahore,Fast Food,Sandwiches,376.0,4.3,27.9,4.2,-50.0
2024-05-05,Multan,Cloud Kitchen,Italian,1064.0,17.2,42.0,4.9,132.0
2024-05-05,Faisalabad,Fast Food,Pizza,624.0,8.8,22.8,5.0,64.0
2024-05-05,Lahore,Cafe,Sandwiches,415.0,11.5,17.5,4.7,22.0
2024-05-05,Faisalabad,Cafe,Breakfast,440.0,4.2,34.1,4.6,43.0
2024-05-05,Lahore,Fast Food,Burgers,940.0,18.8,28.7,4.7,123.0
2024-05-05,Islamabad,Cafe,Breakfast,682.0,3.5,23.2,4.8,137.0
2024-05-05,Multan,Cafe,Coffee & Snacks,779.0,7.7,37.1,4.0,105.0
2024-05-06,Lahore,Cloud Kitchen,Italian,1700.0,5.2,19.1,4.7,318.0
2024-05-06,Islamabad,Cafe,Coffee & Snacks,578.0,21.6,21.1,4.8,31.0
2024-05-06,Islamabad,Fast Food,Burgers,728.0,23.2,31.7,4.7,-8.0
2024-05-06,Islamabad,Dessert,Cakes,13440.071902729145,14.4,122.8,4.7,-3263.0652105711633
2024-05-07,Faisalabad,Fast Food,Sandwiches,401.0,1.2,29.8,4.2,56.0
2024-05-07,Lahore,Dessert,Cakes,390.0,5.3,47.3,3.8,37.0
2024-05-07,Faisalabad,Dessert,Sweets,235.0,14.5,36.2,3.9,-58.0
2024-05-08,Faisalabad,Dessert,Ice Cream,772.0,13.8,32.4,4.8,136.0
2024-05-08,Faisalabad,Cloud Kitchen,Biryani,2295.0,5.9,30.1,5.0,393.0
2024-05-08,Lahore,Fast Food,Burgers,433.0,13.8,27.6,4.7,-31.0
2024-05-08,Islamabad,Dessert,Cakes,367.0,30.4,27.8,4.8,-21.0
2024-05-08,Multan,Fast Food,Sandwiches,1047.0,21.1,25.4,4.8,109.0
2024-05-08,Karachi,Fine Dining,Seafood,1968.0,3.0,28.5,5.0,346.0
2024-05-08,Lahore,Fine Dining,Continental,3519.0,25.3,32.0,4.7,164.0
2024-05-08,Karachi,Fine Dining,Fusion,2416.0,11.3,96.6,3.6,210.0
2024-05-08,Faisalabad,Fast Food,Pizza,670.0,4.7,26.6,4.0,140.0
2024-05-09,Multan,Fine Dining,Continental,886.0,14.7,21.5,5.0,24.0
2024-05-09,Lahore,Dessert,Ice Cream,615.0,3.8,48.3,4.3,84.0
2024-05-09,Islamabad,Fine Dining,Fusion,1238.0,17.7,26.9,3.8,95.0
2024-05-09,Lahore,Fast Food,Sandwiches,487.0,3.9,32.8,4.4,24.0
2024-05-09,Lahore,Dessert,Sweets,164.0,0.9,27.9,4.2,-33.0
2024-05-10,Karachi,Fast Food,Fried Chicken,776.0,3.8,26.5,4.4,111.0
2024-05-10,Faisalabad,Dessert,Ice Cream,326.0,3.9,34.8,4.0,9.0
2024-05-10,Faisalabad,Cafe,Bakery,843.0,13.6,47.1,4.4,-28.0
2024-05-10,Faisalabad,Fine Dining,Seafood,2332.0,4.0,96.9,4.5,326.0
2024-05-10,Karachi,Dessert,Cakes,582.0,29.7,47.3,3.8,-39.0
2024-05-10,Karachi,Fast Food,Burgers,1354.0,2.7,36.3,4.8,330.0
2024-05-11,Karachi,Fine Dining,Continental,1240.0,2.6,34.8,5.0,107.0
2024-05-11,Lahore,Cafe,Bakery,568.0,15.6,26.8,4.4,81.0
2024-05-11,Karachi,Fast Food,Burgers,542.0,22.7,100.5,5.0,-56.0
2024-05-11,Karachi,Cloud Kitchen,Indian,342.0,11.7,28.8,5.0,-43.0
2024-05-11,Islamabad,Fine Dining,Seafood,3044.0,9.8,23.3,5.0,394.0
2024-05-12,Faisalabad,Cloud Kitchen,Indian,1287.0,6.3,23.8,5.0,208.0
2024-05-12,Karachi,Fine Dining,Seafood,1556.0,14.5,36.6,4.4,136.0
2024-05-12,Lahore,Fast Food,Sandwiches,911.0,15.7,34.6,4.0,140.0
2024-05-12,Karachi,Cafe,Coffee & Snacks,612.0,2.3,25.1,4.5,93.0
2024-05-12,Faisalabad,Dessert,Sweets,595.0,2.9,31.9,4.8,86.0
2024-05-12,Lahore,Cafe,Sandwiches,695.0,24.7,20.8,4.7,53.0
2024-05-12,Lahore,Fast Food,Burgers,638.0,9.3,44.3,3.9,87.0
2024-05-12,Faisalabad,Cloud Kitchen,Italian,862.0,16.7,46.8,3.7,71.0
2024-05-12,Karachi,Cafe,Breakfast,731.0,35.5,49.7,3.8,-19.0
2024-05-13,Karachi,Cloud Kitchen,Indian,1105.0,10.1,25.3,5.0,116.0
2024-05-13,Lahore,Fast Food,Burgers,1410.0,12.1,31.9,4.9,262.0
2024-05-13,Faisalabad,Fast Food,Pizza,713.0,14.1,29.8,4.4,48.0
2024-05-14,Karachi,Fast Food,Pizza,484.0,2.6,39.4,4.9,61.0
2024-05-14,Islamabad,Cloud Kitchen,Biryani,1142.0,45.0,24.6,4.6,-186.0
2024-05-14,Karachi,Fast Food,Burgers,1593.0,10.8,12.8,5.0,319.0
2024-05-14,Karachi,Fast Food,Burgers,1358.0,16.0,36.6,3.8,132.0
2024-05-14,Islamabad,Dessert,Ice Cream,9977.765269285732,12.0,29.4,5.0,-3587.6187055248824
2024-05-14,Faisalabad,Cloud Kitchen,Italian,1402.0,8.4,27.7,5.0,219.0
2024-05-14,Islamabad,Dessert,Bakery,331.0,26.5,28.8,4.7,21.0
2024-05-14,Lahore,Cafe,Bakery,1392.0,21.3,17.7,4.7,103.0
2024-05-15,Karachi,Dessert,Cakes,590.0,13.6,23.4,3.8,77.0
2024-05-15,Multan,Fine Dining,Steakhouse,2282.0,23.0,30.0,4.5,72.0
2024-05-15,Lahore,Fast Food,Pizza,678.0,4.0,38.8,4.0,66.0
2024-05-15,Karachi,Dessert,Sweets,488.0,3.9,41.6,4.7,94.0
2024-05-15,Karachi,Cafe,Bakery,268.0,7.7,20.8,4.8,63.0
2024-05-15,Lahore,Fast Food,Fried Chicken,650.0,15.5,33.0,4.9,36.0
2024-05-15,Lahore,Cloud Kitchen,Italian,720.0,23.1,26.8,4.9,36.0
2024-05-15,Lahore,Cafe,Coffee & Snacks,426.0,7.5,42.3,3.9,92.0
2024-05-16,Karachi,Cafe,Bakery,628.0,9.5,43.4,4.5,-31.0
2024-05-16,Faisalabad,Cafe,Sandwiches,455.0,1.1,33.2,4.5,100.0
2024-05-16,Lahore,Cafe,Bakery,421.0,9.4,23.2,5.0,69.0
2024-05-16,Lahore,Fast Food,Burgers,526.0,7.7,33.4,4.5,62.0
2024-05-16,Islamabad,Dessert,Ice Cream,453.0,4.2,38.2,4.6,83.0
2024-05-16,Lahore,Cafe,Breakfast,1427.0,0.5,43.3,4.1,332.0
2024-05-17,Lahore,Cloud Kitchen,Indian,1013.0,4.1,24.8,4.8,202.0
2024-05-17,Karachi,Fast Food,Sandwiches,1132.0,22.4,30.5,4.6,169.0
2024-05-17,Faisalabad,Cloud Kitchen,Biryani,1751.0,7.6,37.9,3.9,234.0
2024-05-17,Multan,Fast Food,Pizza,324.0,18.2,43.4,3.8,-44.0
2024-05-17,Faisalabad,Cafe,Breakfast,365.0,4.8,20.3,4.7,26.0
2024-05-17,Karachi,Cloud Kitchen,Biryani,684.0,8.9,37.8,4.4,62.0
2024-05-17,Multan,Fine Dining,Continental,1043.0,11.5,36.6,4.4,104.0
2024-05-17,Islamabad,Cafe,Breakfast,693.0,2.2,35.9,4.6,122.0
2024-05-17,Lahore,Fast Food,Burgers,511.0,13.3,90.0,4.0,16.0
2024-05-18,Lahore,Dessert,Sweets,407.0,23.1,23.1,4.8,-40.0
2024-05-18,Islamabad,Cloud Kitchen,Chinese,1941.0,19.5,30.0,5.0,157.0
2024-05-18,Lahore,Cafe,Sandwiches,393.0,9.9,26.5,4.5,39.0
2024-05-18,Lahore,Cafe,Sandwiches,1150.0,9.1,21.2,4.6,240.0
2024-05-18,Islamabad,Cafe,Sandwiches,236.0,2.9,19.9,4.9,38.0
2024-05-18,Multan,Fine Dining,Steakhouse,2241.0,3.9,31.4,4.4,346.0
2024-05-18,Islamabad,Fast Food,Fried Chicken,874.0,9.7,36.3,3.9,119.0
2024-05-18,Lahore,Fast Food,Burgers,619.0,2.2,27.9,5.0,140.0
2024-05-18,Karachi,Dessert,Sweets,388.0,9.3,30.8,4.9,24.0
2024-05-18,Lahore,Cloud Kitchen,Italian,1335.0,9.2,30.1,4.5,196.0
2024-05-19,Lahore,Cloud Kitchen,Italian,1479.0,1.4,28.5,4.1,333.0
2024-05-19,Karachi,Fast Food,Burgers,1438.0,12.3,40.7,4.6,227.0
2024-05-19,Karachi,Fine Dining,Continental,1275.0,1.2,34.5,5.0,207.0
2024-05-19,Karachi,Fast Food,Burgers,455.0,9.3,32.5,4.6,58.0
2024-05-19,Lahore,Cloud Kitchen,Indian,708.0,11.3,79.4,4.0,-44.0
2024-05-19,Faisalabad,Cloud Kitchen,Indian,1733.0,14.8,34.4,4.4,220.0
2024-05-19,Karachi,Fast Food,Pizza,520.0,9.6,49.6,4.4,50.0
2024-05-19,Islamabad,Fast Food,Fried Chicken,396.0,12.5,42.3,4.5,56.0
2024-05-20,Lahore,Fast Food,Fried Chicken,748.0,3.7,26.6,4.4,119.0
2024-05-20,Karachi,Fast Food,Sandwiches,468.0,11.8,33.8,4.9,49.0
2024-05-20,Islamabad,Cloud Kitchen,Indian,1149.0,13.4,28.8,4.6,135.0
2024-05-20,Karachi,Fast Food,Sandwiches,510.0,23.9,104.0,5.0,-104.0
2024-05-20,Faisalabad,Cloud Kitchen,Chinese,10870.232046525558,6.9,37.1,4.2,-3719.796457848344
2024-05-20,Islamabad,Cloud Kitchen,Italian,753.0,7.5,25.5,5.0,139.0
2024-05-20,Faisalabad,Cloud Kitchen,Biryani,1874.0,5.5,19.9,5.0,352.0
2024-05-20,Islamabad,Cafe,Sandwiches,426.0,32.8,91.7,3.6,-166.0
2024-05-20,Karachi,Fast Food,Pizza,316.0,6.7,16.3,4.3,-1.0
2024-05-20,Karachi,Fast Food,Burgers,516.0,3.1,37.0,4.6,107.0
2024-05-20,Islamabad,Fine Dining,Steakhouse,2231.0,24.9,37.5,4.4,56.0
2024-05-20,Karachi,Cafe,Bakery,826.0,6.8,21.1,4.8,81.0
2024-05-20,Karachi,Cafe,Sandwiches,493.0,11.9,32.3,4.3,34.0
2024-05-21,Lahore,Cloud Kitchen,Indian,1187.0,9.3,41.9,4.6,176.0
2024-05-21,Multan,Cafe,Bakery,803.0,17.1,36.7,4.6,46.0
2024-05-21,Islamabad,Fast Food,Burgers,1124.0,5.3,26.2,4.5,167.0
2024-05-21,Lahore,Fast Food,Sandwiches,9616.869580017828,45.0,40.2,4.2,-4197.519497564699
2024-05-21,Faisalabad,Cloud Kitchen,Chinese,699.0,10.0,27.2,4.9,18.0
2024-05-21,Karachi,Fast Food,Burgers,488.0,3.5,39.4,4.2,24.0
2024-05-21,Lahore,Fast Food,Sandwiches,930.0,6.4,22.3,4.7,158.0
2024-05-21,Lahore,Dessert,Sweets,296.0,6.6,41.1,4.4,33.0
2024-05-22,Karachi,Fast Food,Fried Chicken,409.0,6.2,32.1,4.8,61.0
2024-05-22,Multan,Cafe,Bakery,627.0,4.5,30.1,5.0,123.0
2024-05-22,Karachi,Cafe,Coffee & Snacks,577.0,4.3,28.7,4.7,83.0
2024-05-22,Lahore,Cafe,Breakfast,495.0,10.0,25.4,5.0,91.0
2024-05-22,Lahore,Fine Dining,Continental,2111.0,4.2,28.0,4.5,397.0
2024-05-22,Islamabad,Fast Food,Pizza,1396.0,2.1,29.4,5.0,310.0
2024-05-22,Islamabad,Fast Food,Fried Chicken,760.0,12.6,39.7,4.4,43.0
2024-05-22,Lahore,Cloud Kitchen,Indian,1186.0,7.1,32.5,5.0,173.0
2024-05-23,Karachi,Cloud Kitchen,Indian,2457.0,5.0,41.5,4.4,387.0
2024-05-23,Lahore,Fast Food,Fried Chicken,471.0,22.5,30.9,4.8,-39.0
2024-05-23,Multan,Cloud Kitchen,Chinese,1424.0,2.7,34.0,4.6,221.0
2024-05-23,Lahore,Cafe,Breakfast,755.0,36.6,31.6,4.0,-2.0
2024-05-23,Karachi,Dessert,Ice Cream,486.0,10.2,40.9,4.8,85.0
2024-05-23,Islamabad,Fine Dining,Fusion,3449.0,20.2,10.0,5.0,220.0
2024-05-23,Karachi,Fine Dining,Fusion,2700.0,11.3,17.6,4.3,341.0
2024-05-23,Karachi,Dessert,Bakery,604.0,6.6,25.2,5.0,144.0
2024-05-23,Faisalabad,Cloud Kitchen,Chinese,1010.0,9.1,31.5,3.9,149.0
2024-05-23,Islamabad,Fast Food,Pizza,1055.0,17.5,26.2,4.5,106.0
2024-05-24,Lahore,Cloud Kitchen,Italian,782.0,7.4,43.3,4.0,8.0
2024-05-24,Faisalabad,Fast Food,Fried Chicken,395.0,5.7,34.1,4.0,48.0
2024-05-24,Islamabad,Cloud Kitchen,Chinese,995.0,34.6,25.0,5.0,-20.0
2024-05-24,Faisalabad,Cloud Kitchen,Biryani,1768.0,11.7,100.5,3.7,172.0
2024-05-24,Karachi,Fine Dining,Fusion,2453.0,4.7,24.0,4.9,386.0
2024-05-24,Islamabad,Fine Dining,Fusion,14207.536164241777,6.4,36.0,4.6,-3009.7674114126457
2024-05-24,Islamabad,Cloud Kitchen,Indian,1780.0,11.7,27.6,5.0,220.0
2024-05-24,Lahore,Fast Food,Sandwiches,560.0,3.0,40.2,4.2,33.0
2024-05-24,Islamabad,Cafe,Bakery,1383.0,11.1,34.2,4.0,262.0
2024-05-24,Multan,Dessert,Bakery,757.0,12.8,21.1,4.7,148.0
2024-05-25,Multan,Fine Dining,Steakhouse,3960.0,7.5,10.8,4.8,631.0
2024-05-25,Islamabad,Fine Dining,Fusion,4668.0,7.5,47.1,3.9,725.0
2024-05-25,Islamabad,Dessert,Cakes,620.0,10.5,31.4,5.0,125.0
2024-05-25,Islamabad,Fast Food,Sandwiches,254.0,25.0,31.2,4.8,-21.0
2024-05-25,Karachi,Cloud Kitchen,Biryani,1012.0,2.2,34.5,4.7,146.0
2024-05-25,Islamabad,Fast Food,Sandwiches,903.0,12.4,41.1,3.8,148.0
2024-05-25,Islamabad,Dessert,Bakery,465.0,5.0,41.4,4.7,65.0
2024-05-26,Karachi,Cafe,Breakfast,862.0,5.9,42.9,4.5,84.0
2024-05-26,Islamabad,Fast Food,Fried Chicken,512.0,5.5,39.0,4.2,78.0
2024-05-26,Karachi,Cafe,Bakery,662.0,9.4,38.3,4.4,98.0
2024-05-26,Lahore,Dessert,Sweets,362.0,10.8,25.4,4.1,19.0
2024-05-26,Karachi,Cafe,Sandwiches,267.0,2.2,35.2,4.9,-11.0
2024-05-26,Faisalabad,Cloud Kitchen,Chinese,2232.0,7.5,40.7,4.4,310.0
2024-05-26,Lahore,Dessert,Cakes,281.0,17.8,27.4,4.9,0.0
2024-05-26,Islamabad,Fine Dining,Steakhouse,2346.0,9.7,22.5,4.1,292.0
2024-05-26,Karachi,Fast Food,Pizza,560.0,10.8,35.8,4.5,73.0
2024-05-26,Karachi,Dessert,Cakes,575.0,16.4,35.1,4.7,57.0
2024-05-27,Lahore,Cloud Kitchen,Italian,1146.0,8.8,32.2,4.7,144.0
2024-05-27,Lahore,Fast Food,Sandwiches,1157.0,7.8,29.1,4.4,264.0
2024-05-27,Faisalabad,Cafe,Sandwiches,512.0,9.6,22.1,4.7,39.0
2024-05-27,Karachi,Cafe,Coffee & Snacks,442.0,11.2,53.9,4.0,7.0
2024-05-27,Islamabad,Fast Food,Sandwiches,248.0,5.2,43.9,5.0,-72.0
2024-05-27,Lahore,Dessert,Sweets,578.0,3.8,29.6,4.7,102.0
2024-05-27,Lahore,Cafe,Sandwiches,615.0,7.1,26.1,4.5,32.0
2024-05-27,Karachi,Dessert,Ice Cream,217.0,9.1,21.1,4.7,-17.0
2024-05-27,Faisalabad,Cafe,Coffee & Snacks,538.0,9.3,28.7,4.6,89.0
2024-05-27,Karachi,Fast Food,Sandwiches,418.0,9.2,34.3,4.4,4.0
2024-05-27,Lahore,Cafe,Bakery,1142.0,9.8,27.2,4.9,240.0
2024-05-27,Islamabad,Cafe,Coffee & Snacks,654.0,1.9,29.3,4.1,131.0
2024-05-28,Islamabad,Fine Dining,Steakhouse,4166.0,29.8,26.8,4.7,9.0
2024-05-28,Multan,Cloud Kitchen,Biryani,4130.0,9.3,42.4,4.7,673.0
2024-05-28,Lahore,Fast Food,Sandwiches,819.0,13.4,15.6,5.0,140.0
2024-05-28,Faisalabad,Fast Food,Sandwiches,1259.0,6.9,33.3,4.6,252.0
2024-05-28,Karachi,Dessert,Bakery,428.0,7.0,40.0,3.5,121.0
2024-05-28,Karachi,Cafe,Sandwiches,670.0,19.3,42.2,4.1,53.0
2024-05-28,Karachi,Cloud Kitchen,Chinese,870.0,1.9,33.0,4.6,104.0
2024-05-28,Lahore,Dessert,Cakes,930.0,45.0,38.9,4.5,-15.0
2024-05-28,Lahore,Fast Food,Burgers,956.0,13.5,25.5,4.3,128.0
2024-05-28,Karachi,Cloud Kitchen,Indian,3134.0,13.3,42.6,4.2,426.0
2024-05-29,Faisalabad,Cloud Kitchen,Italian,1654.0,18.6,35.3,4.8,125.0
2024-05-29,Islamabad,Cloud Kitchen,Indian,2464.0,14.0,33.0,4.1,308.0
2024-05-29,Islamabad,Cloud Kitchen,Italian,2008.0,8.3,36.3,4.1,314.0
2024-05-29,Karachi,Cafe,Sandwiches,591.0,18.4,29.7,4.9,80.0
2024-05-29,Lahore,Cafe,Bakery,681.0,15.4,45.0,4.4,33.0
2024-05-29,Faisalabad,Dessert,Sweets,197.0,7.5,21.9,5.0,32.0
2024-05-29,Lahore,Cafe,Bakery,1642.0,6.2,22.1,4.8,351.0
2024-05-29,Karachi,Cloud Kitchen,Italian,1513.0,14.2,25.1,4.4,155.0
2024-05-30,Karachi,Fast Food,Pizza,766.0,11.1,85.3,4.2,14.0
2024-05-30,Lahore,Fine Dining,Steakhouse,3195.0,7.0,37.5,4.0,449.0
2024-05-30,Lahore,Cafe,Bakery,642.0,4.0,29.0,4.7,98.0
2024-05-30,Lahore,Fast Food,Fried Chicken,592.0,22.2,32.1,5.0,23.0
2024-05-31,Karachi,Fast Food,Burgers,659.0,10.0,29.7,4.3,96.0
2024-05-31,Karachi,Cafe,Bakery,512.0,8.9,53.4,3.7,-75.0
2024-05-31,Karachi,Fast Food,Fried Chicken,209.0,34.9,35.2,4.8,-95.0
2024-05-31,Faisalabad,Fine Dining,Seafood,2971.0,3.9,20.1,4.7,520.0
2024-06-01,Lahore,Fast Food,Pizza,1729.0,10.7,26.5,5.0,270.0
2024-06-01,Islamabad,Cloud Kitchen,Chinese,2975.0,2.7,22.3,4.9,563.0
2024-06-01,Faisalabad,Cafe,Breakfast,822.0,6.8,28.5,4.5,109.0
2024-06-01,Lahore,Fast Food,Sandwiches,455.0,5.1,37.4,4.0,25.0
2024-06-01,Karachi,Cloud Kitchen,Italian,1349.0,18.5,35.4,4.2,102.0
2024-06-01,Karachi,Fast Food,Pizza,884.0,11.3,30.4,4.7,94.0
2024-06-01,Lahore,Dessert,Cakes,360.0,19.0,25.7,4.7,8.0
2024-06-01,Multan,Cafe,Breakfast,427.0,31.1,32.9,4.5,-35.0
2024-06-02,Karachi,Cafe,Breakfast,600.0,4.5,37.3,4.4,40.0
2024-06-02,Multan,Cafe,Bakery,798.0,18.8,19.4,4.7,118.0
2024-06-02,Multan,Cloud Kitchen,Chinese,2158.0,26.5,99.9,4.7,61.0
2024-06-02,Karachi,Cloud Kitchen,Biryani,1005.0,11.4,34.7,4.0,124.0
2024-06-02,Karachi,Fast Food,Burgers,506.0,1.0,38.2,4.4,7.0
2024-06-02,Lahore,Cafe,Breakfast,350.0,4.2,46.5,4.2,-28.0
2024-06-03,Lahore,Fine Dining,Continental,1250.0,19.7,31.3,4.5,69.0
2024-06-03,Karachi,Fast Food,Pizza,804.0,13.0,26.3,4.6,90.0
2024-06-03,Karachi,Cafe,Coffee & Snacks,909.0,11.8,38.0,4.8,126.0
2024-06-03,Karachi,Fast Food,Pizza,675.0,10.7,29.8,4.4,62.0
2024-06-03,Lahore,Fast Food,Pizza,823.0,6.9,25.3,4.8,161.0
2024-06-03,Islamabad,Dessert,Sweets,393.0,11.6,39.7,5.0,63.0
2024-06-03,Karachi,Cafe,Bakery,933.0,5.4,36.2,4.3,167.0
2024-06-03,Islamabad,Fine Dining,Fusion,2028.0,28.6,20.7,4.8,-39.0
2024-06-03,Karachi,Fast Food,Burgers,495.0,9.2,26.9,5.0,72.0
2024-06-04,Islamabad,Cafe,Breakfast,528.0,41.3,31.4,4.1,-69.0
2024-06-04,Multan,Dessert,Cakes,337.0,12.5,35.5,4.5,-16.0
2024-06-04,Lahore,Cafe,Sandwiches,263.0,1.7,34.5,5.0,15.0
2024-06-04,Lahore,Cloud Kitchen,Chinese,624.0,16.2,39.8,3.5,-0.0
2024-06-05,Islamabad,Cloud Kitchen,Indian,2130.0,7.4,39.4,4.0,379.0
2024-06-05,Karachi,Fast Food,Burgers,649.0,3.0,25.3,5.0,132.0
2024-06-05,Karachi,Cafe,Sandwiches,706.0,6.9,45.3,4.3,89.0
2024-06-05,Lahore,Cloud Kitchen,Chinese,929.0,7.0,41.5,4.5,90.0
2024-06-05,Islamabad,Cloud Kitchen,Indian,1428.0,3.0,32.4,4.8,260.0
2024-06-05,Islamabad,Fine Dining,Continental,2540.0,32.2,29.3,4.9,-6.0
2024-06-05,Karachi,Cafe,Bakery,468.0,3.8,27.5,4.2,113.0
2024-06-05,Multan,Cafe,Coffee & Snacks,662.0,8.0,40.2,4.4,45.0
2024-06-05,Faisalabad,Fast Food,Burgers,340.0,3.5,33.7,4.5,-61.0
2024-06-05,Lahore,Cloud Kitchen,Italian,1133.0,10.4,48.8,4.0,118.0
2024-06-05,Lahore,Cloud Kitchen,Biryani,1313.0,9.8,32.9,4.6,156.0
2024-06-05,Lahore,Dessert,Cakes,584.0,7.9,26.6,5.0,84.0
2024-06-06,Karachi,Cloud Kitchen,Italian,1771.0,5.0,28.1,5.0,312.0
2024-06-06,Karachi,Cafe,Bakery,15943.033839814405,16.8,25.6,4.3,-4772.6485717048
2024-06-06,Karachi,Cafe,Sandwiches,1020.0,9.2,49.4,4.1,156.0
2024-06-06,Lahore,Fast Food,Burgers,1040.0,18.7,29.2,5.0,102.0
2024-06-06,Islamabad,Dessert,Cakes,779.0,13.3,33.9,4.0,53.0
2024-06-06,Lahore,Cafe,Coffee & Snacks,329.0,21.1,38.5,4.9,-13.0
2024-06-07,Karachi,Fast Food,Burgers,720.0,16.3,30.8,4.0,91.0
2024-06-08,Islamabad,Fine Dining,Seafood,2130.0,0.4,33.4,4.1,374.0
2024-06-08,Islamabad,Fine Dining,Steakhouse,1844.0,18.1,26.9,4.6,167.0
2024-06-08,Islamabad,Fast Food,Burgers,11456.669635286835,7.3,43.7,4.2,-5873.2239935217
2024-06-08,Lahore,Cafe,Coffee & Snacks,595.0,23.3,30.5,4.5,17.0
2024-06-08,Karachi,Cloud Kitchen,Indian,2008.0,12.9,17.1,5.0,304.0
2024-06-08,Lahore,Fine Dining,Fusion,1547.0,14.4,31.0,4.9,129.0
2024-06-08,Multan,Dessert,Bakery,495.0,19.8,26.7,5.0,19.0
2024-06-08,Lahore,Cafe,Sandwiches,1024.0,13.4,42.8,4.3,132.0
2024-06-08,Faisalabad,Cafe,Breakfast,658.0,34.2,34.7,4.7,15.0
2024-06-08,Karachi,Cafe,Breakfast,559.0,9.8,38.2,4.2,-17.0
2024-06-08,Lahore,Cafe,Breakfast,622.0,6.3,28.8,4.5,123.0
2024-06-08,Lahore,Cloud Kitchen,Chinese,1168.0,1.8,31.6,5.0,199.0
2024-06-08,Karachi,Cloud Kitchen,Chinese,1019.0,13.6,33.9,3.9,90.0
2024-06-09,Islamabad,Fast Food,Pizza,694.0,8.4,23.8,4.8,105.0
2024-06-09,Karachi,Dessert,Sweets,421.0,6.3,30.8,5.0,97.0
2024-06-09,Karachi,Cloud Kitchen,Biryani,812.0,5.3,40.6,3.8,127.0
2024-06-09,Karachi,Fast Food,Fried Chicken,726.0,2.5,37.8,4.6,205.0
2024-06-09,Islamabad,Cloud Kitchen,Chinese,635.0,20.4,33.3,4.5,4.0
2024-06-09,Karachi,Cloud Kitchen,Chinese,885.0,0.8,41.0,3.8,77.0
2024-06-09,Karachi,Cafe,Breakfast,9608.486749100188,14.2,16.7,4.9,-4931.3176283148
2024-06-09,Lahore,Cloud Kitchen,Italian,993.0,11.0,25.6,4.4,66.0
2024-06-09,Lahore,Dessert,Ice Cream,506.0,14.0,48.3,4.2,55.0
2024-06-09,Islamabad,Fine Dining,Seafood,3532.0,1.4,31.3,4.4,675.0
2024-06-09,Islamabad,Cafe,Bakery,487.0,6.8,30.5,4.5,52.0
2024-06-09,Karachi,Dessert,Bakery,505.0,8.3,32.8,4.6,101.0
2024-06-09,Karachi,Cafe,Sandwiches,390.0,8.1,36.1,4.6,33.0
2024-06-09,Lahore,Cloud Kitchen,Italian,1062.0,28.8,50.1,4.7,-27.0
2024-06-09,Islamabad,Cafe,Breakfast,529.0,15.5,10.0,5.0,-28.0
2024-06-09,Lahore,Dessert,Ice Cream,606.0,7.5,29.6,3.8,148.0
2024-06-10,Islamabad,Cafe,Sandwiches,587.0,2.2,37.7,4.3,135.0
2024-06-10,Karachi,Fast Food,Burgers,1205.0,14.9,18.5,4.1,203.0
2024-06-10,Lahore,Cafe,Sandwiches,1109.0,12.7,38.6,4.3,216.0
2024-06-10,Karachi,Cafe,Coffee & Snacks,425.0,13.9,21.3,4.3,85.0
2024-06-10,Karachi,Dessert,Sweets,471.0,11.1,36.7,4.6,65.0
2024-06-10,Karachi,Fine Dining,Continental,2550.0,15.7,27.2,4.6,224.0
2024-06-10,Multan,Cloud Kitchen,Indian,1091.0,8.5,37.8,4.7,125.0
2024-06-10,Lahore,Cloud Kitchen,Chinese,1087.0,7.7,30.3,4.4,152.0
2024-06-10,Faisalabad,Fast Food,Fried Chicken,727.0,36.8,36.1,4.2,-108.0
2024-06-10,Lahore,Cloud Kitchen,Biryani,1750.0,14.6,35.8,4.5,262.0
2024-06-10,Islamabad,Fast Food,Burgers,763.0,12.8,15.8,5.0,92.0
2024-06-10,Lahore,Dessert,Ice Cream,678.0,17.7,37.5,4.8,113.0
2024-06-10,Karachi,Cloud Kitchen,Italian,794.0,12.4,19.3,5.0,83.0
2024-06-10,Islamabad,Cafe,Bakery,478.0,5.3,40.3,4.6,36.0
2024-06-11,Islamabad,Cloud Kitchen,Indian,941.0,2.6,41.3,4.4,136.0
2024-06-11,Islamabad,Cafe,Bakery,277.0,8.0,35.3,4.0,-23.0
2024-06-11,Multan,Cafe,Breakfast,1032.0,36.2,19.5,4.9,65.0
2024-06-12,Karachi,Dessert,Sweets,623.0,10.3,27.1,4.7,104.0
2024-06-12,Lahore,Cloud Kitchen,Chinese,1111.0,12.3,48.7,4.2,62.0
2024-06-12,Karachi,Fast Food,Pizza,457.0,1.9,40.3,4.1,63.0
2024-06-12,Faisalabad,Fine Dining,Seafood,2062.0,3.2,28.1,3.7,317.0
2024-06-12,Karachi,Cafe,Sandwiches,525.0,15.9,29.9,3.9,70.0
2024-06-13,Karachi,Fast Food,Pizza,468.0,11.0,32.5,4.6,30.0
2024-06-13,Islamabad,Fast Food,Pizza,736.0,15.1,18.0,5.0,42.0
2024-06-13,Karachi,Fast Food,Burgers,490.0,5.5,41.8,4.1,18.0
2024-06-13,Faisalabad,Cafe,Coffee & Snacks,866.0,2.7,33.9,4.7,207.0
2024-06-13,Karachi,Dessert,Bakery,486.0,5.5,30.3,4.4,108.0
2024-06-13,Multan,Cafe,Bakery,598.0,9.8,37.8,4.4,53.0
2024-06-13,Lahore,Fast Food,Fried Chicken,1187.0,45.0,44.1,5.0,-95.0
2024-06-14,Faisalabad,Fast Food,Fried Chicken,1177.0,17.9,17.3,4.7,103.0
2024-06-14,Lahore,Fine Dining,Steakhouse,1149.0,11.2,91.2,3.4,62.0
2024-06-14,Islamabad,Cafe,Coffee & Snacks,483.0,8.5,33.8,5.0,64.0
2024-06-14,Lahore,Fast Food,Burgers,426.0,8.4,22.6,4.8,5.0
2024-06-14,Faisalabad,Fast Food,Fried Chicken,386.0,14.3,31.8,3.9,6.0
2024-06-14,Islamabad,Fine Dining,Fusion,1953.0,3.9,25.7,4.7,264.0
2024-06-14,Faisalabad,Cloud Kitchen,Biryani,760.0,10.7,35.2,4.2,125.0
2024-06-14,Karachi,Fast Food,Sandwiches,830.0,10.1,30.0,4.5,127.0
2024-06-14,Lahore,Dessert,Sweets,1086.0,4.8,19.6,5.0,270.0
2024-06-14,Lahore,Fast Food,Fried Chicken,825.0,15.3,23.1,4.3,55.0
2024-06-14,Multan,Dessert,Ice Cream,489.0,8.5,36.9,4.6,18.0
2024-06-14,Multan,Fine Dining,Continental,2650.0,16.9,41.8,4.3,231.0
2024-06-14,Faisalabad,Fast Food,Burgers,1021.0,17.9,32.6,3.8,87.0
2024-06-14,Faisalabad,Fine Dining,Steakhouse,5158.0,30.4,50.1,4.2,21.0
2024-06-15,Faisalabad,Fast Food,Pizza,1840.0,8.9,26.6,4.5,342.0
2024-06-15,Lahore,Fast Food,Pizza,655.0,10.1,46.2,4.6,94.0
2024-06-15,Faisalabad,Dessert,Cakes,736.0,20.5,36.1,5.0,32.0
2024-06-15,Lahore,Fast Food,Pizza,765.0,0.9,19.5,5.0,156.0
2024-06-15,Lahore,Fast Food,Pizza,934.0,19.4,21.8,4.9,72.0
2024-06-15,Lahore,Fast Food,Burgers,704.0,0.8,33.4,4.0,52.0
2024-06-15,Lahore,Cloud Kitchen,Chinese,975.0,17.0,85.8,5.0,16.0
2024-06-15,Lahore,Dessert,Cakes,512.0,5.1,28.2,4.7,94.0
2024-06-16,Karachi,Dessert,Ice Cream,1050.0,2.0,28.1,4.9,239.0
2024-06-16,Karachi,Cafe,Coffee & Snacks,423.0,9.3,35.8,4.7,52.0
2024-06-16,Karachi,Cloud Kitchen,Italian,1681.0,18.5,14.1,5.0,164.0
2024-06-16,Karachi,Fast Food,Pizza,800.0,9.3,37.8,4.3,67.0
2024-06-17,Karachi,Fast Food,Pizza,1234.0,2.8,31.6,4.0,251.0
2024-06-17,Lahore,Cafe,Breakfast,204.0,16.8,30.9,4.9,-21.0
2024-06-17,Lahore,Fast Food,Pizza,1064.0,15.9,33.4,4.4,183.0
2024-06-17,Karachi,Cloud Kitchen,Italian,2280.0,27.0,20.3,5.0,130.0
2024-06-17,Multan,Fast Food,Fried Chicken,773.0,7.6,28.8,4.7,119.0
2024-06-17,Faisalabad,Fine Dining,Fusion,1451.0,1.2,24.8,5.0,231.0
2024-06-17,Multan,Cloud Kitchen,Biryani,13442.905795756647,4.2,23.2,4.6,-4232.584885619961
2024-06-17,Islamabad,Fine Dining,Seafood,2510.0,5.6,26.1,4.9,387.0
2024-06-17,Faisalabad,Fast Food,Pizza,536.0,12.4,28.1,4.9,26.0
2024-06-17,Lahore,Dessert,Sweets,769.0,3.5,35.6,5.0,181.0
2024-06-17,Lahore,Fast Food,Pizza,667.0,11.7,28.1,4.9,107.0
2024-06-18,Karachi,Dessert,Ice Cream,392.0,17.4,25.3,4.6,39.0
2024-06-18,Karachi,Cloud Kitchen,Chinese,993.0,18.5,26.1,5.0,71.0
2024-06-18,Karachi,Fast Food,Fried Chicken,527.0,33.6,24.4,5.0,-47.0
2024-06-18,Karachi,Fast Food,Pizza,385.0,18.1,28.3,4.1,9.0
2024-06-18,Islamabad,Cafe,Coffee & Snacks,625.0,3.9,42.4,3.9,71.0
2024-06-18,Multan,Fast Food,Fried Chicken,584.0,16.3,38.2,4.8,-29.0
2024-06-18,Karachi,Fast Food,Sandwiches,584.0,14.8,52.9,3.9,2.0
2024-06-19,Karachi,Fast Food,Burgers,679.0,17.5,37.8,5.0,37.0
2024-06-19,Multan,Fast Food,Burgers,293.0,13.8,31.4,4.5,-46.0
2024-06-19,Lahore,Cloud Kitchen,Chinese,796.0,2.3,32.4,4.7,89.0
2024-06-19,Lahore,Fast Food,Sandwiches,669.0,10.3,46.0,4.0,50.0
2024-06-19,Islamabad,Fine Dining,Fusion,4004.0,21.5,21.6,4.8,247.0
2024-06-19,Faisalabad,Dessert,Ice Cream,407.0,4.0,34.2,4.4,80.0
2024-06-20,Karachi,Dessert,Ice Cream,393.0,5.2,39.7,4.2,21.0
2024-06-20,Islamabad,Cafe,Coffee & Snacks,651.0,9.5,24.5,5.0,118.0
2024-06-20,Karachi,Cloud Kitchen,Biryani,1169.0,14.4,30.9,4.7,113.0
2024-06-20,Islamabad,Cafe,Sandwiches,471.0,21.0,32.5,4.3,-8.0
2024-06-20,Multan,Fast Food,Sandwiches,421.0,7.8,21.5,4.3,-1.0
2024-06-20,Multan,Cloud Kitchen,Indian,1146.0,8.9,29.5,4.5,181.0
2024-06-20,Islamabad,Fast Food,Pizza,469.0,9.1,34.5,4.3,62.0
2024-06-20,Karachi,Cafe,Sandwiches,471.0,7.7,28.1,4.3,106.0
2024-06-20,Lahore,Cafe,Breakfast,400.0,4.6,31.6,4.6,-29.0
2024-06-21,Islamabad,Fine Dining,Steakhouse,1789.0,0.9,28.7,4.0,326.0
2024-06-21,Karachi,Dessert,Cakes,635.0,12.2,22.0,4.8,133.0
2024-06-21,Karachi,Cafe,Coffee & Snacks,476.0,8.2,79.8,5.0,-28.0
2024-06-21,Islamabad,Fast Food,Pizza,1100.0,7.1,34.8,4.1,263.0
2024-06-21,Multan,Cafe,Sandwiches,410.0,5.0,94.8,5.0,24.0
2024-06-21,Karachi,Cafe,Breakfast,428.0,3.5,24.5,4.3,18.0
2024-06-21,Islamabad,Cafe,Bakery,800.0,12.7,33.2,4.3,97.0
2024-06-21,Karachi,Cloud Kitchen,Chinese,683.0,4.0,39.6,3.9,66.0
2024-06-21,Lahore,Cafe,Bakery,371.0,16.0,43.6,4.5,-10.0
2024-06-22,Karachi,Dessert,Bakery,449.0,11.7,23.6,4.9,131.0
2024-06-22,Karachi,Cafe,Bakery,532.0,5.1,36.6,4.6,64.0
2024-06-22,Lahore,Fast Food,Fried Chicken,515.0,8.4,32.3,4.7,76.0
2024-06-22,Faisalabad,Dessert,Sweets,628.0,3.2,88.8,3.5,71.0
2024-06-22,Lahore,Cafe,Coffee & Snacks,321.0,36.5,36.8,4.6,-25.0
2024-06-22,Faisalabad,Cloud Kitchen,Chinese,11201.945984864074,7.6,19.0,5.0,-5202.625724236066
2024-06-22,Karachi,Fast Food,Pizza,474.0,12.1,40.7,4.5,60.0
2024-06-22,Islamabad,Fast Food,Sandwiches,1818.0,1.7,28.1,4.5,516.0
2024-06-22,Karachi,Fast Food,Burgers,1588.0,21.1,18.4,5.0,201.0
2024-06-22,Karachi,Dessert,Cakes,851.0,9.3,41.0,4.1,165.0
2024-06-22,Faisalabad,Fine Dining,Continental,4368.0,9.6,35.1,4.6,651.0
2024-06-22,Islamabad,Fine Dining,Continental,2361.0,19.3,33.5,4.3,219.0
2024-06-22,Karachi,Fast Food,Burgers,812.0,11.0,28.9,4.9,140.0
2024-06-23,Karachi,Fast Food,Burgers,576.0,25.2,29.4,4.3,-51.0
2024-06-23,Karachi,Fast Food,Burgers,719.0,2.9,49.4,4.1,75.0
2024-06-23,Karachi,Fast Food,Fried Chicken,531.0,18.4,32.6,4.0,24.0
2024-06-23,Islamabad,Fast Food,Sandwiches,771.0,9.3,31.9,5.0,133.0
2024-06-23,Islamabad,Dessert,Sweets,787.0,11.6,109.1,4.7,84.0
2024-06-23,Islamabad,Fast Food,Fried Chicken,535.0,5.4,29.4,4.7,29.0
2024-06-23,Karachi,Fine Dining,Seafood,3036.0,15.8,26.7,4.8,288.0
2024-06-23,Faisalabad,Cafe,Coffee & Snacks,622.0,7.7,41.3,4.4,42.0
2024-06-23,Karachi,Fast Food,Sandwiches,460.0,15.0,31.7,5.0,26.0
2024-06-24,Karachi,Fast Food,Fried Chicken,914.0,6.8,35.1,4.6,110.0
2024-06-24,Islamabad,Fast Food,Fried Chicken,575.0,3.3,17.2,5.0,87.0
2024-06-24,Faisalabad,Cloud Kitchen,Chinese,2027.0,20.3,34.0,5.0,208.0
2024-06-24,Karachi,Fine Dining,Fusion,5235.0,2.7,44.2,4.3,1034.0
2024-06-24,Karachi,Cafe,Sandwiches,611.0,10.4,37.0,4.8,93.0
2024-06-24,Islamabad,Dessert,Bakery,940.0,22.1,99.4,3.1,84.0
2024-06-24,Islamabad,Fine Dining,Seafood,3341.0,6.9,25.4,5.0,512.0
2024-06-25,Lahore,Fast Food,Burgers,798.0,6.6,31.7,4.6,130.0
2024-06-25,Lahore,Fast Food,Burgers,656.0,8.7,22.1,4.8,85.0
2024-06-25,Lahore,Fine Dining,Fusion,3029.0,8.5,29.3,4.6,428.0
2024-06-25,Faisalabad,Fast Food,Pizza,724.0,10.3,37.3,4.9,47.0
2024-06-25,Lahore,Dessert,Sweets,1011.0,2.6,32.5,4.9,308.0
2024-06-25,Islamabad,Dessert,Bakery,521.0,3.7,35.9,4.6,151.0
2024-06-25,Islamabad,Cafe,Sandwiches,491.0,4.4,23.4,4.6,70.0
2024-06-25,Lahore,Cafe,Breakfast,640.0,3.6,33.2,4.8,87.0
2024-06-25,Lahore,Cloud Kitchen,Biryani,1707.0,18.7,32.2,5.0,134.0
2024-06-26,Islamabad,Cloud Kitchen,Indian,1787.0,8.7,16.7,4.3,295.0
2024-06-26,Karachi,Fast Food,Fried Chicken,427.0,10.5,17.7,4.6,53.0
2024-06-26,Karachi,Fine Dining,Fusion,6561.0,21.7,86.6,3.5,393.0
2024-06-26,Karachi,Cafe,Breakfast,252.0,12.3,34.2,4.4,16.0
2024-06-26,Lahore,Cafe,Sandwiches,923.0,18.9,48.3,4.7,126.0
2024-06-26,Lahore,Fast Food,Burgers,881.0,12.9,20.2,4.2,145.0
2024-06-26,Karachi,Cafe,Coffee & Snacks,323.0,9.5,23.1,4.7,9.0
2024-06-27,Lahore,Cloud Kitchen,Indian,2979.0,29.1,29.6,4.7,130.0
2024-06-27,Lahore,Fast Food,Fried Chicken,459.0,6.3,112.6,2.9,-103.0
2024-06-27,Islamabad,Fast Food,Burgers,1123.0,3.0,35.4,4.9,218.0
2024-06-27,Islamabad,Fast Food,Fried Chicken,971.0,16.6,31.5,4.5,57.0
2024-06-27,Faisalabad,Fast Food,Fried Chicken,1307.0,30.4,26.8,4.1,16.0
2024-06-27,Lahore,Cafe,Sandwiches,1093.0,18.2,42.9,4.2,119.0
2024-06-28,Karachi,Fast Food,Burgers,602.0,7.6,22.6,4.8,61.0
2024-06-28,Karachi,Fine Dining,Fusion,2505.0,2.5,32.9,4.0,445.0
2024-06-28,Karachi,Fine Dining,Seafood,2218.0,7.5,88.4,4.7,288.0
2024-06-28,Karachi,Fast Food,Fried Chicken,536.0,15.0,26.7,4.4,15.0
2024-06-28,Islamabad,Fast Food,Pizza,2043.0,7.6,33.8,5.0,393.0
2024-06-28,Lahore,Fast Food,Pizza,606.0,35.5,26.7,4.8,-67.0
2024-06-28,Faisalabad,Cloud Kitchen,Indian,611.0,4.1,49.3,4.3,63.0
2024-06-28,Faisalabad,Cloud Kitchen,Italian,1363.0,13.9,28.3,4.7,158.0
2024-06-28,Faisalabad,Fast Food,Fried Chicken,322.0,22.3,43.1,4.1,-14.0
2024-06-28,Islamabad,Fast Food,Burgers,527.0,7.7,22.3,4.4,31.0
2024-06-29,Karachi,Fast Food,Burgers,365.0,18.6,30.4,5.0,-17.0
2024-06-29,Lahore,Fast Food,Burgers,370.0,2.0,35.7,4.8,15.0
2024-06-29,Karachi,Fast Food,Sandwiches,643.0,15.4,36.7,4.3,18.0
2024-06-29,Faisalabad,Fine Dining,Seafood,1717.0,14.6,38.7,4.8,140.0
2024-06-29,Karachi,Cloud Kitchen,Indian,675.0,19.4,43.4,3.7,-40.0
2024-06-29,Faisalabad,Fast Food,Fried Chicken,928.0,3.3,31.5,4.1,152.0
2024-06-30,Multan,Dessert,Cakes,592.0,7.9,21.0,5.0,132.0
2024-06-30,Faisalabad,Fast Food,Burgers,797.0,20.3,38.6,4.4,50.0
2024-06-30,Karachi,Fast Food,Burgers,14203.91703807961,19.2,24.8,4.8,-4593.671812139311
2024-06-30,Multan,Cafe,Bakery,518.0,10.0,21.8,4.7,61.0
2024-06-30,Islamabad,Dessert,Cakes,447.0,5.2,45.6,3.8,46.0
2024-06-30,Karachi,Fast Food,Sandwiches,455.0,15.4,25.1,5.0,-11.0
2024-06-30,Multan,Cloud Kitchen,Biryani,826.0,15.1,23.0,5.0,136.0
2024-06-30,Lahore,Cafe,Bakery,428.0,12.5,38.1,4.4,-20.0
2024-06-30,Karachi,Fast Food,Fried Chicken,776.0,10.3,36.2,4.6,91.0
